arm,split_regime,fold,n_train,best_epoch_patience15,best_epoch_patience30
blosum_nn,allele,0,22879,4.0,4.0
blosum_nn,allele,1,20511,7.0,7.0
blosum_nn,allele,2,21409,16.0,16.0
blosum_nn,allele,3,21704,9.0,9.0
blosum_nn,allele,4,21621,23.0,23.0
blosum_nn,allele_strict,0,7794,9.0,9.0
blosum_nn,locus,0,13696,13.0,
blosum_nn,locus,1,13335,21.0,
blosum_nn,peptide,0,21576,24.0,
blosum_nn,peptide,1,21884,28.0,
blosum_nn,peptide,2,21504,24.0,
blosum_nn,peptide,3,21520,23.0,
blosum_nn,peptide,4,21640,15.0,
esm2_joint_nn,allele,0,22879,1.0,1.0
esm2_joint_nn,allele,1,20511,9.0,88.0
esm2_joint_nn,allele,2,21409,1.0,1.0
esm2_joint_nn,allele,3,21704,21.0,92.0
esm2_joint_nn,allele,4,21621,2.0,2.0
esm2_joint_nn,allele_strict,0,7794,1.0,1.0
esm2_joint_nn,locus,0,13696,45.0,
esm2_joint_nn,locus,1,13335,29.0,
esm2_joint_nn,peptide,0,21576,13.0,
esm2_joint_nn,peptide,1,21884,11.0,
esm2_joint_nn,peptide,2,21504,20.0,
esm2_joint_nn,peptide,3,21520,56.0,
esm2_joint_nn,peptide,4,21640,8.0,
esm2_mean_nn,allele,0,22879,1.0,1.0
esm2_mean_nn,allele,1,20511,18.0,18.0
esm2_mean_nn,allele,2,21409,9.0,9.0
esm2_mean_nn,allele,3,21704,22.0,39.0
esm2_mean_nn,allele,4,21621,4.0,4.0
esm2_mean_nn,allele_strict,0,7794,7.0,7.0
esm2_mean_nn,locus,0,13696,6.0,
esm2_mean_nn,locus,1,13335,22.0,
esm2_mean_nn,peptide,0,21576,8.0,
esm2_mean_nn,peptide,1,21884,8.0,
esm2_mean_nn,peptide,2,21504,7.0,
esm2_mean_nn,peptide,3,21520,8.0,
esm2_mean_nn,peptide,4,21640,15.0,
