arm,split_regime,fold,patience,n_train,seed,training_row_ids_sha256,best_epoch,seconds,pooled_spearman,pearson,rmse_log1p,auc_2h,auc_6h,macro_within_allele_spearman,pooled_minus_macro,macro_eligible_alleles,macro_excluded_alleles
blosum_nn,allele,0,30,22879,0,fa0ada10e785e1e10a02df87a992c8906f8bea546a168c60cbd653e23f703299,4,4.189275750017259,0.36933151388268715,0.402632389468624,1.0792825051212585,0.7052004525423798,0.7326050922996507,0.263801307522745,0.10553020635994215,12,3
blosum_nn,allele,1,30,20511,1,c38cde5afc6fb7aaeb3b46ab44bf7f16beb042c0a5bbff6c87f6873bbc73eb04,7,3.642734749999363,0.2757113555069626,0.25130534760291445,1.2762882232025803,0.6143885234021327,0.6174029770748927,0.2709225713335745,0.004788784173388072,15,0
blosum_nn,allele,2,30,21409,2,2a1f9594d8e994012108ac7113ce949eefc8b1c748ee79253299858ea4f707ce,16,3.318250166979851,0.5132481934726801,0.4699369431700139,1.051768474954097,0.7780461499712612,0.781788994587502,0.4432579184993609,0.06999027497331922,14,0
blosum_nn,allele,3,30,21704,3,7ba51e28af2de2a215be146b4f20d8ca58e076582f4586f9f8255ddb79a97ab4,9,2.89415924999048,0.5470026097101471,0.6187680628653565,0.8788246827262911,0.7943150251062185,0.8156690124183709,0.4201589163225172,0.12684369338762996,13,1
blosum_nn,allele,4,30,21621,4,9f6ff0c4090891a4471392d2258d7ccb054288d803102fda1516b3ef767e8b94,23,3.762331207981333,0.6573129088139664,0.6647715287721924,0.8721061097808636,0.829071375238327,0.8246489325872942,0.5636084702583946,0.09370443855557187,14,0
blosum_nn,allele_strict,0,30,7794,0,0adcacbfac9aea15b2499cb8d9baf1a0e15127e70094647fded12ed463baa9aa,9,1.0602047080174088,0.21522618672718904,0.3310827195501279,1.1778759778604373,0.6467786020286665,0.6850484194888442,0.146500993408286,0.06872519331890303,12,3
esm2_mean_nn,allele,0,30,22879,0,fa0ada10e785e1e10a02df87a992c8906f8bea546a168c60cbd653e23f703299,1,6.0761776250146795,0.06217544253574167,0.08519406074576671,1.2735186143702895,0.5412553652458909,0.5452361137857988,0.04684569870212029,0.01532974383362138,12,3
esm2_mean_nn,allele,1,30,20511,1,c38cde5afc6fb7aaeb3b46ab44bf7f16beb042c0a5bbff6c87f6873bbc73eb04,18,6.7529110830219,0.14330123700661448,0.1337833481220343,1.4562443132353147,0.530608747211791,0.544423852973457,0.23007851576406643,-0.08677727875745195,15,0
esm2_mean_nn,allele,2,30,21409,2,2a1f9594d8e994012108ac7113ce949eefc8b1c748ee79253299858ea4f707ce,9,5.939619583019521,0.37683409927119993,0.42946514233830674,0.9248238984084012,0.7013767273673637,0.7507265868459899,0.28629554195115026,0.09053855732004967,14,0
esm2_mean_nn,allele,3,30,21704,3,7ba51e28af2de2a215be146b4f20d8ca58e076582f4586f9f8255ddb79a97ab4,39,11.43805137500749,0.3649830460725988,0.41901313510603666,1.1138910482938618,0.6757951332560834,0.7011797884338518,0.3034793648138375,0.06150368125876127,13,1
esm2_mean_nn,allele,4,30,21621,4,9f6ff0c4090891a4471392d2258d7ccb054288d803102fda1516b3ef767e8b94,4,6.99161495800945,0.44203850957054797,0.4593123285889784,1.0103825077241277,0.6864574281907045,0.7190039651586877,0.3037846664062819,0.1382538431642661,14,0
esm2_mean_nn,allele_strict,0,30,7794,0,0adcacbfac9aea15b2499cb8d9baf1a0e15127e70094647fded12ed463baa9aa,7,2.8408227920008358,0.10644988341138523,0.16565480911227687,1.199820637266917,0.58422515415492,0.595434537401304,-0.027322974518447354,0.13377285792983257,12,3
esm2_joint_nn,allele,0,30,22879,0,fa0ada10e785e1e10a02df87a992c8906f8bea546a168c60cbd653e23f703299,1,66.44328750000568,0.20100349888108396,0.22295142641703836,1.3435648274541543,0.6370018607020544,0.6590535503039974,0.09255470634984125,0.1084487925312427,12,3
esm2_joint_nn,allele,1,30,20511,1,c38cde5afc6fb7aaeb3b46ab44bf7f16beb042c0a5bbff6c87f6873bbc73eb04,88,309.8917391250143,0.19635005613916287,0.24511101912080502,1.2808023264876336,0.5627669386641068,0.5929428552851526,0.2348342195157211,-0.03848416337655822,15,0
esm2_joint_nn,allele,2,30,21409,2,2a1f9594d8e994012108ac7113ce949eefc8b1c748ee79253299858ea4f707ce,1,61.798535000009,0.38504056767556966,0.4445235647613709,0.9008610827858374,0.7124184537776838,0.7202584262752173,0.2484602214369727,0.13658034623859697,14,0
esm2_joint_nn,allele,3,30,21704,3,7ba51e28af2de2a215be146b4f20d8ca58e076582f4586f9f8255ddb79a97ab4,92,173.58394633300486,0.3799406067215166,0.44845071523643903,1.0683261939825364,0.7010283507145616,0.7379530775595788,0.3179166617431814,0.06202394497833519,13,1
esm2_joint_nn,allele,4,30,21621,4,9f6ff0c4090891a4471392d2258d7ccb054288d803102fda1516b3ef767e8b94,2,74.63157150000916,0.4493936338188088,0.5178874000971561,1.0204016992630909,0.7059304431002584,0.7496499029055712,0.3865529274762926,0.0628407063425162,14,0
esm2_joint_nn,allele_strict,0,30,7794,0,0adcacbfac9aea15b2499cb8d9baf1a0e15127e70094647fded12ed463baa9aa,1,12.893858416005969,0.08265363270961289,0.13776186194169632,1.2287653547840067,0.5844233460312525,0.6070504002861151,0.015344741460585924,0.06730889124902696,12,3
