seed,labels_acquired,rmse_log1p,mae_log1p,constant_rmse_log1p
0,29,1.0524105523822889,0.9308590853193414,1.0985440820793781
0,58,0.9892094130618222,0.8642093615316091,1.1047096651066177
0,146,0.9501756988756257,0.8064184379530728,1.0972861404756757
0,292,0.9070459495228427,0.7531053535075538,1.099072132402373
0,585,0.8460346819008095,0.7017003621039924,1.0978751960360806
1,29,1.04617259556209,0.9111303388729969,1.1043856683218458
1,58,1.0385051447071747,0.8980849530107846,1.1132066317564302
1,146,0.9845886144740664,0.837865857631417,1.1034281231523926
1,292,0.9024143982788826,0.7637684838288004,1.1009081436935335
1,585,0.8460346819008348,0.7017003621040246,1.0978751960360806
2,29,1.152947103142334,0.9850001561685603,1.2277369681108776
2,58,1.0540712065619036,0.9106363802399036,1.126979385027917
2,146,0.9414984780843395,0.8101163486007569,1.1044881300480125
2,292,0.9134405845637871,0.7721544160355105,1.098370687011513
2,585,0.8460346819007962,0.7017003621039785,1.0978751960360806
3,29,1.0528717890340484,0.9294385223504237,1.1106665324318332
3,58,1.0013273068389439,0.8830533301860468,1.097269710161529
3,146,0.9559381941951323,0.8321519613675611,1.0996615267158267
3,292,0.9048934286222812,0.7693529980142163,1.0983528682638755
3,585,0.84603468190073,0.7017003621038906,1.0978751960360806
4,29,1.0246181980241775,0.8962016757977884,1.0996794055376082
4,58,1.0071113232881488,0.8793318964540583,1.1004688463425538
4,146,0.9805003528588702,0.8482446281833789,1.0974808144961585
4,292,0.9466344973457967,0.8028426740348138,1.0972476278763916
4,585,0.8460346819007674,0.7017003621039374,1.0978751960360806
