policy,labels_acquired,rmse_mean,rmse_sd,mae_mean
embdiv,173,1.0485827820755018,0.041245104144982225,0.8481247150798545
embdiv,346,1.0221175192891632,0.013139310952287616,0.8188078674412378
embdiv,519,1.0122506360993895,0.01061968198841716,0.8080402355372638
embdiv,692,1.005189725547168,0.011017948261246975,0.8002308008638828
embdiv,865,0.9967573299195085,0.011075781551683562,0.7944494147097709
embdiv,1038,0.9892150132733504,0.012676920493757043,0.7906203877138787
embdiv,1211,0.9844374959147564,0.012643621265695914,0.7860828906589431
embdiv,1384,0.97834269469135,0.0071987571267137064,0.7810098110463131
embdiv,1557,0.9714601220228444,0.004345140078244905,0.7765754357347905
embdiv,1730,0.9660878390629122,0.004591237951191922,0.7725093706655455
embdiv,1903,0.9600429053179302,0.004248269494576223,0.7687202537559195
embdiv,2076,0.9570305251498347,0.0033182659670045692,0.7668093191612226
random,173,1.0485827820755018,0.041245104144982225,0.8481247150798545
random,346,1.0161863046645458,0.009258766792087732,0.8243653498698581
random,519,1.001764036727515,0.009381996158869898,0.8104327246731187
random,692,0.9922163833982065,0.009543828779333331,0.8028549180807387
random,865,0.9799487717137945,0.010863103654937749,0.7928622107969607
random,1038,0.9691223029684709,0.010131931957351216,0.7834429357690136
random,1211,0.9644607145987688,0.006833167165661501,0.778941427571154
random,1384,0.9579571773301151,0.008210746882793706,0.7725404790112752
random,1557,0.9519566675308718,0.008745302319957534,0.767900546781385
random,1730,0.9462521129382899,0.00546087543182772,0.7624253205221025
random,1903,0.9397793852174946,0.004869917686935994,0.7561903313168107
random,2076,0.937223164957022,0.004034649210739468,0.7549295868241913
seqdiv,173,1.0485827820755018,0.041245104144982225,0.8481247150798545
seqdiv,346,1.0294008788476352,0.010192535489959754,0.8313922915278746
seqdiv,519,1.025228972271203,0.008761316151116662,0.8232960253352368
seqdiv,692,1.0089435321908402,0.007107902241127335,0.8114083332696357
seqdiv,865,0.9971152570000003,0.010593740394022182,0.8013917402646701
seqdiv,1038,0.9905646782081895,0.00729984812165736,0.794433313879942
seqdiv,1211,0.9833668048686824,0.003877199678148585,0.7878223697912333
seqdiv,1384,0.9722310520578595,0.0039017936618858987,0.7799471782327213
seqdiv,1557,0.9633299434870617,0.008417897734582333,0.7740797931474954
seqdiv,1730,0.9589608293020998,0.003980588075725175,0.7709405228246718
seqdiv,1903,0.9554934919717277,0.003215686141502997,0.7697666253361508
seqdiv,2076,0.952826324478971,0.00256224482483744,0.7679935402035329
