allele,locus,n_rows,zero_count,zero_fraction,n_distinct_nonzero
HLA-A*01:01,A,220,13,0.05909090909090909,119
HLA-A*02:01,A,1023,16,0.015640273704789834,357
HLA-A*02:03,A,379,14,0.036939313984168866,200
HLA-A*02:05,A,21,0,0.0,20
HLA-A*02:10,A,370,18,0.04864864864864865,135
HLA-A*02:11,A,379,4,0.010554089709762533,203
HLA-A*02:12,A,372,9,0.024193548387096774,211
HLA-A*02:16,A,373,5,0.013404825737265416,204
HLA-A*02:19,A,354,16,0.04519774011299435,184
HLA-A*02:50,A,375,2,0.005333333333333333,183
HLA-A*03:01,A,861,178,0.2067363530778165,246
HLA-A*11:01,A,577,29,0.05025996533795494,282
HLA-A*23:01,A,372,0,0.0,199
HLA-A*24:02,A,573,10,0.017452006980802792,208
HLA-A*24:03,A,512,0,0.0,198
HLA-A*24:07,A,352,4,0.011363636363636364,138
HLA-A*24:19,A,378,98,0.25925925925925924,41
HLA-A*25:01,A,363,107,0.29476584022038566,95
HLA-A*26:01,A,272,15,0.05514705882352941,91
HLA-A*26:02,A,343,28,0.08163265306122448,118
HLA-A*26:03,A,341,98,0.2873900293255132,79
HLA-A*29:02,A,383,16,0.04177545691906005,137
HLA-A*30:01,A,386,118,0.30569948186528495,107
HLA-A*30:02,A,367,23,0.06267029972752043,89
HLA-A*31:01,A,382,34,0.08900523560209424,170
HLA-A*32:01,A,32,4,0.125,18
HLA-A*32:07,A,364,133,0.36538461538461536,128
HLA-A*33:03,A,371,136,0.3665768194070081,128
HLA-A*43:01,A,359,81,0.22562674094707522,53
HLA-A*66:01,A,382,148,0.387434554973822,45
HLA-A*68:01,A,387,100,0.25839793281653745,140
HLA-A*68:02,A,16,0,0.0,13
HLA-A*68:23,A,369,56,0.15176151761517614,71
HLA-A*69:01,A,15,5,0.3333333333333333,8
HLA-A*74:01,A,361,57,0.15789473684210525,168
HLA-A*80:01,A,351,169,0.48148148148148145,30
HLA-B*07:02,B,647,49,0.07573415765069552,153
HLA-B*08:01,B,465,134,0.28817204301075267,35
HLA-B*08:03,B,350,147,0.42,34
HLA-B*13:02,B,7,3,0.42857142857142855,4
HLA-B*15:01,B,1070,58,0.05420560747663551,164
HLA-B*15:02,B,349,78,0.22349570200573066,64
HLA-B*15:10,B,363,59,0.162534435261708,63
HLA-B*15:17,B,362,27,0.07458563535911603,69
HLA-B*18:01,B,359,44,0.12256267409470752,88
HLA-B*27:02,B,359,120,0.3342618384401114,124
HLA-B*27:03,B,368,131,0.35597826086956524,100
HLA-B*27:05,B,366,59,0.16120218579234974,124
HLA-B*27:20,B,368,117,0.3179347826086957,73
HLA-B*35:01,B,650,85,0.13076923076923078,92
HLA-B*35:03,B,376,19,0.05053191489361702,80
HLA-B*35:08,B,27,2,0.07407407407407407,17
HLA-B*39:01,B,680,133,0.19558823529411765,87
HLA-B*39:02,B,375,69,0.184,103
HLA-B*39:10,B,376,35,0.09308510638297872,191
HLA-B*40:01,B,302,19,0.06291390728476821,34
HLA-B*40:02,B,19,0,0.0,19
HLA-B*41:01,B,368,220,0.5978260869565217,37
HLA-B*42:01,B,350,8,0.022857142857142857,215
HLA-B*42:02,B,376,36,0.09574468085106383,114
HLA-B*44:05,B,352,20,0.056818181818181816,118
HLA-B*45:01,B,368,247,0.6711956521739131,51
HLA-B*46:01,B,361,148,0.4099722991689751,57
HLA-B*51:01,B,353,179,0.5070821529745042,93
HLA-B*54:01,B,357,147,0.4117647058823529,80
HLA-B*55:01,B,378,210,0.5555555555555556,61
HLA-B*56:01,B,368,178,0.483695652173913,73
HLA-B*57:01,B,349,46,0.1318051575931232,123
HLA-B*57:02,B,363,24,0.06611570247933884,80
HLA-B*57:03,B,369,2,0.005420054200542005,87
HLA-B*58:01,B,379,59,0.15567282321899736,143
HLA-B*81:01,B,367,55,0.14986376021798364,39
