predictor,labels_acquired,rmse_mean,rmse_sd,mae_mean
esm2_ridge,173,1.2625318954571028,0.0654459868949583,1.0001861403356593
esm2_ridge,346,1.2271387738140818,0.04456595817510115,0.9728642243679358
esm2_ridge,519,1.2163298135923293,0.030515809782024814,0.9591568232470908
esm2_ridge,692,1.2093197117482408,0.039543994375902336,0.9510564140291844
esm2_ridge,865,1.2018956467527337,0.030354361582426822,0.9440624513962559
esm2_ridge,1038,1.1885431107407771,0.02275439110350694,0.935501673094668
esm2_ridge,1211,1.1826479632406302,0.02195526759797687,0.9292480191936591
esm2_ridge,1384,1.1609662744100102,0.021308093719139172,0.9121345140238761
esm2_ridge,1557,1.1442122212197106,0.022302494038428097,0.898424910487148
esm2_ridge,1728,1.1350410162002231,0.025121360807653675,0.8901517069077398
esm2_ridge,1903,1.1220271224553091,0.02157932646792954,0.879443506570202
esm2_ridge,2076,1.1147798912386513,0.021268490548965405,0.8730889342462916
onehot_ridge,173,1.0159629372126797,0.010616903618914934,0.8289296782707337
onehot_ridge,346,0.9922386027584725,0.013484911321466841,0.8061936051802903
onehot_ridge,519,0.9719444894642975,0.014012236727097003,0.7877243128343734
onehot_ridge,692,0.9586992014375294,0.010533849676903191,0.7748071219282971
onehot_ridge,865,0.9447670131940212,0.008969110738784834,0.7633720422733684
onehot_ridge,1038,0.9358396284801362,0.008618359356037707,0.7558144932609816
onehot_ridge,1211,0.9306023305403596,0.005823638066542713,0.7512329540061421
onehot_ridge,1384,0.9257156832910534,0.007026328415096001,0.7471315004746103
onehot_ridge,1557,0.9214008708496705,0.005394821381109125,0.7441796234480964
onehot_ridge,1728,0.9185824691948706,0.006898937515347574,0.7411813034492389
onehot_ridge,1903,0.9150178053624922,0.0060320757547560905,0.7388747640161539
onehot_ridge,2076,0.9121276289069306,0.005483196970420479,0.7365217851410227
