allele,fold,split_regime,locus,n_train_rows,n_test_rows,zero_count,zero_fraction,n_distinct_nonzero,n_fold_train_rows,nearest_train_allele,nearest_train_allele_rows,max_identity_to_train,max_identity_to_train_allele
HLA-A*02:16,0,allele_strict,A,0,373,5,0.013404825737265416,204,7794,HLA-A*02:01,587,0.9705882352941176,0.9705882352941176
HLA-A*30:01,0,allele_strict,A,0,386,118,0.30569948186528495,107,7794,HLA-A*03:01,346,0.8823529411764706,0.8823529411764706
HLA-A*32:07,0,allele_strict,A,0,364,133,0.36538461538461536,128,7794,HLA-A*32:01,18,0.9705882352941176,0.9705882352941176
HLA-A*33:03,0,allele_strict,A,0,371,136,0.3665768194070081,128,7794,HLA-A*31:01,3,0.9411764705882353,0.9411764705882353
HLA-A*43:01,0,allele_strict,A,0,359,81,0.22562674094707522,53,7794,HLA-A*26:01,187,0.9411764705882353,0.9411764705882353
HLA-A*68:01,0,allele_strict,A,0,387,100,0.25839793281653745,140,7794,HLA-A*68:23,207,0.9705882352941176,0.9705882352941176
HLA-A*68:02,0,allele_strict,A,0,16,0,0.0,13,7794,HLA-A*68:23,207,0.9411764705882353,0.9411764705882353
HLA-A*69:01,0,allele_strict,A,0,15,5,0.3333333333333333,8,7794,HLA-A*68:23,207,0.8823529411764706,0.8823529411764706
HLA-A*74:01,0,allele_strict,A,0,361,57,0.15789473684210525,168,7794,HLA-A*31:01,3,0.9411764705882353,0.9411764705882353
HLA-B*15:10,0,allele_strict,B,0,363,59,0.162534435261708,63,7794,HLA-B*15:02,135,0.8529411764705882,0.8529411764705882
HLA-B*27:20,0,allele_strict,B,0,368,117,0.3179347826086957,73,7794,HLA-B*27:05,100,0.8823529411764706,0.8823529411764706
HLA-B*35:08,0,allele_strict,B,0,27,2,0.07407407407407407,17,7794,HLA-B*35:01,192,0.9705882352941176,0.9705882352941176
HLA-B*40:02,0,allele_strict,B,0,19,0,0.0,19,7794,HLA-B*40:01,246,0.9117647058823529,0.9117647058823529
HLA-B*42:02,0,allele_strict,B,0,376,36,0.09574468085106383,114,7794,HLA-B*08:01,242,0.8823529411764706,0.8823529411764706
HLA-B*81:01,0,allele_strict,B,0,367,55,0.14986376021798364,39,7794,HLA-B*07:02,259,0.8529411764705882,0.8529411764705882
