arm,identity_band,support_band,gap,alleles
esm2_complex,<80%,1–100,0.11118739749916517,1
esm2_complex,<80%,101–500,-0.11856972261675328,2
esm2_complex,<80%,501–1000,-0.11068231794576978,4
esm2_complex,80–90%,101–500,-0.17086499878504416,13
esm2_complex,80–90%,501–1000,-0.13364999985712525,3
esm2_complex,90–95%,1–100,0.026622746331222025,1
esm2_complex,90–95%,101–500,-0.2110549983473732,20
esm2_complex,90–95%,501–1000,0.09850525803339974,1
esm2_complex,90–95%,>1000,-0.20082946813430413,4
esm2_complex,95–100%,1–100,-0.3012199494593205,1
esm2_complex,95–100%,101–500,-0.23895231309359344,13
esm2_complex,95–100%,501–1000,-0.28106707016445787,7
esm2_complex,95–100%,>1000,-0.29308776516006135,2
esm2_mean,<80%,1–100,0.37062465833055064,1
esm2_mean,<80%,101–500,-0.11149971731758712,2
esm2_mean,<80%,501–1000,-0.18085227385971883,4
esm2_mean,80–90%,101–500,-0.21396015245544073,13
esm2_mean,80–90%,501–1000,-0.10588833434294094,3
esm2_mean,90–95%,1–100,0.12075773690316877,1
esm2_mean,90–95%,101–500,-0.23844819293417693,20
esm2_mean,90–95%,501–1000,0.24948338370220002,1
esm2_mean,90–95%,>1000,-0.24455216747188419,4
esm2_mean,95–100%,1–100,-0.32407056993948313,1
esm2_mean,95–100%,101–500,-0.25237428776578114,13
esm2_mean,95–100%,501–1000,-0.3279337052075037,7
esm2_mean,95–100%,>1000,-0.38623602501568466,2
