arm,stratifier,band,n_rows,pooled_spearman,pearson,rmse_log1p,auc_2h,auc_6h,macro_within_allele_spearman,pooled_minus_macro,macro_eligible_alleles,macro_excluded_alleles
blosum_nn,identity_band,<80%,1994,0.23016862218889567,0.2346425881110658,0.9452093081896502,0.6679391975691429,0.6661094315775091,0.15323949258276517,0.07692912960613049,6,1
blosum_nn,identity_band,80–90%,7331,0.1969381152968146,0.16470434731822242,1.1545727841672124,0.5909276093851764,0.5583511612609646,0.27556418177472247,-0.07862606647790787,15,1
blosum_nn,identity_band,90–95%,8322,0.5561169140038971,0.49374975487278416,1.0592615068183746,0.7913727303631907,0.8206694910330836,0.39145035424915303,0.16466655975474404,24,2
blosum_nn,identity_band,95–100%,9384,0.5058828150589573,0.5444528464570538,0.9800575311616988,0.747326725636952,0.7703748041736869,0.5365191926513372,-0.030636377592379915,23,0
blosum_ridge,identity_band,<80%,1994,0.28809917306189003,0.3014738303125959,1.1776871544660932,0.6573804208524536,0.6652148664343787,0.05486046333632722,0.23323870972556282,6,1
blosum_ridge,identity_band,80–90%,7331,0.06399644542583327,0.09144246413134449,1.273893433564709,0.5065828780058383,0.518949006593788,0.1635127728472231,-0.09951632742138983,15,1
blosum_ridge,identity_band,90–95%,8322,0.26569260899295544,0.28390347484654604,1.2184682212205988,0.6582989251003979,0.6736786239385483,0.2180368104141482,0.047655798578807224,24,2
blosum_ridge,identity_band,95–100%,9384,0.3476357058152426,0.3349010436544318,1.1083179986595766,0.6594479201332929,0.6827965792151747,0.3287913425145831,0.018844363300659528,23,0
esm2_joint,identity_band,<80%,1994,-0.07166399315553651,-0.072889484792511,0.9797068383856897,0.4436934143619,0.445235106237617,0.03992803974666755,-0.11159203290220407,6,1
esm2_joint,identity_band,80–90%,7331,-0.10399516531135515,-0.0723505400466151,1.1724328213525181,0.42344959159776463,0.45187853902623,0.10597384636056308,-0.20996901167191823,15,1
esm2_joint,identity_band,90–95%,8322,0.3573327456539187,0.3949822243511498,1.0431044785009775,0.6980993516509602,0.7434125515762888,0.20097859467391754,0.15635415098000116,24,2
esm2_joint,identity_band,95–100%,9384,0.32651350984645716,0.35327868055666356,1.0592483753122566,0.6527438549496016,0.677267626479518,0.27733462564493006,0.04917888420152711,23,0
esm2_mean,identity_band,<80%,1994,0.21480724753041527,0.16507314484022045,0.9223981883078258,0.5748919963619827,0.5703482612557218,-0.00449526242957643,0.2193025099599917,6,1
esm2_mean,identity_band,80–90%,7331,-0.20859102651944258,-0.19485586321661877,1.245293846478501,0.3619054642722337,0.35679647965380845,0.07539161919036724,-0.2839826457098098,15,1
esm2_mean,identity_band,90–95%,8322,0.3439246771275971,0.37457751417010443,1.1071521996043137,0.693778713891198,0.7307131174072011,0.17319858474805158,0.17072609237954553,24,2
esm2_mean,identity_band,95–100%,9384,0.2064706779826155,0.22421228883248134,1.19935748736454,0.5877076136155236,0.6160626137481684,0.24639117972183575,-0.03992050173922024,23,0
onehot_ridge,identity_band,<80%,1994,0.021967370144989624,0.004121314840280308,0.9730665185733046,0.5337860184381331,0.5361893232902918,0.055857585101176006,-0.03389021495618638,6,1
onehot_ridge,identity_band,80–90%,7331,0.04270604330626156,0.06811069001884916,1.0943809508859004,0.5110346319618898,0.5425058850974018,0.1631460818161436,-0.12044003850988204,15,1
onehot_ridge,identity_band,90–95%,8322,0.24987759655079492,0.28067982045395296,1.0866916405604388,0.6424469705776334,0.6743087436612957,0.21837345565885544,0.03150414089193948,24,2
onehot_ridge,identity_band,95–100%,9384,0.23822273792460238,0.2539123008689964,1.1093712852594468,0.6161335097704107,0.6359137804718411,0.32882022151448975,-0.09059748358988737,23,0
blosum_nn,n_train_rows_band,0,27031,0.446054950865319,0.45582641291365167,1.0518187981563771,0.7241017371775029,0.7350212037371827,0.39393602375114495,0.05211892711417404,68,4
blosum_ridge,n_train_rows_band,0,27031,0.2456776256170728,0.25168216752210515,1.1941297917843074,0.6183196893547136,0.6351078647495585,0.2290726279485482,0.01660499766852458,68,4
esm2_joint,n_train_rows_band,0,27031,0.22984156443086518,0.2730265351882597,1.0807862738171963,0.608679625663061,0.6448576576278185,0.1916376264102333,0.03820393802063188,68,4
esm2_mean,n_train_rows_band,0,27031,0.2191564542718295,0.23171948065214876,1.1662293060170172,0.5960292522897255,0.6222234474792411,0.16070096883578688,0.05845548543604262,68,4
onehot_ridge,n_train_rows_band,0,27031,0.19321487676329077,0.2128455753102167,1.0887943380390213,0.5986069448672695,0.6275659149211026,0.2292083054190442,-0.03599342865575342,68,4
blosum_nn,nearest_support_band,1–100,673,0.11317426656804623,0.44592746234960934,0.9208046689551326,0.7430744856829988,0.8856680007623404,0.19156877938816916,-0.07839451282012293,2,1
blosum_nn,nearest_support_band,101–500,18073,0.44774876340317277,0.41109304843198874,1.0536829324982393,0.7388863182403576,0.7355504581133667,0.3916990806645423,0.05604968273863048,45,3
blosum_nn,nearest_support_band,501–1000,6037,0.311588899734096,0.43911499851370683,1.095040640820244,0.6299795287777089,0.6403871088638712,0.329455119553279,-0.017866219819183016,15,0
blosum_nn,nearest_support_band,>1000,2248,0.5293105518239796,0.5149937020133881,0.9502361507833876,0.7514621985713601,0.7693589148898734,0.6393711055163215,-0.11006055369234191,6,0
blosum_ridge,nearest_support_band,1–100,673,0.004839945201102048,0.24422954780894585,1.2955337721789517,0.7134502923976608,0.8351057747284162,0.08667234017769834,-0.08183239497659629,2,1
blosum_ridge,nearest_support_band,101–500,18073,0.2728953842444403,0.2686155026305057,1.1900829338827956,0.6343225913045258,0.6560105201404086,0.22642273191669943,0.04647265232774089,45,3
blosum_ridge,nearest_support_band,501–1000,6037,0.13136075854914622,0.1440115100523171,1.1976784719842808,0.545081198856246,0.5534954580875528,0.18048370713851042,-0.049122948589364196,15,0
blosum_ridge,nearest_support_band,>1000,2248,0.34864101283516785,0.329356712136068,1.185386574786407,0.680590013103856,0.6725407476127258,0.4178859128027918,-0.06924489996762395,6,0
esm2_joint,nearest_support_band,1–100,673,0.02125687053631738,0.2497163737225117,1.022521046942746,0.6980965028773793,0.8059081379836096,0.05427017782411989,-0.03301330728780251,2,1
esm2_joint,nearest_support_band,101–500,18073,0.19772086135879097,0.23646737193099993,1.0696872805888105,0.605530643626335,0.6337125656524131,0.1832644826928913,0.01445637866589966,45,3
esm2_joint,nearest_support_band,501–1000,6037,0.10006290899456674,0.15691237694092955,1.1296353982672858,0.5120301634953651,0.5493510743603494,0.14861221925512832,-0.048549310260561584,15,0
esm2_joint,nearest_support_band,>1000,2248,0.3361886476949899,0.32355143503263983,1.05200036076571,0.6485090368665805,0.6581639181688766,0.40778887170676503,-0.07160022401177513,6,0
esm2_mean,nearest_support_band,1–100,673,-0.018192159625546284,0.1965140303738203,1.2483624647179434,0.7028494210293329,0.8171717171717172,0.08991236287001196,-0.10810452249555824,2,1
esm2_mean,nearest_support_band,101–500,18073,0.1952259623236396,0.18988319208708848,1.169555345665917,0.5906612126858244,0.5895169854167432,0.15127989110740672,0.04394607121623287,45,3
esm2_mean,nearest_support_band,501–1000,6037,0.11239529154616582,0.1452713380848029,1.1889114365415079,0.5003057511511633,0.5749459431144435,0.1236466761387441,-0.011251384592578281,15,0
esm2_mean,nearest_support_band,>1000,2248,0.24928682693474447,0.2560112330400018,1.046327742319662,0.6104089761413938,0.605601497144868,0.34759098552983714,-0.09830415859509267,6,0
onehot_ridge,nearest_support_band,1–100,673,0.03978870393869677,0.2647918366175346,1.0227887420395463,0.6792129726707207,0.7916714312940728,0.08676733683204979,-0.04697863289335302,2,1
onehot_ridge,nearest_support_band,101–500,18073,0.19702298941899996,0.21813147480490563,1.0656372579442739,0.6099616269003221,0.6366881175602996,0.2267284435733186,-0.029705454154318633,45,3
onehot_ridge,nearest_support_band,501–1000,6037,0.1459818645820234,0.18155188612078502,1.080362314712038,0.5541762391126576,0.5844909526270512,0.180919082141666,-0.0349372175596426,15,0
onehot_ridge,nearest_support_band,>1000,2248,0.39986397769030924,0.39443278582483615,1.2951509325634707,0.6858445395273023,0.6905272797069691,0.4160106503177629,-0.016146672627453673,6,0
