arm,split_regime,fold,fraction,n_train,fit_predict_cpu_wall_seconds,alpha,best_epoch,seed,training_row_ids_sha256
blosum_nn,allele,0,0.1,2287,0.16224508301820606,,3.0,0,e661a683083dca9000c1e9ff18a0c9e596f5558b91e120c349a1ade9a5635a32
blosum_nn,allele,0,0.25,5719,0.5735858340049163,,5.0,0,9f7b03972ef38098d22f3ada6e3afe67e6cb45b7248380cecabe90b508090908
blosum_nn,allele,0,0.5,11439,0.9700100840127561,,5.0,0,45838ce2055770bca77e841f029aa6402abb4c1626f5b49785219cd41ff6651f
blosum_nn,allele,0,1.0,22879,1.5893947079894133,,4.0,0,fa0ada10e785e1e10a02df87a992c8906f8bea546a168c60cbd653e23f703299
blosum_nn,allele,1,0.1,2051,0.2785422920132987,,12.0,1,0a9d273fb5b6e221c55296244f6744f981d19ef80fef397b6c2c10f211e45f11
blosum_nn,allele,1,0.25,5127,0.455559166992316,,1.0,1,5637171489883b6040d60f34692d33ddcce593bf1f83d941fef5ca59b9fa18b4
blosum_nn,allele,1,0.5,10255,0.9158669160096906,,9.0,1,1777b011a1d340df7d3edb579e0bc7896106b4323d857d0dfb4e6d738040b4b0
blosum_nn,allele,1,1.0,20511,1.5987547499826178,,7.0,1,c38cde5afc6fb7aaeb3b46ab44bf7f16beb042c0a5bbff6c87f6873bbc73eb04
blosum_nn,allele,2,0.1,2140,0.3345499579736497,,29.0,2,d100d9fd04622ea27fe7bd240b379338ee5e8e47aec2fb63d4978518de9a6a36
blosum_nn,allele,2,0.25,5352,0.4825873749796301,,7.0,2,8c0e372de3cbec6408779f403797f9ab549f968deb559333865b10010233b0fe
blosum_nn,allele,2,0.5,10704,0.7694107500137761,,4.0,2,a499e5a35addc499654f37dc20fa6226452e797c737a9b8bd48a6ff89a08e17b
blosum_nn,allele,2,1.0,21409,2.323505957989255,,16.0,2,2a1f9594d8e994012108ac7113ce949eefc8b1c748ee79253299858ea4f707ce
blosum_nn,allele,3,0.1,2170,0.2212174589803908,,5.0,3,ed4c4120f927aab80833f518e45aa8c5cee98029a0385fcbb4703ba586dbb8f1
blosum_nn,allele,3,0.25,5426,0.5687482499924954,,13.0,3,02a635da8726c1f34e17128a7c6bfc9f87e6f06522b68060d574a49d48a1b249
blosum_nn,allele,3,0.5,10852,0.9040415420022327,,7.0,3,281e4c9e75f020a8ad9caf10387989e54ca3ba3a6086f46fd1ba1c88a42c7f07
blosum_nn,allele,3,1.0,21704,1.8323220839956775,,9.0,3,7ba51e28af2de2a215be146b4f20d8ca58e076582f4586f9f8255ddb79a97ab4
blosum_nn,allele,4,0.1,2162,0.18471941599273123,,7.0,4,193d0e45cb5945a85aedf05102e1224ded1b02f0ea3e337e4cdae220a8b2c540
blosum_nn,allele,4,0.25,5405,0.4882354589935858,,5.0,4,58c0e49cb06effee30408c4d50844a4a63b9e7a28cacbb8e24fa426cf375fa2e
blosum_nn,allele,4,0.5,10810,0.852936375013087,,7.0,4,635d9017faa7eec09ef9dd529e139b66dde8f9bb02c0f7da01ef0dcea68574ef
blosum_nn,allele,4,1.0,21621,2.700519375008298,,23.0,4,9f6ff0c4090891a4471392d2258d7ccb054288d803102fda1516b3ef767e8b94
blosum_nn,peptide,0,0.1,2157,1.524955625005532,,14.0,0,d9aa72d1de32fc4f3e1f05069697777aeb2fd1612a3fbed996d97fbe9ad9fab7
blosum_nn,peptide,0,0.25,5394,0.9041384579904843,,30.0,0,d6a8576cddebacc73c95bdf5605d5cc28f87a38767fb0c0bc7e001de571a4440
blosum_nn,peptide,0,0.5,10788,1.2900692920084111,,21.0,0,cf71de4171698e84c2a68d04ecb987a155aa93c569f7be4c832809d1dd2970a1
blosum_nn,peptide,0,1.0,21576,4.221293042006437,,24.0,0,bac79385f5c35a2d8b1784056784331053f04204b0b472091713837270c017c4
blosum_nn,peptide,1,0.1,2188,0.259500707994448,,13.0,1,e22cd8f5449ac20137d9de4410a6c52340ea689480e84d1f92ca4443cfda5dc4
blosum_nn,peptide,1,0.25,5471,0.7035434579884168,,23.0,1,207de6e7e8536bdb3ac329a3fdece94a7d439232637301a101b9d832699f9cc7
blosum_nn,peptide,1,0.5,10942,1.700970458012307,,31.0,1,d11b999d2b983022a2332b58e8cfc89a03ca0b0d847996e0222a0e45dc7de51a
blosum_nn,peptide,1,1.0,21884,3.19928116700612,,28.0,1,e3a7b2db67d632d69f1d8d604bdf7a9f3cfa73f7cc01a9c61b9e4bd67045b834
blosum_nn,peptide,2,0.1,2150,0.22825724998256192,,11.0,2,862dbb25b5f78d6d5e68fc47021fb3ee21470c007d7ba6b97f5e967c15805d1f
blosum_nn,peptide,2,0.25,5376,0.6469343329954427,,18.0,2,668beb7d6676b8ab6263116e0f668a44827e322645b3c50030107dc68ec03df1
blosum_nn,peptide,2,0.5,10752,1.2987394169904292,,21.0,2,a185622f95c18bba4d2c9fb6b2717cfbbaf648f1a0e4c4c779fb206e6cc5fa87
blosum_nn,peptide,2,1.0,21504,2.7616832079947926,,24.0,2,d83ceae1a018dd29ca0aac16a64002a96160e5b0354933bcf84c3b579592bcc8
blosum_nn,peptide,3,0.1,2152,0.2936812920088414,,19.0,3,296e4dc3fdd15a3fe48fb1c5813e43f9c9adea024d323545e1ffc554eb939929
blosum_nn,peptide,3,0.25,5380,1.2251395830244292,,43.0,3,aac3e7f6ed1404b65986678a1b51d348a3bb131cf3a1e1f552c59cadca2efbfb
blosum_nn,peptide,3,0.5,10760,1.5666836249874905,,25.0,3,cd665762bc341f561146521c1fae878c89a1b0ea03292f18c5656877d4918f3f
blosum_nn,peptide,3,1.0,21520,2.985771042003762,,23.0,3,6bc69ae96041a04604d41718132adb2e65369b344b34fec8b18f7025a70e19bf
blosum_nn,peptide,4,0.1,2164,0.26450858399039134,,17.0,4,bd74161902781534ff955b2a9e9b4445edd99a2ffacfcbe0e0ae837181008c93
blosum_nn,peptide,4,0.25,5410,0.6206544589949772,,15.0,4,f2ce092b60d4813f52431f40ea37d5938c6b64d8ffeb255e1b87d78b7b8a4d59
blosum_nn,peptide,4,0.5,10820,1.3283670409873594,,21.0,4,b5b75ab3cb67f95372c3bfa8d403f8a37accdf6b125cba0f005eb0eca058fa0f
blosum_nn,peptide,4,1.0,21640,2.5050465000094846,,15.0,4,a25a71c45efa28f06b292f408d0fd884a3dbb9ee8612ec851ec9bbb1c506950e
blosum_ridge,allele,0,0.1,2287,0.10157045899541117,100.0,,0,e661a683083dca9000c1e9ff18a0c9e596f5558b91e120c349a1ade9a5635a32
blosum_ridge,allele,0,0.25,5719,0.31964237499050796,100.0,,0,9f7b03972ef38098d22f3ada6e3afe67e6cb45b7248380cecabe90b508090908
blosum_ridge,allele,0,0.5,11439,0.4072312499920372,100.0,,0,45838ce2055770bca77e841f029aa6402abb4c1626f5b49785219cd41ff6651f
blosum_ridge,allele,0,1.0,22879,0.8228487090091221,1.0,,0,fa0ada10e785e1e10a02df87a992c8906f8bea546a168c60cbd653e23f703299
blosum_ridge,allele,1,0.1,2051,0.13478645801660605,100.0,,1,0a9d273fb5b6e221c55296244f6744f981d19ef80fef397b6c2c10f211e45f11
blosum_ridge,allele,1,0.25,5127,0.34108199999900535,1.0,,1,5637171489883b6040d60f34692d33ddcce593bf1f83d941fef5ca59b9fa18b4
blosum_ridge,allele,1,0.5,10255,0.3731980830198154,1.0,,1,1777b011a1d340df7d3edb579e0bc7896106b4323d857d0dfb4e6d738040b4b0
blosum_ridge,allele,1,1.0,20511,0.7220364999957383,0.1,,1,c38cde5afc6fb7aaeb3b46ab44bf7f16beb042c0a5bbff6c87f6873bbc73eb04
blosum_ridge,allele,2,0.1,2140,0.09757212499971502,100.0,,2,d100d9fd04622ea27fe7bd240b379338ee5e8e47aec2fb63d4978518de9a6a36
blosum_ridge,allele,2,0.25,5352,0.3507580409932416,1.0,,2,8c0e372de3cbec6408779f403797f9ab549f968deb559333865b10010233b0fe
blosum_ridge,allele,2,0.5,10704,0.3733959590026643,1.0,,2,a499e5a35addc499654f37dc20fa6226452e797c737a9b8bd48a6ff89a08e17b
blosum_ridge,allele,2,1.0,21409,0.7868220829986967,1.0,,2,2a1f9594d8e994012108ac7113ce949eefc8b1c748ee79253299858ea4f707ce
blosum_ridge,allele,3,0.1,2170,0.12381579098291695,100.0,,3,ed4c4120f927aab80833f518e45aa8c5cee98029a0385fcbb4703ba586dbb8f1
blosum_ridge,allele,3,0.25,5426,0.21842150000156835,100.0,,3,02a635da8726c1f34e17128a7c6bfc9f87e6f06522b68060d574a49d48a1b249
blosum_ridge,allele,3,0.5,10852,0.3895075419859495,1.0,,3,281e4c9e75f020a8ad9caf10387989e54ca3ba3a6086f46fd1ba1c88a42c7f07
blosum_ridge,allele,3,1.0,21704,0.7631002500129398,0.1,,3,7ba51e28af2de2a215be146b4f20d8ca58e076582f4586f9f8255ddb79a97ab4
blosum_ridge,allele,4,0.1,2162,0.114621666027233,100.0,,4,193d0e45cb5945a85aedf05102e1224ded1b02f0ea3e337e4cdae220a8b2c540
blosum_ridge,allele,4,0.25,5405,0.2280748329940252,100.0,,4,58c0e49cb06effee30408c4d50844a4a63b9e7a28cacbb8e24fa426cf375fa2e
blosum_ridge,allele,4,0.5,10810,0.38343845901545137,10.0,,4,635d9017faa7eec09ef9dd529e139b66dde8f9bb02c0f7da01ef0dcea68574ef
blosum_ridge,allele,4,1.0,21621,0.7352366669801995,10.0,,4,9f6ff0c4090891a4471392d2258d7ccb054288d803102fda1516b3ef767e8b94
blosum_ridge,peptide,0,0.1,2157,0.17781587500940077,100.0,,0,d9aa72d1de32fc4f3e1f05069697777aeb2fd1612a3fbed996d97fbe9ad9fab7
blosum_ridge,peptide,0,0.25,5394,0.21533249999629334,100.0,,0,d6a8576cddebacc73c95bdf5605d5cc28f87a38767fb0c0bc7e001de571a4440
blosum_ridge,peptide,0,0.5,10788,0.3780127909849398,10.0,,0,cf71de4171698e84c2a68d04ecb987a155aa93c569f7be4c832809d1dd2970a1
blosum_ridge,peptide,0,1.0,21576,0.7984518750163261,1.0,,0,bac79385f5c35a2d8b1784056784331053f04204b0b472091713837270c017c4
blosum_ridge,peptide,1,0.1,2188,0.11111212501418777,100.0,,1,e22cd8f5449ac20137d9de4410a6c52340ea689480e84d1f92ca4443cfda5dc4
blosum_ridge,peptide,1,0.25,5471,0.2755732500227168,10.0,,1,207de6e7e8536bdb3ac329a3fdece94a7d439232637301a101b9d832699f9cc7
blosum_ridge,peptide,1,0.5,10942,0.4185197920014616,1.0,,1,d11b999d2b983022a2332b58e8cfc89a03ca0b0d847996e0222a0e45dc7de51a
blosum_ridge,peptide,1,1.0,21884,0.7426567499933299,0.1,,1,e3a7b2db67d632d69f1d8d604bdf7a9f3cfa73f7cc01a9c61b9e4bd67045b834
blosum_ridge,peptide,2,0.1,2150,0.10703895799815655,100.0,,2,862dbb25b5f78d6d5e68fc47021fb3ee21470c007d7ba6b97f5e967c15805d1f
blosum_ridge,peptide,2,0.25,5376,0.2008591250050813,100.0,,2,668beb7d6676b8ab6263116e0f668a44827e322645b3c50030107dc68ec03df1
blosum_ridge,peptide,2,0.5,10752,0.38570137502392754,1.0,,2,a185622f95c18bba4d2c9fb6b2717cfbbaf648f1a0e4c4c779fb206e6cc5fa87
blosum_ridge,peptide,2,1.0,21504,0.6802623329858761,0.1,,2,d83ceae1a018dd29ca0aac16a64002a96160e5b0354933bcf84c3b579592bcc8
blosum_ridge,peptide,3,0.1,2152,0.12340754098840989,100.0,,3,296e4dc3fdd15a3fe48fb1c5813e43f9c9adea024d323545e1ffc554eb939929
blosum_ridge,peptide,3,0.25,5380,0.2558264999825042,1.0,,3,aac3e7f6ed1404b65986678a1b51d348a3bb131cf3a1e1f552c59cadca2efbfb
blosum_ridge,peptide,3,0.5,10760,0.3739140419929754,1.0,,3,cd665762bc341f561146521c1fae878c89a1b0ea03292f18c5656877d4918f3f
blosum_ridge,peptide,3,1.0,21520,0.8181007920065895,1.0,,3,6bc69ae96041a04604d41718132adb2e65369b344b34fec8b18f7025a70e19bf
blosum_ridge,peptide,4,0.1,2164,0.1203754169982858,100.0,,4,bd74161902781534ff955b2a9e9b4445edd99a2ffacfcbe0e0ae837181008c93
blosum_ridge,peptide,4,0.25,5410,0.25967387499986216,10.0,,4,f2ce092b60d4813f52431f40ea37d5938c6b64d8ffeb255e1b87d78b7b8a4d59
blosum_ridge,peptide,4,0.5,10820,0.41911762501695193,1.0,,4,b5b75ab3cb67f95372c3bfa8d403f8a37accdf6b125cba0f005eb0eca058fa0f
blosum_ridge,peptide,4,1.0,21640,0.9047209999989718,0.01,,4,a25a71c45efa28f06b292f408d0fd884a3dbb9ee8612ec851ec9bbb1c506950e
esm2_complex,allele,0,0.1,2287,3.2698255829745904,10000.0,,0,e661a683083dca9000c1e9ff18a0c9e596f5558b91e120c349a1ade9a5635a32
esm2_complex,allele,0,0.25,5719,3.361176542006433,10000.0,,0,9f7b03972ef38098d22f3ada6e3afe67e6cb45b7248380cecabe90b508090908
esm2_complex,allele,0,0.5,11439,7.765565917012282,10000.0,,0,45838ce2055770bca77e841f029aa6402abb4c1626f5b49785219cd41ff6651f
esm2_complex,allele,0,1.0,22879,28.16340966700227,10000.0,,0,fa0ada10e785e1e10a02df87a992c8906f8bea546a168c60cbd653e23f703299
esm2_complex,allele,1,0.1,2051,2.8837105830025394,10000.0,,1,0a9d273fb5b6e221c55296244f6744f981d19ef80fef397b6c2c10f211e45f11
esm2_complex,allele,1,0.25,5127,4.156381624983624,10000.0,,1,5637171489883b6040d60f34692d33ddcce593bf1f83d941fef5ca59b9fa18b4
esm2_complex,allele,1,0.5,10255,5.969928416016046,10000.0,,1,1777b011a1d340df7d3edb579e0bc7896106b4323d857d0dfb4e6d738040b4b0
esm2_complex,allele,1,1.0,20511,19.75927254097769,10000.0,,1,c38cde5afc6fb7aaeb3b46ab44bf7f16beb042c0a5bbff6c87f6873bbc73eb04
esm2_complex,allele,2,0.1,2140,1.7393437919963617,10000.0,,2,d100d9fd04622ea27fe7bd240b379338ee5e8e47aec2fb63d4978518de9a6a36
esm2_complex,allele,2,0.25,5352,3.243889208009932,10000.0,,2,8c0e372de3cbec6408779f403797f9ab549f968deb559333865b10010233b0fe
esm2_complex,allele,2,0.5,10704,6.552112500008661,10000.0,,2,a499e5a35addc499654f37dc20fa6226452e797c737a9b8bd48a6ff89a08e17b
esm2_complex,allele,2,1.0,21409,14.899744542024564,10000.0,,2,2a1f9594d8e994012108ac7113ce949eefc8b1c748ee79253299858ea4f707ce
esm2_complex,allele,3,0.1,2170,2.031981917010853,10000.0,,3,ed4c4120f927aab80833f518e45aa8c5cee98029a0385fcbb4703ba586dbb8f1
esm2_complex,allele,3,0.25,5426,4.328064000001177,10000.0,,3,02a635da8726c1f34e17128a7c6bfc9f87e6f06522b68060d574a49d48a1b249
esm2_complex,allele,3,0.5,10852,8.087926375010284,10000.0,,3,281e4c9e75f020a8ad9caf10387989e54ca3ba3a6086f46fd1ba1c88a42c7f07
esm2_complex,allele,3,1.0,21704,27.768066040996928,10000.0,,3,7ba51e28af2de2a215be146b4f20d8ca58e076582f4586f9f8255ddb79a97ab4
esm2_complex,allele,4,0.1,2162,2.4609247499902267,100000.0,,4,193d0e45cb5945a85aedf05102e1224ded1b02f0ea3e337e4cdae220a8b2c540
esm2_complex,allele,4,0.25,5405,5.669423624989577,10000.0,,4,58c0e49cb06effee30408c4d50844a4a63b9e7a28cacbb8e24fa426cf375fa2e
esm2_complex,allele,4,0.5,10810,5.9289070410013665,10000.0,,4,635d9017faa7eec09ef9dd529e139b66dde8f9bb02c0f7da01ef0dcea68574ef
esm2_complex,allele,4,1.0,21621,17.6255796670157,10000.0,,4,9f6ff0c4090891a4471392d2258d7ccb054288d803102fda1516b3ef767e8b94
esm2_complex,peptide,0,0.1,2157,1.861839916993631,10000.0,,0,d9aa72d1de32fc4f3e1f05069697777aeb2fd1612a3fbed996d97fbe9ad9fab7
esm2_complex,peptide,0,0.25,5394,2.94478037499357,10000.0,,0,d6a8576cddebacc73c95bdf5605d5cc28f87a38767fb0c0bc7e001de571a4440
esm2_complex,peptide,0,0.5,10788,6.5950075419968925,10000.0,,0,cf71de4171698e84c2a68d04ecb987a155aa93c569f7be4c832809d1dd2970a1
esm2_complex,peptide,0,1.0,21576,16.70659941699705,10000.0,,0,bac79385f5c35a2d8b1784056784331053f04204b0b472091713837270c017c4
esm2_complex,peptide,1,0.1,2188,2.7745578750036657,100000.0,,1,e22cd8f5449ac20137d9de4410a6c52340ea689480e84d1f92ca4443cfda5dc4
esm2_complex,peptide,1,0.25,5471,3.7311756249982864,10000.0,,1,207de6e7e8536bdb3ac329a3fdece94a7d439232637301a101b9d832699f9cc7
esm2_complex,peptide,1,0.5,10942,4.817918542015832,10000.0,,1,d11b999d2b983022a2332b58e8cfc89a03ca0b0d847996e0222a0e45dc7de51a
esm2_complex,peptide,1,1.0,21884,11.570463375013787,10000.0,,1,e3a7b2db67d632d69f1d8d604bdf7a9f3cfa73f7cc01a9c61b9e4bd67045b834
esm2_complex,peptide,2,0.1,2150,1.873271582997404,10000.0,,2,862dbb25b5f78d6d5e68fc47021fb3ee21470c007d7ba6b97f5e967c15805d1f
esm2_complex,peptide,2,0.25,5376,2.8188182909798343,10000.0,,2,668beb7d6676b8ab6263116e0f668a44827e322645b3c50030107dc68ec03df1
esm2_complex,peptide,2,0.5,10752,7.5264685839938466,10000.0,,2,a185622f95c18bba4d2c9fb6b2717cfbbaf648f1a0e4c4c779fb206e6cc5fa87
esm2_complex,peptide,2,1.0,21504,17.59600337498705,10000.0,,2,d83ceae1a018dd29ca0aac16a64002a96160e5b0354933bcf84c3b579592bcc8
esm2_complex,peptide,3,0.1,2152,2.9415911250107456,10000.0,,3,296e4dc3fdd15a3fe48fb1c5813e43f9c9adea024d323545e1ffc554eb939929
esm2_complex,peptide,3,0.25,5380,3.2413484159915242,10000.0,,3,aac3e7f6ed1404b65986678a1b51d348a3bb131cf3a1e1f552c59cadca2efbfb
esm2_complex,peptide,3,0.5,10760,7.447202332987217,10000.0,,3,cd665762bc341f561146521c1fae878c89a1b0ea03292f18c5656877d4918f3f
esm2_complex,peptide,3,1.0,21520,23.789852707996033,10000.0,,3,6bc69ae96041a04604d41718132adb2e65369b344b34fec8b18f7025a70e19bf
esm2_complex,peptide,4,0.1,2164,2.203129917004844,10000.0,,4,bd74161902781534ff955b2a9e9b4445edd99a2ffacfcbe0e0ae837181008c93
esm2_complex,peptide,4,0.25,5410,4.787539790995652,10000.0,,4,f2ce092b60d4813f52431f40ea37d5938c6b64d8ffeb255e1b87d78b7b8a4d59
esm2_complex,peptide,4,0.5,10820,7.951880666980287,10000.0,,4,b5b75ab3cb67f95372c3bfa8d403f8a37accdf6b125cba0f005eb0eca058fa0f
esm2_complex,peptide,4,1.0,21640,17.70460120800999,10000.0,,4,a25a71c45efa28f06b292f408d0fd884a3dbb9ee8612ec851ec9bbb1c506950e
esm2_mean,allele,0,0.1,2287,0.23864108297857456,1000.0,,0,e661a683083dca9000c1e9ff18a0c9e596f5558b91e120c349a1ade9a5635a32
esm2_mean,allele,0,0.25,5719,0.4023971669957973,1000.0,,0,9f7b03972ef38098d22f3ada6e3afe67e6cb45b7248380cecabe90b508090908
esm2_mean,allele,0,0.5,11439,0.7544647500035353,1000.0,,0,45838ce2055770bca77e841f029aa6402abb4c1626f5b49785219cd41ff6651f
esm2_mean,allele,0,1.0,22879,1.9043881249963306,1000.0,,0,fa0ada10e785e1e10a02df87a992c8906f8bea546a168c60cbd653e23f703299
esm2_mean,allele,1,0.1,2051,0.632915874972241,1000.0,,1,0a9d273fb5b6e221c55296244f6744f981d19ef80fef397b6c2c10f211e45f11
esm2_mean,allele,1,0.25,5127,0.6522402089904062,1000.0,,1,5637171489883b6040d60f34692d33ddcce593bf1f83d941fef5ca59b9fa18b4
esm2_mean,allele,1,0.5,10255,0.8150050000112969,1000.0,,1,1777b011a1d340df7d3edb579e0bc7896106b4323d857d0dfb4e6d738040b4b0
esm2_mean,allele,1,1.0,20511,1.8812337499985006,1000.0,,1,c38cde5afc6fb7aaeb3b46ab44bf7f16beb042c0a5bbff6c87f6873bbc73eb04
esm2_mean,allele,2,0.1,2140,0.4281890830025077,1000.0,,2,d100d9fd04622ea27fe7bd240b379338ee5e8e47aec2fb63d4978518de9a6a36
esm2_mean,allele,2,0.25,5352,0.5097599999862723,1000.0,,2,8c0e372de3cbec6408779f403797f9ab549f968deb559333865b10010233b0fe
esm2_mean,allele,2,0.5,10704,1.068710874998942,1000.0,,2,a499e5a35addc499654f37dc20fa6226452e797c737a9b8bd48a6ff89a08e17b
esm2_mean,allele,2,1.0,21409,2.035950249992311,1000.0,,2,2a1f9594d8e994012108ac7113ce949eefc8b1c748ee79253299858ea4f707ce
esm2_mean,allele,3,0.1,2170,0.9532503749942407,1000.0,,3,ed4c4120f927aab80833f518e45aa8c5cee98029a0385fcbb4703ba586dbb8f1
esm2_mean,allele,3,0.25,5426,0.9381122910126578,1000.0,,3,02a635da8726c1f34e17128a7c6bfc9f87e6f06522b68060d574a49d48a1b249
esm2_mean,allele,3,0.5,10852,1.2599612089979928,1000.0,,3,281e4c9e75f020a8ad9caf10387989e54ca3ba3a6086f46fd1ba1c88a42c7f07
esm2_mean,allele,3,1.0,21704,3.62105962500209,1000.0,,3,7ba51e28af2de2a215be146b4f20d8ca58e076582f4586f9f8255ddb79a97ab4
esm2_mean,allele,4,0.1,2162,0.6107685839815531,1000.0,,4,193d0e45cb5945a85aedf05102e1224ded1b02f0ea3e337e4cdae220a8b2c540
esm2_mean,allele,4,0.25,5405,0.4558068329934031,1000.0,,4,58c0e49cb06effee30408c4d50844a4a63b9e7a28cacbb8e24fa426cf375fa2e
esm2_mean,allele,4,0.5,10810,0.92985666700406,1000.0,,4,635d9017faa7eec09ef9dd529e139b66dde8f9bb02c0f7da01ef0dcea68574ef
esm2_mean,allele,4,1.0,21621,4.392650208988925,1000.0,,4,9f6ff0c4090891a4471392d2258d7ccb054288d803102fda1516b3ef767e8b94
esm2_mean,peptide,0,0.1,2157,0.26370079099433497,1000.0,,0,d9aa72d1de32fc4f3e1f05069697777aeb2fd1612a3fbed996d97fbe9ad9fab7
esm2_mean,peptide,0,0.25,5394,0.36363204100052826,1000.0,,0,d6a8576cddebacc73c95bdf5605d5cc28f87a38767fb0c0bc7e001de571a4440
esm2_mean,peptide,0,0.5,10788,0.6979275000048801,1000.0,,0,cf71de4171698e84c2a68d04ecb987a155aa93c569f7be4c832809d1dd2970a1
esm2_mean,peptide,0,1.0,21576,2.817115041980287,1000.0,,0,bac79385f5c35a2d8b1784056784331053f04204b0b472091713837270c017c4
esm2_mean,peptide,1,0.1,2188,0.4260909169970546,1000.0,,1,e22cd8f5449ac20137d9de4410a6c52340ea689480e84d1f92ca4443cfda5dc4
esm2_mean,peptide,1,0.25,5471,0.450402957998449,1000.0,,1,207de6e7e8536bdb3ac329a3fdece94a7d439232637301a101b9d832699f9cc7
esm2_mean,peptide,1,0.5,10942,0.7617365829937626,1000.0,,1,d11b999d2b983022a2332b58e8cfc89a03ca0b0d847996e0222a0e45dc7de51a
esm2_mean,peptide,1,1.0,21884,1.7079657079884782,1000.0,,1,e3a7b2db67d632d69f1d8d604bdf7a9f3cfa73f7cc01a9c61b9e4bd67045b834
esm2_mean,peptide,2,0.1,2150,0.30441545802750625,1000.0,,2,862dbb25b5f78d6d5e68fc47021fb3ee21470c007d7ba6b97f5e967c15805d1f
esm2_mean,peptide,2,0.25,5376,0.35922395798843354,1000.0,,2,668beb7d6676b8ab6263116e0f668a44827e322645b3c50030107dc68ec03df1
esm2_mean,peptide,2,0.5,10752,0.7687868750072084,1000.0,,2,a185622f95c18bba4d2c9fb6b2717cfbbaf648f1a0e4c4c779fb206e6cc5fa87
esm2_mean,peptide,2,1.0,21504,1.6769338750164025,1000.0,,2,d83ceae1a018dd29ca0aac16a64002a96160e5b0354933bcf84c3b579592bcc8
esm2_mean,peptide,3,0.1,2152,0.8631567080155946,1000.0,,3,296e4dc3fdd15a3fe48fb1c5813e43f9c9adea024d323545e1ffc554eb939929
esm2_mean,peptide,3,0.25,5380,1.0109462079999503,1000.0,,3,aac3e7f6ed1404b65986678a1b51d348a3bb131cf3a1e1f552c59cadca2efbfb
esm2_mean,peptide,3,0.5,10760,2.1211964589892887,1000.0,,3,cd665762bc341f561146521c1fae878c89a1b0ea03292f18c5656877d4918f3f
esm2_mean,peptide,3,1.0,21520,1.7241266250202898,1000.0,,3,6bc69ae96041a04604d41718132adb2e65369b344b34fec8b18f7025a70e19bf
esm2_mean,peptide,4,0.1,2164,0.22354366700164974,1000.0,,4,bd74161902781534ff955b2a9e9b4445edd99a2ffacfcbe0e0ae837181008c93
esm2_mean,peptide,4,0.25,5410,0.4118588749843184,1000.0,,4,f2ce092b60d4813f52431f40ea37d5938c6b64d8ffeb255e1b87d78b7b8a4d59
esm2_mean,peptide,4,0.5,10820,0.8605560419964604,1000.0,,4,b5b75ab3cb67f95372c3bfa8d403f8a37accdf6b125cba0f005eb0eca058fa0f
esm2_mean,peptide,4,1.0,21640,2.546373290999327,1000.0,,4,a25a71c45efa28f06b292f408d0fd884a3dbb9ee8612ec851ec9bbb1c506950e
onehot_ridge,allele,0,0.1,2287,0.8331072920118459,100.0,,0,e661a683083dca9000c1e9ff18a0c9e596f5558b91e120c349a1ade9a5635a32
onehot_ridge,allele,0,0.25,5719,1.4180962080135942,100.0,,0,9f7b03972ef38098d22f3ada6e3afe67e6cb45b7248380cecabe90b508090908
onehot_ridge,allele,0,0.5,11439,2.341686708998168,100.0,,0,45838ce2055770bca77e841f029aa6402abb4c1626f5b49785219cd41ff6651f
onehot_ridge,allele,0,1.0,22879,3.8362067919806577,1.0,,0,fa0ada10e785e1e10a02df87a992c8906f8bea546a168c60cbd653e23f703299
onehot_ridge,allele,1,0.1,2051,1.2630868749984074,100.0,,1,0a9d273fb5b6e221c55296244f6744f981d19ef80fef397b6c2c10f211e45f11
onehot_ridge,allele,1,0.25,5127,1.5734739160106983,1.0,,1,5637171489883b6040d60f34692d33ddcce593bf1f83d941fef5ca59b9fa18b4
onehot_ridge,allele,1,0.5,10255,2.404654499987373,1.0,,1,1777b011a1d340df7d3edb579e0bc7896106b4323d857d0dfb4e6d738040b4b0
onehot_ridge,allele,1,1.0,20511,3.8209845419914927,0.1,,1,c38cde5afc6fb7aaeb3b46ab44bf7f16beb042c0a5bbff6c87f6873bbc73eb04
onehot_ridge,allele,2,0.1,2140,1.0135557499888819,100.0,,2,d100d9fd04622ea27fe7bd240b379338ee5e8e47aec2fb63d4978518de9a6a36
onehot_ridge,allele,2,0.25,5352,1.5230305829900317,1.0,,2,8c0e372de3cbec6408779f403797f9ab549f968deb559333865b10010233b0fe
onehot_ridge,allele,2,0.5,10704,2.6099494580121245,1.0,,2,a499e5a35addc499654f37dc20fa6226452e797c737a9b8bd48a6ff89a08e17b
onehot_ridge,allele,2,1.0,21409,3.805075542011764,0.01,,2,2a1f9594d8e994012108ac7113ce949eefc8b1c748ee79253299858ea4f707ce
onehot_ridge,allele,3,0.1,2170,1.358957124990411,100.0,,3,ed4c4120f927aab80833f518e45aa8c5cee98029a0385fcbb4703ba586dbb8f1
onehot_ridge,allele,3,0.25,5426,1.538502209004946,100.0,,3,02a635da8726c1f34e17128a7c6bfc9f87e6f06522b68060d574a49d48a1b249
onehot_ridge,allele,3,0.5,10852,2.3864981250080746,1.0,,3,281e4c9e75f020a8ad9caf10387989e54ca3ba3a6086f46fd1ba1c88a42c7f07
onehot_ridge,allele,3,1.0,21704,3.770865958998911,0.1,,3,7ba51e28af2de2a215be146b4f20d8ca58e076582f4586f9f8255ddb79a97ab4
onehot_ridge,allele,4,0.1,2162,1.0283612920029555,100.0,,4,193d0e45cb5945a85aedf05102e1224ded1b02f0ea3e337e4cdae220a8b2c540
onehot_ridge,allele,4,0.25,5405,1.5360132500063628,100.0,,4,58c0e49cb06effee30408c4d50844a4a63b9e7a28cacbb8e24fa426cf375fa2e
onehot_ridge,allele,4,0.5,10810,2.3471675839973614,10.0,,4,635d9017faa7eec09ef9dd529e139b66dde8f9bb02c0f7da01ef0dcea68574ef
onehot_ridge,allele,4,1.0,21621,4.030420666997088,10.0,,4,9f6ff0c4090891a4471392d2258d7ccb054288d803102fda1516b3ef767e8b94
onehot_ridge,peptide,0,0.1,2157,1.007755166006973,100.0,,0,d9aa72d1de32fc4f3e1f05069697777aeb2fd1612a3fbed996d97fbe9ad9fab7
onehot_ridge,peptide,0,0.25,5394,1.4560175839869771,100.0,,0,d6a8576cddebacc73c95bdf5605d5cc28f87a38767fb0c0bc7e001de571a4440
onehot_ridge,peptide,0,0.5,10788,2.2190034160157666,100.0,,0,cf71de4171698e84c2a68d04ecb987a155aa93c569f7be4c832809d1dd2970a1
onehot_ridge,peptide,0,1.0,21576,3.761948625004152,1.0,,0,bac79385f5c35a2d8b1784056784331053f04204b0b472091713837270c017c4
onehot_ridge,peptide,1,0.1,2188,0.9563259159913287,100.0,,1,e22cd8f5449ac20137d9de4410a6c52340ea689480e84d1f92ca4443cfda5dc4
onehot_ridge,peptide,1,0.25,5471,1.4143385000061244,100.0,,1,207de6e7e8536bdb3ac329a3fdece94a7d439232637301a101b9d832699f9cc7
onehot_ridge,peptide,1,0.5,10942,2.2071992499986663,1.0,,1,d11b999d2b983022a2332b58e8cfc89a03ca0b0d847996e0222a0e45dc7de51a
onehot_ridge,peptide,1,1.0,21884,3.764861791016301,1.0,,1,e3a7b2db67d632d69f1d8d604bdf7a9f3cfa73f7cc01a9c61b9e4bd67045b834
onehot_ridge,peptide,2,0.1,2150,0.9847898750158492,100.0,,2,862dbb25b5f78d6d5e68fc47021fb3ee21470c007d7ba6b97f5e967c15805d1f
onehot_ridge,peptide,2,0.25,5376,1.4700987499963958,100.0,,2,668beb7d6676b8ab6263116e0f668a44827e322645b3c50030107dc68ec03df1
onehot_ridge,peptide,2,0.5,10752,2.2945666250016075,1.0,,2,a185622f95c18bba4d2c9fb6b2717cfbbaf648f1a0e4c4c779fb206e6cc5fa87
onehot_ridge,peptide,2,1.0,21504,3.734375666012056,0.1,,2,d83ceae1a018dd29ca0aac16a64002a96160e5b0354933bcf84c3b579592bcc8
onehot_ridge,peptide,3,0.1,2152,0.9833143329888117,100.0,,3,296e4dc3fdd15a3fe48fb1c5813e43f9c9adea024d323545e1ffc554eb939929
onehot_ridge,peptide,3,0.25,5380,1.5574435829767026,100.0,,3,aac3e7f6ed1404b65986678a1b51d348a3bb131cf3a1e1f552c59cadca2efbfb
onehot_ridge,peptide,3,0.5,10760,2.2640386249986477,1.0,,3,cd665762bc341f561146521c1fae878c89a1b0ea03292f18c5656877d4918f3f
onehot_ridge,peptide,3,1.0,21520,3.8429054170264862,1.0,,3,6bc69ae96041a04604d41718132adb2e65369b344b34fec8b18f7025a70e19bf
onehot_ridge,peptide,4,0.1,2164,0.9944398750085384,100.0,,4,bd74161902781534ff955b2a9e9b4445edd99a2ffacfcbe0e0ae837181008c93
onehot_ridge,peptide,4,0.25,5410,1.434796749992529,100.0,,4,f2ce092b60d4813f52431f40ea37d5938c6b64d8ffeb255e1b87d78b7b8a4d59
onehot_ridge,peptide,4,0.5,10820,2.22376275001443,1.0,,4,b5b75ab3cb67f95372c3bfa8d403f8a37accdf6b125cba0f005eb0eca058fa0f
onehot_ridge,peptide,4,1.0,21640,3.961711749987444,1.0,,4,a25a71c45efa28f06b292f408d0fd884a3dbb9ee8612ec851ec9bbb1c506950e
