allele,n_test_rows,n_distinct_nonzero,zero_count,zero_fraction,high_zero_fraction,label_eligible,include_in_macro,exclusion_reason,spearman,auc_2h,auc_6h,arm,split_regime,fold,fraction
HLA-B*55:01,378,61,210,0.5555555555555556,True,True,True,,0.4775706776011856,0.8511146496815286,0.9038725335021631,blosum_nn,allele,1,0.1
HLA-B*55:01,378,61,210,0.5555555555555556,True,True,True,,0.3568166291006666,0.7738853503184714,0.849741479371109,blosum_nn,allele,1,0.25
HLA-B*55:01,378,61,210,0.5555555555555556,True,True,True,,0.6327579470386177,0.9170979299363057,0.9643347050754457,blosum_nn,allele,1,0.5
HLA-B*55:01,378,61,210,0.5555555555555556,True,True,True,,0.6647832666454166,0.9335191082802548,0.963701593331223,blosum_nn,allele,1,1.0
HLA-B*41:01,368,37,220,0.5978260869565217,True,True,True,,0.36421156510206976,0.7454111002498098,0.8612637362637363,blosum_nn,allele,2,0.1
HLA-B*41:01,368,37,220,0.5978260869565217,True,True,True,,0.38817785283412887,0.7728901922450309,0.8001373626373627,blosum_nn,allele,2,0.25
HLA-B*41:01,368,37,220,0.5978260869565217,True,True,True,,0.4237058152694468,0.8591289236450528,0.948489010989011,blosum_nn,allele,2,0.5
HLA-B*41:01,368,37,220,0.5978260869565217,True,True,True,,0.3752117336761328,0.8521776908873683,0.7651098901098902,blosum_nn,allele,2,1.0
HLA-B*51:01,353,93,179,0.5070821529745042,True,True,True,,-0.09338345517423496,0.49606953892668176,0.4906613594611145,blosum_nn,allele,3,0.1
HLA-B*51:01,353,93,179,0.5070821529745042,True,True,True,,0.1552575970634747,0.616175359032502,0.6425290875688916,blosum_nn,allele,3,0.25
HLA-B*51:01,353,93,179,0.5070821529745042,True,True,True,,0.36283660441132837,0.7107331821617536,0.7274954072259645,blosum_nn,allele,3,0.5
HLA-B*51:01,353,93,179,0.5070821529745042,True,True,True,,0.35844239175670756,0.7047241118669689,0.7396407430087774,blosum_nn,allele,3,1.0
HLA-B*45:01,368,51,247,0.6711956521739131,True,True,True,,0.3833825926146958,0.8452153110047848,0.7512747875354108,blosum_nn,allele,4,0.1
HLA-B*45:01,368,51,247,0.6711956521739131,True,True,True,,0.3262873361930437,0.8090909090909091,0.679508970727101,blosum_nn,allele,4,0.25
HLA-B*45:01,368,51,247,0.6711956521739131,True,True,True,,0.49415951064078506,0.8216108452950558,0.7223796033994334,blosum_nn,allele,4,0.5
HLA-B*45:01,368,51,247,0.6711956521739131,True,True,True,,0.27282104243729405,0.773524720893142,0.7363550519357885,blosum_nn,allele,4,1.0
HLA-B*41:01,368,37,220,0.5978260869565217,True,True,True,,0.013348470332085628,0.5210166177908113,0.6304945054945055,blosum_nn,locus,1,1.0
HLA-B*45:01,368,51,247,0.6711956521739131,True,True,True,,-0.11141812029580937,0.3598883572567783,0.38224740321057604,blosum_nn,locus,1,1.0
HLA-B*51:01,353,93,179,0.5070821529745042,True,True,True,,-0.010661670557413273,0.5045351473922902,0.5189834660134721,blosum_nn,locus,1,1.0
HLA-B*55:01,378,61,210,0.5555555555555556,True,True,True,,0.11452758452979665,0.5285131369426752,0.46164398016249863,blosum_nn,locus,1,1.0
HLA-B*41:01,64,12,41,0.640625,True,True,True,,0.2459749764663382,1.0,,blosum_nn,peptide,0,0.1
HLA-B*45:01,59,13,38,0.6440677966101694,True,True,True,,-0.020212181943004684,0.2719298245614035,0.10344827586206895,blosum_nn,peptide,0,0.1
HLA-B*46:01,69,18,38,0.5507246376811594,True,True,True,,0.1439752521703539,0.4827586206896552,,blosum_nn,peptide,0,0.1
HLA-B*51:01,76,22,47,0.618421052631579,True,True,True,,0.18385502889157287,0.6550348953140578,0.7314685314685315,blosum_nn,peptide,0,0.1
HLA-B*54:01,73,22,40,0.547945205479452,True,True,True,,0.27144192370888537,0.744535519125683,0.7761194029850746,blosum_nn,peptide,0,0.1
HLA-B*55:01,76,19,43,0.5657894736842105,True,True,True,,0.43895161547839573,0.848951048951049,0.9223744292237444,blosum_nn,peptide,0,0.1
HLA-B*41:01,64,12,41,0.640625,True,True,True,,0.34211355310495467,1.0,,blosum_nn,peptide,0,0.25
HLA-B*45:01,59,13,38,0.6440677966101694,True,True,True,,0.16746748721357768,0.4385964912280702,0.2931034482758621,blosum_nn,peptide,0,0.25
HLA-B*46:01,69,18,38,0.5507246376811594,True,True,True,,0.19485011182337425,0.6567398119122256,,blosum_nn,peptide,0,0.25
HLA-B*51:01,76,22,47,0.618421052631579,True,True,True,,0.36503460803925514,0.6989032901296112,0.8055944055944055,blosum_nn,peptide,0,0.25
HLA-B*54:01,73,22,40,0.547945205479452,True,True,True,,0.5545638506018616,0.842896174863388,0.8134328358208955,blosum_nn,peptide,0,0.25
HLA-B*55:01,76,19,43,0.5657894736842105,True,True,True,,0.5386302429718031,0.951048951048951,0.9726027397260273,blosum_nn,peptide,0,0.25
HLA-B*41:01,64,12,41,0.640625,True,True,True,,0.30314061734773534,1.0,,blosum_nn,peptide,0,0.5
HLA-B*45:01,59,13,38,0.6440677966101694,True,True,True,,0.4563787770813237,0.6578947368421053,0.31034482758620685,blosum_nn,peptide,0,0.5
HLA-B*46:01,69,18,38,0.5507246376811594,True,True,True,,0.25745762309255743,0.7288401253918495,,blosum_nn,peptide,0,0.5
HLA-B*51:01,76,22,47,0.618421052631579,True,True,True,,0.42494277803549657,0.781655034895314,0.8839160839160839,blosum_nn,peptide,0,0.5
HLA-B*54:01,73,22,40,0.547945205479452,True,True,True,,0.6517002932672413,0.9098360655737705,0.900497512437811,blosum_nn,peptide,0,0.5
HLA-B*55:01,76,19,43,0.5657894736842105,True,True,True,,0.800450958024973,0.9706293706293706,0.9817351598173516,blosum_nn,peptide,0,0.5
HLA-B*41:01,64,12,41,0.640625,True,True,True,,0.47207669000377256,0.9841269841269842,,blosum_nn,peptide,0,1.0
HLA-B*45:01,59,13,38,0.6440677966101694,True,True,True,,0.5253801617212097,0.6929824561403509,0.43103448275862066,blosum_nn,peptide,0,1.0
HLA-B*46:01,69,18,38,0.5507246376811594,True,True,True,,0.30008358775264415,0.6739811912225706,,blosum_nn,peptide,0,1.0
HLA-B*51:01,76,22,47,0.618421052631579,True,True,True,,0.6644189989711117,0.8933200398803589,0.9748251748251748,blosum_nn,peptide,0,1.0
HLA-B*54:01,73,22,40,0.547945205479452,True,True,True,,0.6735749813114345,0.9098360655737704,0.8706467661691542,blosum_nn,peptide,0,1.0
HLA-B*55:01,76,19,43,0.5657894736842105,True,True,True,,0.7855376936114529,0.9552447552447553,0.9908675799086758,blosum_nn,peptide,0,1.0
HLA-A*80:01,63,16,33,0.5238095238095238,True,True,True,,0.1582233798498607,0.49415204678362573,0.6639344262295082,blosum_nn,peptide,1,0.1
HLA-B*13:02,1,0,1,1.0,True,False,False,fewer_than_20_test_rows;fewer_than_10_distinct_nonzero_half_lives,,,,blosum_nn,peptide,1,0.1
HLA-B*41:01,74,17,45,0.6081081081081081,True,True,True,,0.47463082592673744,0.8347826086956522,0.9452054794520548,blosum_nn,peptide,1,0.1
HLA-B*45:01,70,16,48,0.6857142857142857,True,True,True,,0.47751464271678923,0.9114583333333334,1.0,blosum_nn,peptide,1,0.1
HLA-B*55:01,62,18,37,0.5967741935483871,True,True,True,,0.6030041931502079,0.8557692307692307,0.853448275862069,blosum_nn,peptide,1,0.1
HLA-A*80:01,63,16,33,0.5238095238095238,True,True,True,,0.30502456328726224,0.7807017543859649,0.9836065573770492,blosum_nn,peptide,1,0.25
HLA-B*13:02,1,0,1,1.0,True,False,False,fewer_than_20_test_rows;fewer_than_10_distinct_nonzero_half_lives,,,,blosum_nn,peptide,1,0.25
HLA-B*41:01,74,17,45,0.6081081081081081,True,True,True,,0.36325882377099883,0.7391304347826088,0.9863013698630136,blosum_nn,peptide,1,0.25
HLA-B*45:01,70,16,48,0.6857142857142857,True,True,True,,0.447988830807351,0.7994791666666666,0.927536231884058,blosum_nn,peptide,1,0.25
HLA-B*55:01,62,18,37,0.5967741935483871,True,True,True,,0.6971189396665447,0.9153846153846155,0.9525862068965517,blosum_nn,peptide,1,0.25
HLA-A*80:01,63,16,33,0.5238095238095238,True,True,True,,0.5396468614140942,0.9122807017543859,0.9344262295081968,blosum_nn,peptide,1,0.5
HLA-B*13:02,1,0,1,1.0,True,False,False,fewer_than_20_test_rows;fewer_than_10_distinct_nonzero_half_lives,,,,blosum_nn,peptide,1,0.5
HLA-B*41:01,74,17,45,0.6081081081081081,True,True,True,,0.4481633596340986,0.8202898550724638,0.9452054794520548,blosum_nn,peptide,1,0.5
HLA-B*45:01,70,16,48,0.6857142857142857,True,True,True,,0.5104415560700792,0.8333333333333334,0.9565217391304348,blosum_nn,peptide,1,0.5
HLA-B*55:01,62,18,37,0.5967741935483871,True,True,True,,0.7144887300368697,0.9653846153846154,0.9525862068965517,blosum_nn,peptide,1,0.5
HLA-A*80:01,63,16,33,0.5238095238095238,True,True,True,,0.6012488434294707,0.9473684210526316,1.0,blosum_nn,peptide,1,1.0
HLA-B*13:02,1,0,1,1.0,True,False,False,fewer_than_20_test_rows;fewer_than_10_distinct_nonzero_half_lives,,,,blosum_nn,peptide,1,1.0
HLA-B*41:01,74,17,45,0.6081081081081081,True,True,True,,0.42154445837856475,0.7971014492753624,0.9863013698630136,blosum_nn,peptide,1,1.0
HLA-B*45:01,70,16,48,0.6857142857142857,True,True,True,,0.3958909573525539,0.7278645833333333,0.927536231884058,blosum_nn,peptide,1,1.0
HLA-B*55:01,62,18,37,0.5967741935483871,True,True,True,,0.6976298158539072,0.9211538461538462,0.8448275862068966,blosum_nn,peptide,1,1.0
HLA-A*69:01,4,2,2,0.5,True,False,False,fewer_than_20_test_rows;fewer_than_10_distinct_nonzero_half_lives,-0.632455532033676,0.0,,blosum_nn,peptide,2,0.1
HLA-A*80:01,78,14,45,0.5769230769230769,True,True,True,,0.1456940396443667,0.8,,blosum_nn,peptide,2,0.1
HLA-B*41:01,77,18,45,0.5844155844155844,True,True,True,,0.2576715227001503,0.7581699346405228,,blosum_nn,peptide,2,0.1
HLA-B*45:01,82,21,53,0.6463414634146342,True,True,True,,0.353286771488104,0.7190635451505016,0.8969298245614035,blosum_nn,peptide,2,0.1
HLA-B*55:01,86,22,45,0.5232558139534884,True,True,True,,0.4049988925578866,0.7876984126984128,0.9125,blosum_nn,peptide,2,0.1
HLA-A*69:01,4,2,2,0.5,True,False,False,fewer_than_20_test_rows;fewer_than_10_distinct_nonzero_half_lives,0.10540925533894598,0.6666666666666667,,blosum_nn,peptide,2,0.25
HLA-A*80:01,78,14,45,0.5769230769230769,True,True,True,,0.2831178538491006,0.9466666666666667,,blosum_nn,peptide,2,0.25
HLA-B*41:01,77,18,45,0.5844155844155844,True,True,True,,0.4155840597111077,0.923202614379085,,blosum_nn,peptide,2,0.25
HLA-B*45:01,82,21,53,0.6463414634146342,True,True,True,,0.5512246954219929,0.8974358974358975,0.9188596491228069,blosum_nn,peptide,2,0.25
HLA-B*55:01,86,22,45,0.5232558139534884,True,True,True,,0.5349240137586366,0.8968253968253969,0.9833333333333334,blosum_nn,peptide,2,0.25
HLA-A*69:01,4,2,2,0.5,True,False,False,fewer_than_20_test_rows;fewer_than_10_distinct_nonzero_half_lives,0.632455532033676,1.0,,blosum_nn,peptide,2,0.5
HLA-A*80:01,78,14,45,0.5769230769230769,True,True,True,,0.33052723818362273,0.9422222222222222,,blosum_nn,peptide,2,0.5
HLA-B*41:01,77,18,45,0.5844155844155844,True,True,True,,0.601581367148118,0.9558823529411765,,blosum_nn,peptide,2,0.5
HLA-B*45:01,82,21,53,0.6463414634146342,True,True,True,,0.5487149592428736,0.8918617614269788,0.8289473684210527,blosum_nn,peptide,2,0.5
HLA-B*55:01,86,22,45,0.5232558139534884,True,True,True,,0.6617289743027057,0.9642857142857142,0.9770833333333333,blosum_nn,peptide,2,0.5
HLA-A*69:01,4,2,2,0.5,True,False,False,fewer_than_20_test_rows;fewer_than_10_distinct_nonzero_half_lives,-0.10540925533894598,0.33333333333333337,,blosum_nn,peptide,2,1.0
HLA-A*80:01,78,14,45,0.5769230769230769,True,True,True,,0.3698636426596958,0.7777777777777778,,blosum_nn,peptide,2,1.0
HLA-B*41:01,77,18,45,0.5844155844155844,True,True,True,,0.6620569455380753,0.9852941176470588,,blosum_nn,peptide,2,1.0
HLA-B*45:01,82,21,53,0.6463414634146342,True,True,True,,0.6153057765436677,0.9375696767001115,0.8662280701754387,blosum_nn,peptide,2,1.0
HLA-B*55:01,86,22,45,0.5232558139534884,True,True,True,,0.6652366058906085,0.9623015873015873,0.9916666666666667,blosum_nn,peptide,2,1.0
HLA-A*69:01,4,2,2,0.5,True,False,False,fewer_than_20_test_rows;fewer_than_10_distinct_nonzero_half_lives,0.9486832980505139,,,blosum_nn,peptide,3,0.1
HLA-B*13:02,3,1,2,0.6666666666666666,True,False,False,fewer_than_20_test_rows;fewer_than_10_distinct_nonzero_half_lives,0.8660254037844387,,,blosum_nn,peptide,3,0.1
HLA-B*41:01,76,15,38,0.5,True,True,True,,0.5824608502174947,0.919047619047619,0.9662162162162162,blosum_nn,peptide,3,0.1
HLA-B*45:01,79,20,50,0.6329113924050633,True,True,True,,0.5130735166357513,0.8412698412698413,0.8245614035087719,blosum_nn,peptide,3,0.1
HLA-B*51:01,65,23,35,0.5384615384615384,True,True,True,,0.38385395256119537,0.7093333333333334,0.6967455621301776,blosum_nn,peptide,3,0.1
HLA-B*55:01,76,21,48,0.631578947368421,True,True,True,,0.3992599847986546,0.8374792703150912,0.7488584474885844,blosum_nn,peptide,3,0.1
HLA-B*56:01,73,22,44,0.6027397260273972,True,True,True,,0.4559557968566308,0.8538461538461539,0.9507042253521127,blosum_nn,peptide,3,0.1
HLA-A*69:01,4,2,2,0.5,True,False,False,fewer_than_20_test_rows;fewer_than_10_distinct_nonzero_half_lives,0.9486832980505139,,,blosum_nn,peptide,3,0.25
HLA-B*13:02,3,1,2,0.6666666666666666,True,False,False,fewer_than_20_test_rows;fewer_than_10_distinct_nonzero_half_lives,0.8660254037844387,,,blosum_nn,peptide,3,0.25
HLA-B*41:01,76,15,38,0.5,True,True,True,,0.5162704549982736,0.9571428571428572,0.9121621621621622,blosum_nn,peptide,3,0.25
HLA-B*45:01,79,20,50,0.6329113924050633,True,True,True,,0.39512606763926983,0.753968253968254,0.6798245614035088,blosum_nn,peptide,3,0.25
HLA-B*51:01,65,23,35,0.5384615384615384,True,True,True,,0.5995249628479957,0.8173333333333334,0.8254437869822485,blosum_nn,peptide,3,0.25
HLA-B*55:01,76,21,48,0.631578947368421,True,True,True,,0.5605509656326335,0.8225538971807628,0.8310502283105022,blosum_nn,peptide,3,0.25
HLA-B*56:01,73,22,44,0.6027397260273972,True,True,True,,0.6656919721718075,0.967948717948718,0.9647887323943661,blosum_nn,peptide,3,0.25
HLA-A*69:01,4,2,2,0.5,True,False,False,fewer_than_20_test_rows;fewer_than_10_distinct_nonzero_half_lives,0.7378647873726218,,,blosum_nn,peptide,3,0.5
HLA-B*13:02,3,1,2,0.6666666666666666,True,False,False,fewer_than_20_test_rows;fewer_than_10_distinct_nonzero_half_lives,0.8660254037844387,,,blosum_nn,peptide,3,0.5
HLA-B*41:01,76,15,38,0.5,True,True,True,,0.48498177977751916,0.9714285714285714,0.972972972972973,blosum_nn,peptide,3,0.5
HLA-B*45:01,79,20,50,0.6329113924050633,True,True,True,,0.5966131684216954,0.926984126984127,0.8771929824561403,blosum_nn,peptide,3,0.5
HLA-B*51:01,65,23,35,0.5384615384615384,True,True,True,,0.6746588900940758,0.8346666666666667,0.8254437869822486,blosum_nn,peptide,3,0.5
HLA-B*55:01,76,21,48,0.631578947368421,True,True,True,,0.6423187276724388,0.8822553897180763,0.9634703196347032,blosum_nn,peptide,3,0.5
HLA-B*56:01,73,22,44,0.6027397260273972,True,True,True,,0.7196665251534577,0.9282051282051281,1.0,blosum_nn,peptide,3,0.5
HLA-A*69:01,4,2,2,0.5,True,False,False,fewer_than_20_test_rows;fewer_than_10_distinct_nonzero_half_lives,0.9486832980505139,,,blosum_nn,peptide,3,1.0
HLA-B*13:02,3,1,2,0.6666666666666666,True,False,False,fewer_than_20_test_rows;fewer_than_10_distinct_nonzero_half_lives,0.0,,,blosum_nn,peptide,3,1.0
HLA-B*41:01,76,15,38,0.5,True,True,True,,0.6507868913377116,0.980952380952381,0.9797297297297298,blosum_nn,peptide,3,1.0
HLA-B*45:01,79,20,50,0.6329113924050633,True,True,True,,0.4909662955778754,0.7507936507936507,0.6535087719298245,blosum_nn,peptide,3,1.0
HLA-B*51:01,65,23,35,0.5384615384615384,True,True,True,,0.6612880012048113,0.8453333333333333,0.8328402366863905,blosum_nn,peptide,3,1.0
HLA-B*55:01,76,21,48,0.631578947368421,True,True,True,,0.6246785145588832,0.8374792703150913,0.9863013698630138,blosum_nn,peptide,3,1.0
HLA-B*56:01,73,22,44,0.6027397260273972,True,True,True,,0.7058761316038122,0.8884615384615385,1.0,blosum_nn,peptide,3,1.0
HLA-B*41:01,77,13,51,0.6623376623376623,True,True,True,,0.24773582270754488,0.699530516431925,0.736842105263158,blosum_nn,peptide,4,0.1
HLA-B*45:01,78,16,58,0.7435897435897436,True,True,True,,0.2850069923192482,0.8339285714285715,0.8074324324324325,blosum_nn,peptide,4,0.1
HLA-B*51:01,72,32,37,0.5138888888888888,True,True,True,,0.013524088794259655,0.4853593611357587,0.6166883963494134,blosum_nn,peptide,4,0.1
HLA-B*41:01,77,13,51,0.6623376623376623,True,True,True,,0.34402895384566595,0.915492957746479,0.8289473684210527,blosum_nn,peptide,4,0.25
HLA-B*45:01,78,16,58,0.7435897435897436,True,True,True,,0.46935930356963446,0.9464285714285715,0.972972972972973,blosum_nn,peptide,4,0.25
HLA-B*51:01,72,32,37,0.5138888888888888,True,True,True,,0.3226757656308141,0.7036379769299024,0.7744458930899609,blosum_nn,peptide,4,0.25
HLA-B*41:01,77,13,51,0.6623376623376623,True,True,True,,0.4445847775086302,0.9295774647887324,0.9210526315789473,blosum_nn,peptide,4,0.5
HLA-B*45:01,78,16,58,0.7435897435897436,True,True,True,,0.4038052234629001,0.9482142857142857,0.9493243243243243,blosum_nn,peptide,4,0.5
HLA-B*51:01,72,32,37,0.5138888888888888,True,True,True,,0.5978788666321618,0.842058562555457,0.8670143415906127,blosum_nn,peptide,4,0.5
HLA-B*41:01,77,13,51,0.6623376623376623,True,True,True,,0.38472223960797075,0.9460093896713615,0.7105263157894737,blosum_nn,peptide,4,1.0
HLA-B*45:01,78,16,58,0.7435897435897436,True,True,True,,0.5067331103527503,0.9696428571428571,0.9763513513513513,blosum_nn,peptide,4,1.0
HLA-B*51:01,72,32,37,0.5138888888888888,True,True,True,,0.5693606793920926,0.8181011535048802,0.8917861799217731,blosum_nn,peptide,4,1.0
HLA-B*55:01,378,61,210,0.5555555555555556,True,True,True,,0.3941883514124039,0.7968252388535032,0.7984594280890577,blosum_ridge,allele,1,0.1
HLA-B*55:01,378,61,210,0.5555555555555556,True,True,True,,0.4015682937411928,0.7945362261146496,0.7950828321198691,blosum_ridge,allele,1,0.25
HLA-B*55:01,378,61,210,0.5555555555555556,True,True,True,,0.3837880046423076,0.7831906847133757,0.7517146776406035,blosum_ridge,allele,1,0.5
HLA-B*55:01,378,61,210,0.5555555555555556,True,True,True,,0.37742776159428987,0.7560708598726114,0.6911469874432837,blosum_ridge,allele,1,1.0
HLA-B*41:01,368,37,220,0.5978260869565217,True,True,True,,0.3622825592852245,0.8023243184533507,0.7589285714285714,blosum_ridge,allele,2,0.1
HLA-B*41:01,368,37,220,0.5978260869565217,True,True,True,,0.3971604568114155,0.8030846095362224,0.8688186813186813,blosum_ridge,allele,2,0.25
HLA-B*41:01,368,37,220,0.5978260869565217,True,True,True,,0.37448913749632595,0.8238296947974367,0.9168956043956045,blosum_ridge,allele,2,0.5
HLA-B*41:01,368,37,220,0.5978260869565217,True,True,True,,0.39387169340884726,0.8426197458455523,0.929945054945055,blosum_ridge,allele,2,1.0
HLA-B*51:01,353,93,179,0.5070821529745042,True,True,True,,-0.06409392141766419,0.5099017384731671,0.5201061441110431,blosum_ridge,allele,3,0.1
HLA-B*51:01,353,93,179,0.5070821529745042,True,True,True,,-0.04864630380186594,0.5190098261526833,0.5404164115125536,blosum_ridge,allele,3,0.25
HLA-B*51:01,353,93,179,0.5070821529745042,True,True,True,,0.004868887090847362,0.5466364323507181,0.5694529495815471,blosum_ridge,allele,3,0.5
HLA-B*51:01,353,93,179,0.5070821529745042,True,True,True,,0.012883205430440131,0.5520408163265306,0.5713921208409879,blosum_ridge,allele,3,1.0
HLA-B*45:01,368,51,247,0.6711956521739131,True,True,True,,0.25646750145570024,0.7311802232854865,0.6045325779036828,blosum_ridge,allele,4,0.1
HLA-B*45:01,368,51,247,0.6711956521739131,True,True,True,,0.25721105390786214,0.7240031897926634,0.5533522190745986,blosum_ridge,allele,4,0.25
HLA-B*45:01,368,51,247,0.6711956521739131,True,True,True,,0.24653636234473836,0.6959330143540671,0.5507082152974504,blosum_ridge,allele,4,0.5
HLA-B*45:01,368,51,247,0.6711956521739131,True,True,True,,0.20438062867993076,0.6755183413078151,0.5448536355051936,blosum_ridge,allele,4,1.0
HLA-B*41:01,368,37,220,0.5978260869565217,True,True,True,,0.23786141244600917,0.7076137721299012,0.8042582417582418,blosum_ridge,locus,1,1.0
HLA-B*45:01,368,51,247,0.6711956521739131,True,True,True,,0.21379915194756424,0.6421052631578946,0.5316336166194523,blosum_ridge,locus,1,1.0
HLA-B*51:01,353,93,179,0.5070821529745042,True,True,True,,0.08943744050808809,0.5967876039304612,0.6216064502959788,blosum_ridge,locus,1,1.0
HLA-B*55:01,378,61,210,0.5555555555555556,True,True,True,,0.01618006674182148,0.5171178343949044,0.42450142450142453,blosum_ridge,locus,1,1.0
HLA-B*41:01,64,12,41,0.640625,True,True,True,,0.14170036601119057,0.9841269841269842,,blosum_ridge,peptide,0,0.1
HLA-B*45:01,59,13,38,0.6440677966101694,True,True,True,,-0.07685409046233707,0.39473684210526316,0.27586206896551724,blosum_ridge,peptide,0,0.1
HLA-B*46:01,69,18,38,0.5507246376811594,True,True,True,,0.0735192777040105,0.48119122257053293,,blosum_ridge,peptide,0,0.1
HLA-B*51:01,76,22,47,0.618421052631579,True,True,True,,0.16556496602251927,0.6630109670987039,0.6965034965034965,blosum_ridge,peptide,0,0.1
HLA-B*54:01,73,22,40,0.547945205479452,True,True,True,,-0.02165526601905857,0.5491803278688525,0.5024875621890548,blosum_ridge,peptide,0,0.1
HLA-B*55:01,76,19,43,0.5657894736842105,True,True,True,,0.16934940987511135,0.6083916083916083,0.6849315068493151,blosum_ridge,peptide,0,0.1
HLA-B*41:01,64,12,41,0.640625,True,True,True,,0.22770224478003068,0.9841269841269842,,blosum_ridge,peptide,0,0.25
HLA-B*45:01,59,13,38,0.6440677966101694,True,True,True,,-0.03366420843885577,0.3421052631578948,0.017241379310344862,blosum_ridge,peptide,0,0.25
HLA-B*46:01,69,18,38,0.5507246376811594,True,True,True,,0.049833736984009294,0.44043887147335414,,blosum_ridge,peptide,0,0.25
HLA-B*51:01,76,22,47,0.618421052631579,True,True,True,,0.050364167985871254,0.5982053838484547,0.6321678321678321,blosum_ridge,peptide,0,0.25
HLA-B*54:01,73,22,40,0.547945205479452,True,True,True,,-0.07868811393675064,0.5122950819672131,0.3830845771144279,blosum_ridge,peptide,0,0.25
HLA-B*55:01,76,19,43,0.5657894736842105,True,True,True,,0.24444457110631257,0.6363636363636364,0.6712328767123288,blosum_ridge,peptide,0,0.25
HLA-B*41:01,64,12,41,0.640625,True,True,True,,0.2852946939927868,0.9523809523809523,,blosum_ridge,peptide,0,0.5
HLA-B*45:01,59,13,38,0.6440677966101694,True,True,True,,0.04762836792312759,0.4649122807017544,0.051724137931034475,blosum_ridge,peptide,0,0.5
HLA-B*46:01,69,18,38,0.5507246376811594,True,True,True,,0.08689369968284466,0.4952978056426332,,blosum_ridge,peptide,0,0.5
HLA-B*51:01,76,22,47,0.618421052631579,True,True,True,,0.13297454604284553,0.6580259222333,0.6909090909090909,blosum_ridge,peptide,0,0.5
HLA-B*54:01,73,22,40,0.547945205479452,True,True,True,,0.0380950392868396,0.5792349726775956,0.4676616915422886,blosum_ridge,peptide,0,0.5
HLA-B*55:01,76,19,43,0.5657894736842105,True,True,True,,0.3146139732708394,0.6923076923076923,0.7123287671232876,blosum_ridge,peptide,0,0.5
HLA-B*41:01,64,12,41,0.640625,True,True,True,,0.28017299401647866,0.9047619047619048,,blosum_ridge,peptide,0,1.0
HLA-B*45:01,59,13,38,0.6440677966101694,True,True,True,,0.08600419985545406,0.3859649122807018,0.051724137931034475,blosum_ridge,peptide,0,1.0
HLA-B*46:01,69,18,38,0.5507246376811594,True,True,True,,0.08322974875151733,0.4702194357366771,,blosum_ridge,peptide,0,1.0
HLA-B*51:01,76,22,47,0.618421052631579,True,True,True,,0.1512646089118991,0.6620139581256231,0.7006993006993008,blosum_ridge,peptide,0,1.0
HLA-B*54:01,73,22,40,0.547945205479452,True,True,True,,0.013536651089076363,0.5710382513661202,0.40298507462686567,blosum_ridge,peptide,0,1.0
HLA-B*55:01,76,19,43,0.5657894736842105,True,True,True,,0.35229754109993716,0.7146853146853147,0.7351598173515981,blosum_ridge,peptide,0,1.0
HLA-A*80:01,63,16,33,0.5238095238095238,True,True,True,,0.33067258614069334,0.4590643274853802,0.5409836065573771,blosum_ridge,peptide,1,0.1
HLA-B*13:02,1,0,1,1.0,True,False,False,fewer_than_20_test_rows;fewer_than_10_distinct_nonzero_half_lives,,,,blosum_ridge,peptide,1,0.1
HLA-B*41:01,74,17,45,0.6081081081081081,True,True,True,,0.4388416963625652,0.7884057971014493,0.9452054794520548,blosum_ridge,peptide,1,0.1
HLA-B*45:01,70,16,48,0.6857142857142857,True,True,True,,0.30148638611343576,0.7890625,0.9855072463768116,blosum_ridge,peptide,1,0.1
HLA-B*55:01,62,18,37,0.5967741935483871,True,True,True,,0.499466619178074,0.85,0.7801724137931034,blosum_ridge,peptide,1,0.1
HLA-A*80:01,63,16,33,0.5238095238095238,True,True,True,,0.39855677618292235,0.5906432748538013,0.8934426229508197,blosum_ridge,peptide,1,0.25
HLA-B*13:02,1,0,1,1.0,True,False,False,fewer_than_20_test_rows;fewer_than_10_distinct_nonzero_half_lives,,,,blosum_ridge,peptide,1,0.25
HLA-B*41:01,74,17,45,0.6081081081081081,True,True,True,,0.40875661706743593,0.7478260869565218,0.9315068493150684,blosum_ridge,peptide,1,0.25
HLA-B*45:01,70,16,48,0.6857142857142857,True,True,True,,0.3112007821124374,0.7395833333333334,0.855072463768116,blosum_ridge,peptide,1,0.25
HLA-B*55:01,62,18,37,0.5967741935483871,True,True,True,,0.454850098815082,0.8038461538461539,0.6551724137931034,blosum_ridge,peptide,1,0.25
HLA-A*80:01,63,16,33,0.5238095238095238,True,True,True,,0.43469245210597496,0.6461988304093568,0.860655737704918,blosum_ridge,peptide,1,0.5
HLA-B*13:02,1,0,1,1.0,True,False,False,fewer_than_20_test_rows;fewer_than_10_distinct_nonzero_half_lives,,,,blosum_ridge,peptide,1,0.5
HLA-B*41:01,74,17,45,0.6081081081081081,True,True,True,,0.44560579137187284,0.8115942028985508,0.9589041095890412,blosum_ridge,peptide,1,0.5
HLA-B*45:01,70,16,48,0.6857142857142857,True,True,True,,0.3918919138678208,0.7838541666666667,0.782608695652174,blosum_ridge,peptide,1,0.5
HLA-B*55:01,62,18,37,0.5967741935483871,True,True,True,,0.4154842503777602,0.7673076923076924,0.6681034482758621,blosum_ridge,peptide,1,0.5
HLA-A*80:01,63,16,33,0.5238095238095238,True,True,True,,0.40637059691053645,0.6608187134502924,0.8032786885245902,blosum_ridge,peptide,1,1.0
HLA-B*13:02,1,0,1,1.0,True,False,False,fewer_than_20_test_rows;fewer_than_10_distinct_nonzero_half_lives,,,,blosum_ridge,peptide,1,1.0
HLA-B*41:01,74,17,45,0.6081081081081081,True,True,True,,0.45130984164091575,0.83768115942029,1.0,blosum_ridge,peptide,1,1.0
HLA-B*45:01,70,16,48,0.6857142857142857,True,True,True,,0.3843244631552506,0.828125,0.782608695652174,blosum_ridge,peptide,1,1.0
HLA-B*55:01,62,18,37,0.5967741935483871,True,True,True,,0.35894728564297657,0.7403846153846153,0.5517241379310345,blosum_ridge,peptide,1,1.0
HLA-A*69:01,4,2,2,0.5,True,False,False,fewer_than_20_test_rows;fewer_than_10_distinct_nonzero_half_lives,-0.21081851067789195,0.6666666666666667,,blosum_ridge,peptide,2,0.1
HLA-A*80:01,78,14,45,0.5769230769230769,True,True,True,,0.03891373537353649,0.8177777777777777,,blosum_ridge,peptide,2,0.1
HLA-B*41:01,77,18,45,0.5844155844155844,True,True,True,,0.33301983142562064,0.7875816993464053,,blosum_ridge,peptide,2,0.1
HLA-B*45:01,82,21,53,0.6463414634146342,True,True,True,,0.2352527324041444,0.7268673355629878,0.7368421052631579,blosum_ridge,peptide,2,0.1
HLA-B*55:01,86,22,45,0.5232558139534884,True,True,True,,0.5639843336002737,0.8720238095238095,0.8395833333333333,blosum_ridge,peptide,2,0.1
HLA-A*69:01,4,2,2,0.5,True,False,False,fewer_than_20_test_rows;fewer_than_10_distinct_nonzero_half_lives,-0.21081851067789195,0.6666666666666667,,blosum_ridge,peptide,2,0.25
HLA-A*80:01,78,14,45,0.5769230769230769,True,True,True,,0.09018349751122631,0.7955555555555557,,blosum_ridge,peptide,2,0.25
HLA-B*41:01,77,18,45,0.5844155844155844,True,True,True,,0.33885429184380117,0.7973856209150327,,blosum_ridge,peptide,2,0.25
HLA-B*45:01,82,21,53,0.6463414634146342,True,True,True,,0.2429857773824459,0.6588628762541806,0.6403508771929824,blosum_ridge,peptide,2,0.25
HLA-B*55:01,86,22,45,0.5232558139534884,True,True,True,,0.4489462534412042,0.8244047619047619,0.7541666666666667,blosum_ridge,peptide,2,0.25
HLA-A*69:01,4,2,2,0.5,True,False,False,fewer_than_20_test_rows;fewer_than_10_distinct_nonzero_half_lives,-0.21081851067789195,0.6666666666666667,,blosum_ridge,peptide,2,0.5
HLA-A*80:01,78,14,45,0.5769230769230769,True,True,True,,0.1058504322452497,0.8088888888888889,,blosum_ridge,peptide,2,0.5
HLA-B*41:01,77,18,45,0.5844155844155844,True,True,True,,0.3858239026662321,0.7957516339869282,,blosum_ridge,peptide,2,0.5
HLA-B*45:01,82,21,53,0.6463414634146342,True,True,True,,0.2731663104196721,0.6588628762541806,0.6008771929824561,blosum_ridge,peptide,2,0.5
HLA-B*55:01,86,22,45,0.5232558139534884,True,True,True,,0.4871223367700072,0.8045634920634921,0.7041666666666666,blosum_ridge,peptide,2,0.5
HLA-A*69:01,4,2,2,0.5,True,False,False,fewer_than_20_test_rows;fewer_than_10_distinct_nonzero_half_lives,0.10540925533894598,0.6666666666666667,,blosum_ridge,peptide,2,1.0
HLA-A*80:01,78,14,45,0.5769230769230769,True,True,True,,0.044366166796258655,0.8399999999999999,,blosum_ridge,peptide,2,1.0
HLA-B*41:01,77,18,45,0.5844155844155844,True,True,True,,0.304126760437855,0.7908496732026145,,blosum_ridge,peptide,2,1.0
HLA-B*45:01,82,21,53,0.6463414634146342,True,True,True,,0.23399149442580525,0.6354515050167224,0.5767543859649122,blosum_ridge,peptide,2,1.0
HLA-B*55:01,86,22,45,0.5232558139534884,True,True,True,,0.49810407868911005,0.8184523809523809,0.75,blosum_ridge,peptide,2,1.0
HLA-A*69:01,4,2,2,0.5,True,False,False,fewer_than_20_test_rows;fewer_than_10_distinct_nonzero_half_lives,0.9486832980505139,,,blosum_ridge,peptide,3,0.1
HLA-B*13:02,3,1,2,0.6666666666666666,True,False,False,fewer_than_20_test_rows;fewer_than_10_distinct_nonzero_half_lives,0.8660254037844387,,,blosum_ridge,peptide,3,0.1
HLA-B*41:01,76,15,38,0.5,True,True,True,,0.4114336455980178,0.9285714285714286,0.8378378378378378,blosum_ridge,peptide,3,0.1
HLA-B*45:01,79,20,50,0.6329113924050633,True,True,True,,0.31086782549389197,0.819047619047619,0.7982456140350876,blosum_ridge,peptide,3,0.1
HLA-B*51:01,65,23,35,0.5384615384615384,True,True,True,,0.16823052550887646,0.6453333333333333,0.6878698224852071,blosum_ridge,peptide,3,0.1
HLA-B*55:01,76,21,48,0.631578947368421,True,True,True,,0.20510699405151997,0.5870646766169154,0.4292237442922374,blosum_ridge,peptide,3,0.1
HLA-B*56:01,73,22,44,0.6027397260273972,True,True,True,,0.27481286791400983,0.7653846153846154,0.5140845070422535,blosum_ridge,peptide,3,0.1
HLA-A*69:01,4,2,2,0.5,True,False,False,fewer_than_20_test_rows;fewer_than_10_distinct_nonzero_half_lives,0.9486832980505139,,,blosum_ridge,peptide,3,0.25
HLA-B*13:02,3,1,2,0.6666666666666666,True,False,False,fewer_than_20_test_rows;fewer_than_10_distinct_nonzero_half_lives,0.8660254037844387,,,blosum_ridge,peptide,3,0.25
HLA-B*41:01,76,15,38,0.5,True,True,True,,0.3810811439229054,0.9619047619047618,0.9864864864864865,blosum_ridge,peptide,3,0.25
HLA-B*45:01,79,20,50,0.6329113924050633,True,True,True,,0.3571112286245157,0.8857142857142857,0.763157894736842,blosum_ridge,peptide,3,0.25
HLA-B*51:01,65,23,35,0.5384615384615384,True,True,True,,0.15188568446452655,0.632,0.7115384615384616,blosum_ridge,peptide,3,0.25
HLA-B*55:01,76,21,48,0.631578947368421,True,True,True,,0.3207800044144225,0.6533996683250415,0.5068493150684932,blosum_ridge,peptide,3,0.25
HLA-B*56:01,73,22,44,0.6027397260273972,True,True,True,,0.3185930033855424,0.7256410256410257,0.6126760563380282,blosum_ridge,peptide,3,0.25
HLA-A*69:01,4,2,2,0.5,True,False,False,fewer_than_20_test_rows;fewer_than_10_distinct_nonzero_half_lives,0.9486832980505139,,,blosum_ridge,peptide,3,0.5
HLA-B*13:02,3,1,2,0.6666666666666666,True,False,False,fewer_than_20_test_rows;fewer_than_10_distinct_nonzero_half_lives,0.8660254037844387,,,blosum_ridge,peptide,3,0.5
HLA-B*41:01,76,15,38,0.5,True,True,True,,0.3640983706964931,0.9666666666666667,0.9864864864864865,blosum_ridge,peptide,3,0.5
HLA-B*45:01,79,20,50,0.6329113924050633,True,True,True,,0.3390055695681929,0.8444444444444446,0.7807017543859648,blosum_ridge,peptide,3,0.5
HLA-B*51:01,65,23,35,0.5384615384615384,True,True,True,,0.1258338635859776,0.6133333333333333,0.6863905325443788,blosum_ridge,peptide,3,0.5
HLA-B*55:01,76,21,48,0.631578947368421,True,True,True,,0.3634895526517226,0.6948590381426203,0.6484018264840183,blosum_ridge,peptide,3,0.5
HLA-B*56:01,73,22,44,0.6027397260273972,True,True,True,,0.3534879359244553,0.7551282051282051,0.8098591549295774,blosum_ridge,peptide,3,0.5
HLA-A*69:01,4,2,2,0.5,True,False,False,fewer_than_20_test_rows;fewer_than_10_distinct_nonzero_half_lives,0.9486832980505139,,,blosum_ridge,peptide,3,1.0
HLA-B*13:02,3,1,2,0.6666666666666666,True,False,False,fewer_than_20_test_rows;fewer_than_10_distinct_nonzero_half_lives,0.8660254037844387,,,blosum_ridge,peptide,3,1.0
HLA-B*41:01,76,15,38,0.5,True,True,True,,0.3427565393981851,0.9761904761904763,0.9662162162162162,blosum_ridge,peptide,3,1.0
HLA-B*45:01,79,20,50,0.6329113924050633,True,True,True,,0.3163770182495513,0.8365079365079364,0.8333333333333334,blosum_ridge,peptide,3,1.0
HLA-B*51:01,65,23,35,0.5384615384615384,True,True,True,,0.13703971530633977,0.6173333333333334,0.6701183431952663,blosum_ridge,peptide,3,1.0
HLA-B*55:01,76,21,48,0.631578947368421,True,True,True,,0.30182783996715273,0.6533996683250415,0.639269406392694,blosum_ridge,peptide,3,1.0
HLA-B*56:01,73,22,44,0.6027397260273972,True,True,True,,0.3133736012699171,0.7243589743589743,0.7183098591549296,blosum_ridge,peptide,3,1.0
HLA-B*41:01,77,13,51,0.6623376623376623,True,True,True,,0.11702886620402428,0.42488262910798125,0.5394736842105263,blosum_ridge,peptide,4,0.1
HLA-B*45:01,78,16,58,0.7435897435897436,True,True,True,,0.04670192635054926,0.47857142857142854,0.3918918918918919,blosum_ridge,peptide,4,0.1
HLA-B*51:01,72,32,37,0.5138888888888888,True,True,True,,-0.07519531723457926,0.5075421472937001,0.5241199478487615,blosum_ridge,peptide,4,0.1
HLA-B*41:01,77,13,51,0.6623376623376623,True,True,True,,0.23007609653319513,0.6995305164319249,0.8421052631578947,blosum_ridge,peptide,4,0.25
HLA-B*45:01,78,16,58,0.7435897435897436,True,True,True,,0.1171338364501426,0.6035714285714285,0.5067567567567568,blosum_ridge,peptide,4,0.25
HLA-B*51:01,72,32,37,0.5138888888888888,True,True,True,,-0.042422749120612446,0.541259982253771,0.560625814863103,blosum_ridge,peptide,4,0.25
HLA-B*41:01,77,13,51,0.6623376623376623,True,True,True,,0.258587732248812,0.6502347417840376,0.9210526315789473,blosum_ridge,peptide,4,0.5
HLA-B*45:01,78,16,58,0.7435897435897436,True,True,True,,0.10521940710947672,0.5946428571428571,0.5743243243243243,blosum_ridge,peptide,4,0.5
HLA-B*51:01,72,32,37,0.5138888888888888,True,True,True,,0.06364277079651602,0.5740905057675244,0.6010430247718384,blosum_ridge,peptide,4,0.5
HLA-B*41:01,77,13,51,0.6623376623376623,True,True,True,,0.31002109919691817,0.744131455399061,0.9868421052631579,blosum_ridge,peptide,4,1.0
HLA-B*45:01,78,16,58,0.7435897435897436,True,True,True,,0.17042742495320412,0.6553571428571429,0.6013513513513513,blosum_ridge,peptide,4,1.0
HLA-B*51:01,72,32,37,0.5138888888888888,True,True,True,,0.06257052846244429,0.5581188997338066,0.5840938722294654,blosum_ridge,peptide,4,1.0
HLA-B*55:01,378,61,210,0.5555555555555556,True,True,True,,0.3459270610333079,0.784484474522293,0.8106995884773661,esm2_joint,allele,1,0.1
HLA-B*55:01,378,61,210,0.5555555555555556,True,True,True,,0.4046536347419172,0.8011544585987261,0.8316977946607576,esm2_joint,allele,1,0.25
HLA-B*55:01,378,61,210,0.5555555555555556,True,True,True,,0.40572008346302046,0.7867237261146497,0.7959269811121662,esm2_joint,allele,1,0.5
HLA-B*55:01,378,61,210,0.5555555555555556,True,True,True,,0.40058521282099513,0.7579617834394905,0.7313495832014351,esm2_joint,allele,1,1.0
HLA-B*41:01,368,37,220,0.5978260869565217,True,True,True,,0.3549115349457965,0.698707505159118,0.6037087912087912,esm2_joint,allele,2,0.1
HLA-B*41:01,368,37,220,0.5978260869565217,True,True,True,,0.3547971691594436,0.7147822309112631,0.7795329670329672,esm2_joint,allele,2,0.25
HLA-B*41:01,368,37,220,0.5978260869565217,True,True,True,,0.3547546555120227,0.7643097643097643,0.7692307692307692,esm2_joint,allele,2,0.5
HLA-B*41:01,368,37,220,0.5978260869565217,True,True,True,,0.3571720928819855,0.7631150211795373,0.7898351648351648,esm2_joint,allele,2,1.0
HLA-B*51:01,353,93,179,0.5070821529745042,True,True,True,,-0.005356872890308586,0.5284202569916856,0.5223004694835681,esm2_joint,allele,3,0.1
HLA-B*51:01,353,93,179,0.5070821529745042,True,True,True,,0.0640251704207377,0.5626606198034769,0.5700653194529496,esm2_joint,allele,3,0.25
HLA-B*51:01,353,93,179,0.5070821529745042,True,True,True,,0.09126329767638545,0.5862811791383219,0.5902735252092263,esm2_joint,allele,3,0.5
HLA-B*51:01,353,93,179,0.5070821529745042,True,True,True,,0.07475573825379433,0.5808767951625095,0.5745560318432333,esm2_joint,allele,3,1.0
HLA-B*45:01,368,51,247,0.6711956521739131,True,True,True,,0.21419644364166243,0.6683413078149921,0.6455146364494806,esm2_joint,allele,4,0.1
HLA-B*45:01,368,51,247,0.6711956521739131,True,True,True,,0.19768029560965394,0.686682615629984,0.5956562795089707,esm2_joint,allele,4,0.25
HLA-B*45:01,368,51,247,0.6711956521739131,True,True,True,,0.20566678125422094,0.6793460925039873,0.5813031161473088,esm2_joint,allele,4,0.5
HLA-B*45:01,368,51,247,0.6711956521739131,True,True,True,,0.17526459656858615,0.6676236044657097,0.5501416430594901,esm2_joint,allele,4,1.0
HLA-B*41:01,368,37,220,0.5978260869565217,True,True,True,,0.3298439671712799,0.7703920929727381,0.8090659340659341,esm2_joint,locus,1,1.0
HLA-B*45:01,368,51,247,0.6711956521739131,True,True,True,,0.1380235456784117,0.6616427432216906,0.5459867799811142,esm2_joint,locus,1,1.0
HLA-B*51:01,353,93,179,0.5070821529745042,True,True,True,,0.1618949938412184,0.6323885109599394,0.6231373749744845,esm2_joint,locus,1,1.0
HLA-B*55:01,378,61,210,0.5555555555555556,True,True,True,,0.19950720360679616,0.6335091560509554,0.5555555555555555,esm2_joint,locus,1,1.0
HLA-B*41:01,64,12,41,0.640625,True,True,True,,0.11337096301723645,0.7777777777777778,,esm2_joint,peptide,0,0.1
HLA-B*45:01,59,13,38,0.6440677966101694,True,True,True,,-0.05565178474171898,0.5789473684210527,0.6551724137931034,esm2_joint,peptide,0,0.1
HLA-B*46:01,69,18,38,0.5507246376811594,True,True,True,,0.13806888318269508,0.5736677115987461,,esm2_joint,peptide,0,0.1
HLA-B*51:01,76,22,47,0.618421052631579,True,True,True,,0.25080385610857914,0.7158524426719841,0.7622377622377623,esm2_joint,peptide,0,0.1
HLA-B*54:01,73,22,40,0.547945205479452,True,True,True,,0.22983613201989134,0.7336065573770492,0.7611940298507462,esm2_joint,peptide,0,0.1
HLA-B*55:01,76,19,43,0.5657894736842105,True,True,True,,0.2945331947444277,0.7160839160839161,0.7488584474885844,esm2_joint,peptide,0,0.1
HLA-B*41:01,64,12,41,0.640625,True,True,True,,0.20513475425942312,0.9365079365079365,,esm2_joint,peptide,0,0.25
HLA-B*45:01,59,13,38,0.6440677966101694,True,True,True,,0.0694110910306225,0.6491228070175439,0.5517241379310345,esm2_joint,peptide,0,0.25
HLA-B*46:01,69,18,38,0.5507246376811594,True,True,True,,0.16117379779882476,0.5783699059561129,,esm2_joint,peptide,0,0.25
HLA-B*51:01,76,22,47,0.618421052631579,True,True,True,,0.16681663841732192,0.6769690927218346,0.6867132867132868,esm2_joint,peptide,0,0.25
HLA-B*54:01,73,22,40,0.547945205479452,True,True,True,,0.1385396909465571,0.6789617486338798,0.6368159203980099,esm2_joint,peptide,0,0.25
HLA-B*55:01,76,19,43,0.5657894736842105,True,True,True,,0.3453319738308056,0.7328671328671329,0.7853881278538812,esm2_joint,peptide,0,0.25
HLA-B*41:01,64,12,41,0.640625,True,True,True,,0.35843897177943673,0.9523809523809523,,esm2_joint,peptide,0,0.5
HLA-B*45:01,59,13,38,0.6440677966101694,True,True,True,,0.11840514692287205,0.7543859649122806,0.5517241379310345,esm2_joint,peptide,0,0.5
HLA-B*46:01,69,18,38,0.5507246376811594,True,True,True,,0.13764842979713293,0.5783699059561129,,esm2_joint,peptide,0,0.5
HLA-B*51:01,76,22,47,0.618421052631579,True,True,True,,0.21431760580008216,0.7357926221335992,0.7384615384615385,esm2_joint,peptide,0,0.5
HLA-B*54:01,73,22,40,0.547945205479452,True,True,True,,0.20983497049800168,0.7172131147540983,0.7014925373134329,esm2_joint,peptide,0,0.5
HLA-B*55:01,76,19,43,0.5657894736842105,True,True,True,,0.3880621782496863,0.7762237762237763,0.7853881278538812,esm2_joint,peptide,0,0.5
HLA-B*41:01,64,12,41,0.640625,True,True,True,,0.31543803239501667,0.9523809523809523,,esm2_joint,peptide,0,1.0
HLA-B*45:01,59,13,38,0.6440677966101694,True,True,True,,0.19754676473348837,0.6754385964912281,0.5344827586206897,esm2_joint,peptide,0,1.0
HLA-B*46:01,69,18,38,0.5507246376811594,True,True,True,,0.1363670480506578,0.5470219435736677,,esm2_joint,peptide,0,1.0
HLA-B*51:01,76,22,47,0.618421052631579,True,True,True,,0.2631328291973851,0.769690927218345,0.779020979020979,esm2_joint,peptide,0,1.0
HLA-B*54:01,73,22,40,0.547945205479452,True,True,True,,0.20294849463223716,0.7418032786885247,0.6293532338308457,esm2_joint,peptide,0,1.0
HLA-B*55:01,76,19,43,0.5657894736842105,True,True,True,,0.4374557561299272,0.7888111888111888,0.771689497716895,esm2_joint,peptide,0,1.0
HLA-A*80:01,63,16,33,0.5238095238095238,True,True,True,,0.26252880072545387,0.5233918128654971,0.4098360655737705,esm2_joint,peptide,1,0.1
HLA-B*13:02,1,0,1,1.0,True,False,False,fewer_than_20_test_rows;fewer_than_10_distinct_nonzero_half_lives,,,,esm2_joint,peptide,1,0.1
HLA-B*41:01,74,17,45,0.6081081081081081,True,True,True,,0.19972588995144544,0.7130434782608696,0.9589041095890412,esm2_joint,peptide,1,0.1
HLA-B*45:01,70,16,48,0.6857142857142857,True,True,True,,0.0940191980384775,0.734375,0.927536231884058,esm2_joint,peptide,1,0.1
HLA-B*55:01,62,18,37,0.5967741935483871,True,True,True,,0.3881523743538663,0.7423076923076923,0.6206896551724138,esm2_joint,peptide,1,0.1
HLA-A*80:01,63,16,33,0.5238095238095238,True,True,True,,0.24305914774967116,0.4941520467836258,0.6065573770491803,esm2_joint,peptide,1,0.25
HLA-B*13:02,1,0,1,1.0,True,False,False,fewer_than_20_test_rows;fewer_than_10_distinct_nonzero_half_lives,,,,esm2_joint,peptide,1,0.25
HLA-B*41:01,74,17,45,0.6081081081081081,True,True,True,,0.28195507480340115,0.7594202898550724,0.9726027397260274,esm2_joint,peptide,1,0.25
HLA-B*45:01,70,16,48,0.6857142857142857,True,True,True,,0.13368454362739884,0.6744791666666667,0.8405797101449275,esm2_joint,peptide,1,0.25
HLA-B*55:01,62,18,37,0.5967741935483871,True,True,True,,0.30309148915800954,0.675,0.6077586206896551,esm2_joint,peptide,1,0.25
HLA-A*80:01,63,16,33,0.5238095238095238,True,True,True,,0.31211151697044714,0.5847953216374269,0.5983606557377049,esm2_joint,peptide,1,0.5
HLA-B*13:02,1,0,1,1.0,True,False,False,fewer_than_20_test_rows;fewer_than_10_distinct_nonzero_half_lives,,,,esm2_joint,peptide,1,0.5
HLA-B*41:01,74,17,45,0.6081081081081081,True,True,True,,0.27912828882936214,0.7710144927536232,0.904109589041096,esm2_joint,peptide,1,0.5
HLA-B*45:01,70,16,48,0.6857142857142857,True,True,True,,0.2223257500077857,0.7369791666666666,0.855072463768116,esm2_joint,peptide,1,0.5
HLA-B*55:01,62,18,37,0.5967741935483871,True,True,True,,0.36777409088018426,0.6807692307692308,0.6594827586206896,esm2_joint,peptide,1,0.5
HLA-A*80:01,63,16,33,0.5238095238095238,True,True,True,,0.22013687631284973,0.5672514619883041,0.6311475409836065,esm2_joint,peptide,1,1.0
HLA-B*13:02,1,0,1,1.0,True,False,False,fewer_than_20_test_rows;fewer_than_10_distinct_nonzero_half_lives,,,,esm2_joint,peptide,1,1.0
HLA-B*41:01,74,17,45,0.6081081081081081,True,True,True,,0.3063865821504524,0.8,0.9863013698630136,esm2_joint,peptide,1,1.0
HLA-B*45:01,70,16,48,0.6857142857142857,True,True,True,,0.2397989086755742,0.7630208333333334,0.8115942028985508,esm2_joint,peptide,1,1.0
HLA-B*55:01,62,18,37,0.5967741935483871,True,True,True,,0.24740598473549666,0.6211538461538462,0.43965517241379315,esm2_joint,peptide,1,1.0
HLA-A*69:01,4,2,2,0.5,True,False,False,fewer_than_20_test_rows;fewer_than_10_distinct_nonzero_half_lives,-0.7378647873726218,0.33333333333333337,,esm2_joint,peptide,2,0.1
HLA-A*80:01,78,14,45,0.5769230769230769,True,True,True,,0.03784297364711043,0.7555555555555555,,esm2_joint,peptide,2,0.1
HLA-B*41:01,77,18,45,0.5844155844155844,True,True,True,,0.3656751741188126,0.7941176470588236,,esm2_joint,peptide,2,0.1
HLA-B*45:01,82,21,53,0.6463414634146342,True,True,True,,0.060412025184688224,0.6064659977703456,0.5986842105263157,esm2_joint,peptide,2,0.1
HLA-B*55:01,86,22,45,0.5232558139534884,True,True,True,,0.5426734323830732,0.8283730158730159,0.80625,esm2_joint,peptide,2,0.1
HLA-A*69:01,4,2,2,0.5,True,False,False,fewer_than_20_test_rows;fewer_than_10_distinct_nonzero_half_lives,-0.7378647873726218,0.33333333333333337,,esm2_joint,peptide,2,0.25
HLA-A*80:01,78,14,45,0.5769230769230769,True,True,True,,0.07205099301240608,0.6977777777777777,,esm2_joint,peptide,2,0.25
HLA-B*41:01,77,18,45,0.5844155844155844,True,True,True,,0.3494209846414632,0.7843137254901961,,esm2_joint,peptide,2,0.25
HLA-B*45:01,82,21,53,0.6463414634146342,True,True,True,,0.08026059862158073,0.5529542920847269,0.4934210526315789,esm2_joint,peptide,2,0.25
HLA-B*55:01,86,22,45,0.5232558139534884,True,True,True,,0.5121651948510809,0.8244047619047619,0.8,esm2_joint,peptide,2,0.25
HLA-A*69:01,4,2,2,0.5,True,False,False,fewer_than_20_test_rows;fewer_than_10_distinct_nonzero_half_lives,-0.21081851067789195,0.6666666666666667,,esm2_joint,peptide,2,0.5
HLA-A*80:01,78,14,45,0.5769230769230769,True,True,True,,0.10273676985656341,0.7022222222222222,,esm2_joint,peptide,2,0.5
HLA-B*41:01,77,18,45,0.5844155844155844,True,True,True,,0.3683646105332383,0.7777777777777778,,esm2_joint,peptide,2,0.5
HLA-B*45:01,82,21,53,0.6463414634146342,True,True,True,,0.2077220730991863,0.6343366778149386,0.5175438596491229,esm2_joint,peptide,2,0.5
HLA-B*55:01,86,22,45,0.5232558139534884,True,True,True,,0.5023254725187374,0.8045634920634921,0.7625,esm2_joint,peptide,2,0.5
HLA-A*69:01,4,2,2,0.5,True,False,False,fewer_than_20_test_rows;fewer_than_10_distinct_nonzero_half_lives,-0.21081851067789195,0.6666666666666667,,esm2_joint,peptide,2,1.0
HLA-A*80:01,78,14,45,0.5769230769230769,True,True,True,,0.00920009746521337,0.7155555555555555,,esm2_joint,peptide,2,1.0
HLA-B*41:01,77,18,45,0.5844155844155844,True,True,True,,0.389248157773124,0.815359477124183,,esm2_joint,peptide,2,1.0
HLA-B*45:01,82,21,53,0.6463414634146342,True,True,True,,0.1539729515778452,0.5953177257525084,0.5899122807017544,esm2_joint,peptide,2,1.0
HLA-B*55:01,86,22,45,0.5232558139534884,True,True,True,,0.5923206945967329,0.8630952380952381,0.8666666666666666,esm2_joint,peptide,2,1.0
HLA-A*69:01,4,2,2,0.5,True,False,False,fewer_than_20_test_rows;fewer_than_10_distinct_nonzero_half_lives,0.9486832980505139,,,esm2_joint,peptide,3,0.1
HLA-B*13:02,3,1,2,0.6666666666666666,True,False,False,fewer_than_20_test_rows;fewer_than_10_distinct_nonzero_half_lives,0.8660254037844387,,,esm2_joint,peptide,3,0.1
HLA-B*41:01,76,15,38,0.5,True,True,True,,0.42505204514477907,0.8738095238095238,0.8310810810810811,esm2_joint,peptide,3,0.1
HLA-B*45:01,79,20,50,0.6329113924050633,True,True,True,,0.16479672243015728,0.719047619047619,0.5833333333333334,esm2_joint,peptide,3,0.1
HLA-B*51:01,65,23,35,0.5384615384615384,True,True,True,,0.0771086314770568,0.604,0.6050295857988166,esm2_joint,peptide,3,0.1
HLA-B*55:01,76,21,48,0.631578947368421,True,True,True,,0.29719649369271567,0.6334991708126037,0.4611872146118721,esm2_joint,peptide,3,0.1
HLA-B*56:01,73,22,44,0.6027397260273972,True,True,True,,0.1690981548296394,0.7307692307692308,0.6126760563380281,esm2_joint,peptide,3,0.1
HLA-A*69:01,4,2,2,0.5,True,False,False,fewer_than_20_test_rows;fewer_than_10_distinct_nonzero_half_lives,0.9486832980505139,,,esm2_joint,peptide,3,0.25
HLA-B*13:02,3,1,2,0.6666666666666666,True,False,False,fewer_than_20_test_rows;fewer_than_10_distinct_nonzero_half_lives,0.8660254037844387,,,esm2_joint,peptide,3,0.25
HLA-B*41:01,76,15,38,0.5,True,True,True,,0.4201225063185079,0.9023809523809524,0.9527027027027026,esm2_joint,peptide,3,0.25
HLA-B*45:01,79,20,50,0.6329113924050633,True,True,True,,0.254845957472149,0.7619047619047619,0.5789473684210527,esm2_joint,peptide,3,0.25
HLA-B*51:01,65,23,35,0.5384615384615384,True,True,True,,0.11170164294501131,0.6279999999999999,0.6597633136094675,esm2_joint,peptide,3,0.25
HLA-B*55:01,76,21,48,0.631578947368421,True,True,True,,0.3542268601028485,0.6882255389718076,0.5296803652968036,esm2_joint,peptide,3,0.25
HLA-B*56:01,73,22,44,0.6027397260273972,True,True,True,,0.18428504392861605,0.6589743589743591,0.647887323943662,esm2_joint,peptide,3,0.25
HLA-A*69:01,4,2,2,0.5,True,False,False,fewer_than_20_test_rows;fewer_than_10_distinct_nonzero_half_lives,0.10540925533894598,,,esm2_joint,peptide,3,0.5
HLA-B*13:02,3,1,2,0.6666666666666666,True,False,False,fewer_than_20_test_rows;fewer_than_10_distinct_nonzero_half_lives,0.8660254037844387,,,esm2_joint,peptide,3,0.5
HLA-B*41:01,76,15,38,0.5,True,True,True,,0.37062233009268597,0.8904761904761905,0.9324324324324325,esm2_joint,peptide,3,0.5
HLA-B*45:01,79,20,50,0.6329113924050633,True,True,True,,0.2867880034493349,0.807936507936508,0.7061403508771931,esm2_joint,peptide,3,0.5
HLA-B*51:01,65,23,35,0.5384615384615384,True,True,True,,0.09452409529723747,0.6,0.6257396449704142,esm2_joint,peptide,3,0.5
HLA-B*55:01,76,21,48,0.631578947368421,True,True,True,,0.38460722713174966,0.7097844112769486,0.5251141552511416,esm2_joint,peptide,3,0.5
HLA-B*56:01,73,22,44,0.6027397260273972,True,True,True,,0.19268147341896974,0.691025641025641,0.5915492957746479,esm2_joint,peptide,3,0.5
HLA-A*69:01,4,2,2,0.5,True,False,False,fewer_than_20_test_rows;fewer_than_10_distinct_nonzero_half_lives,0.9486832980505139,,,esm2_joint,peptide,3,1.0
HLA-B*13:02,3,1,2,0.6666666666666666,True,False,False,fewer_than_20_test_rows;fewer_than_10_distinct_nonzero_half_lives,0.8660254037844387,,,esm2_joint,peptide,3,1.0
HLA-B*41:01,76,15,38,0.5,True,True,True,,0.36583906838292124,0.8357142857142856,0.9054054054054055,esm2_joint,peptide,3,1.0
HLA-B*45:01,79,20,50,0.6329113924050633,True,True,True,,0.31913865963090476,0.7984126984126984,0.7543859649122808,esm2_joint,peptide,3,1.0
HLA-B*51:01,65,23,35,0.5384615384615384,True,True,True,,0.09645121629373288,0.6093333333333334,0.6272189349112426,esm2_joint,peptide,3,1.0
HLA-B*55:01,76,21,48,0.631578947368421,True,True,True,,0.2927864404143268,0.6202321724709785,0.4657534246575343,esm2_joint,peptide,3,1.0
HLA-B*56:01,73,22,44,0.6027397260273972,True,True,True,,0.15356214184333003,0.6666666666666666,0.5633802816901409,esm2_joint,peptide,3,1.0
HLA-B*41:01,77,13,51,0.6623376623376623,True,True,True,,0.0669383254725353,0.5164319248826291,0.2894736842105263,esm2_joint,peptide,4,0.1
HLA-B*45:01,78,16,58,0.7435897435897436,True,True,True,,-0.043999344868019236,0.4714285714285715,0.34459459459459457,esm2_joint,peptide,4,0.1
HLA-B*51:01,72,32,37,0.5138888888888888,True,True,True,,-0.01793411774890954,0.49955634427684115,0.5671447196870926,esm2_joint,peptide,4,0.1
HLA-B*41:01,77,13,51,0.6623376623376623,True,True,True,,0.17904870030174064,0.6666666666666666,0.6052631578947368,esm2_joint,peptide,4,0.25
HLA-B*45:01,78,16,58,0.7435897435897436,True,True,True,,0.09640305898049158,0.6089285714285715,0.45945945945945943,esm2_joint,peptide,4,0.25
HLA-B*51:01,72,32,37,0.5138888888888888,True,True,True,,0.05855826682527262,0.5554569653948536,0.5736636245110822,esm2_joint,peptide,4,0.25
HLA-B*41:01,77,13,51,0.6623376623376623,True,True,True,,0.24058449239114152,0.6455399061032864,0.6710526315789473,esm2_joint,peptide,4,0.5
HLA-B*45:01,78,16,58,0.7435897435897436,True,True,True,,0.14778506545932454,0.6910714285714286,0.5540540540540541,esm2_joint,peptide,4,0.5
HLA-B*51:01,72,32,37,0.5138888888888888,True,True,True,,0.11383062972355121,0.5838509316770186,0.6245110821382007,esm2_joint,peptide,4,0.5
HLA-B*41:01,77,13,51,0.6623376623376623,True,True,True,,0.28645918337278575,0.6643192488262911,0.6447368421052632,esm2_joint,peptide,4,1.0
HLA-B*45:01,78,16,58,0.7435897435897436,True,True,True,,0.1889829539125261,0.7196428571428571,0.6554054054054055,esm2_joint,peptide,4,1.0
HLA-B*51:01,72,32,37,0.5138888888888888,True,True,True,,0.10971460269921132,0.5732031943212068,0.6179921773142112,esm2_joint,peptide,4,1.0
HLA-B*55:01,378,61,210,0.5555555555555556,True,True,True,,0.45651365553697854,0.7706508757961784,0.7707080299672893,esm2_joint_nn,allele,1,1.0
HLA-B*41:01,368,37,220,0.5978260869565217,True,True,True,,0.25215346842868086,0.7720212881503203,0.7527472527472527,esm2_joint_nn,allele,2,1.0
HLA-B*51:01,353,93,179,0.5070821529745042,True,True,True,,0.1611391717111776,0.5881330309901739,0.5867013676260462,esm2_joint_nn,allele,3,1.0
HLA-B*45:01,368,51,247,0.6711956521739131,True,True,True,,0.29970367824360855,0.6474481658692185,0.5335221907459868,esm2_joint_nn,allele,4,1.0
HLA-B*41:01,368,37,220,0.5978260869565217,True,True,True,,0.05019177513681133,0.713044422721842,0.7122252747252747,esm2_joint_nn,locus,1,1.0
HLA-B*45:01,368,51,247,0.6711956521739131,True,True,True,,0.029314822113580226,0.5562998405103668,0.48083097261567515,esm2_joint_nn,locus,1,1.0
HLA-B*51:01,353,93,179,0.5070821529745042,True,True,True,,0.06325823110821517,0.5786470143613001,0.5623596652378036,esm2_joint_nn,locus,1,1.0
HLA-B*55:01,378,61,210,0.5555555555555556,True,True,True,,0.2422656088201028,0.6192277070063694,0.5887939221272553,esm2_joint_nn,locus,1,1.0
HLA-B*41:01,64,12,41,0.640625,True,True,True,,0.38097978677933436,0.873015873015873,,esm2_joint_nn,peptide,0,1.0
HLA-B*45:01,59,13,38,0.6440677966101694,True,True,True,,0.2897648448484472,0.6666666666666667,0.6896551724137931,esm2_joint_nn,peptide,0,1.0
HLA-B*46:01,69,18,38,0.5507246376811594,True,True,True,,0.06094571931672331,0.5031347962382444,,esm2_joint_nn,peptide,0,1.0
HLA-B*51:01,76,22,47,0.618421052631579,True,True,True,,0.35783749176913987,0.769690927218345,0.7692307692307692,esm2_joint_nn,peptide,0,1.0
HLA-B*54:01,73,22,40,0.547945205479452,True,True,True,,0.25955937711697796,0.75,0.6393034825870647,esm2_joint_nn,peptide,0,1.0
HLA-B*55:01,76,19,43,0.5657894736842105,True,True,True,,0.288277782923559,0.6153846153846154,0.7808219178082192,esm2_joint_nn,peptide,0,1.0
HLA-A*80:01,63,16,33,0.5238095238095238,True,True,True,,0.3771984071006353,0.7266081871345029,0.4139344262295082,esm2_joint_nn,peptide,1,1.0
HLA-B*13:02,1,0,1,1.0,True,False,False,fewer_than_20_test_rows;fewer_than_10_distinct_nonzero_half_lives,,,,esm2_joint_nn,peptide,1,1.0
HLA-B*41:01,74,17,45,0.6081081081081081,True,True,True,,0.3260226490058304,0.8289855072463768,0.863013698630137,esm2_joint_nn,peptide,1,1.0
HLA-B*45:01,70,16,48,0.6857142857142857,True,True,True,,0.28968881548007497,0.8125,0.8115942028985508,esm2_joint_nn,peptide,1,1.0
HLA-B*55:01,62,18,37,0.5967741935483871,True,True,True,,0.36016771209056475,0.7749999999999999,0.8318965517241379,esm2_joint_nn,peptide,1,1.0
HLA-A*69:01,4,2,2,0.5,True,False,False,fewer_than_20_test_rows;fewer_than_10_distinct_nonzero_half_lives,0.7378647873726218,0.6666666666666667,,esm2_joint_nn,peptide,2,1.0
HLA-A*80:01,78,14,45,0.5769230769230769,True,True,True,,0.14101650157629497,0.6355555555555555,,esm2_joint_nn,peptide,2,1.0
HLA-B*41:01,77,18,45,0.5844155844155844,True,True,True,,-0.17235907250484017,0.3954248366013072,,esm2_joint_nn,peptide,2,1.0
HLA-B*45:01,82,21,53,0.6463414634146342,True,True,True,,0.03925146825928521,0.49108138238573024,0.513157894736842,esm2_joint_nn,peptide,2,1.0
HLA-B*55:01,86,22,45,0.5232558139534884,True,True,True,,0.3225695502421698,0.8035714285714286,0.90625,esm2_joint_nn,peptide,2,1.0
HLA-A*69:01,4,2,2,0.5,True,False,False,fewer_than_20_test_rows;fewer_than_10_distinct_nonzero_half_lives,0.21081851067789195,,,esm2_joint_nn,peptide,3,1.0
HLA-B*13:02,3,1,2,0.6666666666666666,True,False,False,fewer_than_20_test_rows;fewer_than_10_distinct_nonzero_half_lives,0.8660254037844387,,,esm2_joint_nn,peptide,3,1.0
HLA-B*41:01,76,15,38,0.5,True,True,True,,0.17900053099022445,0.6857142857142857,0.9594594594594594,esm2_joint_nn,peptide,3,1.0
HLA-B*45:01,79,20,50,0.6329113924050633,True,True,True,,0.08093300048211553,0.5571428571428572,0.6228070175438596,esm2_joint_nn,peptide,3,1.0
HLA-B*51:01,65,23,35,0.5384615384615384,True,True,True,,0.36239391381009844,0.7013333333333333,0.7514792899408285,esm2_joint_nn,peptide,3,1.0
HLA-B*55:01,76,21,48,0.631578947368421,True,True,True,,0.31617607742931386,0.5887230514096187,0.5799086757990868,esm2_joint_nn,peptide,3,1.0
HLA-B*56:01,73,22,44,0.6027397260273972,True,True,True,,0.3230717569559697,0.6230769230769231,0.5211267605633803,esm2_joint_nn,peptide,3,1.0
HLA-B*41:01,77,13,51,0.6623376623376623,True,True,True,,0.21908365866693322,0.5821596244131455,0.25,esm2_joint_nn,peptide,4,1.0
HLA-B*45:01,78,16,58,0.7435897435897436,True,True,True,,0.11703496151785492,0.7035714285714286,0.652027027027027,esm2_joint_nn,peptide,4,1.0
HLA-B*51:01,72,32,37,0.5138888888888888,True,True,True,,0.3194590386285989,0.707187222715173,0.6479791395045632,esm2_joint_nn,peptide,4,1.0
HLA-B*55:01,378,61,210,0.5555555555555556,True,True,True,,0.23739597716983182,0.7036723726114649,0.6639231824417009,esm2_mean,allele,1,0.1
HLA-B*55:01,378,61,210,0.5555555555555556,True,True,True,,0.40759457734077986,0.8104597929936305,0.839295135591432,esm2_mean,allele,1,0.25
HLA-B*55:01,378,61,210,0.5555555555555556,True,True,True,,0.4066344439265417,0.7973726114649681,0.7941331645035349,esm2_mean,allele,1,0.5
HLA-B*55:01,378,61,210,0.5555555555555556,True,True,True,,0.41253195295811185,0.7851313694267515,0.7841088952200064,esm2_mean,allele,1,1.0
HLA-B*41:01,368,37,220,0.5978260869565217,True,True,True,,0.21319181587578465,0.665906375583795,0.8001373626373627,esm2_mean,allele,2,0.1
HLA-B*41:01,368,37,220,0.5978260869565217,True,True,True,,0.2543341757816841,0.7315086347344412,0.8887362637362637,esm2_mean,allele,2,0.25
HLA-B*41:01,368,37,220,0.5978260869565217,True,True,True,,0.2770829008056667,0.796785054849571,0.9251373626373626,esm2_mean,allele,2,0.5
HLA-B*41:01,368,37,220,0.5978260869565217,True,True,True,,0.27347317973902274,0.814706201802976,0.8681318681318682,esm2_mean,allele,2,1.0
HLA-B*51:01,353,93,179,0.5070821529745042,True,True,True,,-0.07050356223324929,0.46659108087679524,0.4760665441926924,esm2_mean,allele,3,0.1
HLA-B*51:01,353,93,179,0.5070821529745042,True,True,True,,-0.04093741542308703,0.48495842781557075,0.48851806491120636,esm2_mean,allele,3,0.25
HLA-B*51:01,353,93,179,0.5070821529745042,True,True,True,,-0.04947116948626697,0.48212396069538926,0.4866809552969994,esm2_mean,allele,3,0.5
HLA-B*51:01,353,93,179,0.5070821529745042,True,True,True,,-0.09750515057933655,0.453363567649282,0.45106144111043067,esm2_mean,allele,3,1.0
HLA-B*45:01,368,51,247,0.6711956521739131,True,True,True,,0.1313442592653694,0.6316586921850079,0.5624173748819641,esm2_mean,allele,4,0.1
HLA-B*45:01,368,51,247,0.6711956521739131,True,True,True,,0.19426569170613317,0.6859649122807018,0.5935788479697828,esm2_mean,allele,4,0.25
HLA-B*45:01,368,51,247,0.6711956521739131,True,True,True,,0.17053097270824452,0.6522328548644337,0.5595845136921624,esm2_mean,allele,4,0.5
HLA-B*45:01,368,51,247,0.6711956521739131,True,True,True,,0.18069290427285345,0.6916267942583731,0.6591123701605288,esm2_mean,allele,4,1.0
HLA-B*41:01,368,37,220,0.5978260869565217,True,True,True,,0.23034980783475786,0.6763332247203215,0.6092032967032968,esm2_mean,locus,1,1.0
HLA-B*45:01,368,51,247,0.6711956521739131,True,True,True,,0.1225213852285101,0.6074960127591706,0.575070821529745,esm2_mean,locus,1,1.0
HLA-B*51:01,353,93,179,0.5070821529745042,True,True,True,,0.09874091317941101,0.5294784580498866,0.556031843233313,esm2_mean,locus,1,1.0
HLA-B*55:01,378,61,210,0.5555555555555556,True,True,True,,0.13098912440322674,0.5831011146496815,0.4489817452780415,esm2_mean,locus,1,1.0
HLA-B*41:01,64,12,41,0.640625,True,True,True,,0.12948297752603896,0.9206349206349207,,esm2_mean,peptide,0,0.1
HLA-B*45:01,59,13,38,0.6440677966101694,True,True,True,,0.05957813765294455,0.8771929824561404,0.7758620689655172,esm2_mean,peptide,0,0.1
HLA-B*46:01,69,18,38,0.5507246376811594,True,True,True,,0.14571713048196855,0.5815047021943573,,esm2_mean,peptide,0,0.1
HLA-B*51:01,76,22,47,0.618421052631579,True,True,True,,-0.00031291809870066014,0.4955134596211366,0.5608391608391609,esm2_mean,peptide,0,0.1
HLA-B*54:01,73,22,40,0.547945205479452,True,True,True,,-0.14702963545753642,0.5095628415300546,0.5547263681592038,esm2_mean,peptide,0,0.1
HLA-B*55:01,76,19,43,0.5657894736842105,True,True,True,,0.1527287504476825,0.4937062937062937,0.6484018264840183,esm2_mean,peptide,0,0.1
HLA-B*41:01,64,12,41,0.640625,True,True,True,,0.17088338566786276,0.9841269841269842,,esm2_mean,peptide,0,0.25
HLA-B*45:01,59,13,38,0.6440677966101694,True,True,True,,0.13066219644574142,0.8947368421052632,0.8793103448275862,esm2_mean,peptide,0,0.25
HLA-B*46:01,69,18,38,0.5507246376811594,True,True,True,,0.12113061822147698,0.5344827586206897,,esm2_mean,peptide,0,0.25
HLA-B*51:01,76,22,47,0.618421052631579,True,True,True,,-0.01674111828048532,0.5124626121635095,0.5258741258741259,esm2_mean,peptide,0,0.25
HLA-B*54:01,73,22,40,0.547945205479452,True,True,True,,-0.1154666210727823,0.4795081967213115,0.5099502487562189,esm2_mean,peptide,0,0.25
HLA-B*55:01,76,19,43,0.5657894736842105,True,True,True,,0.2792572977615817,0.6629370629370629,0.8675799086757991,esm2_mean,peptide,0,0.25
HLA-B*41:01,64,12,41,0.640625,True,True,True,,0.21276395318246538,1.0,,esm2_mean,peptide,0,0.5
HLA-B*45:01,59,13,38,0.6440677966101694,True,True,True,,0.17907583495111415,0.9122807017543859,0.9310344827586207,esm2_mean,peptide,0,0.5
HLA-B*46:01,69,18,38,0.5507246376811594,True,True,True,,0.013474529927777522,0.4890282131661442,,esm2_mean,peptide,0,0.5
HLA-B*51:01,76,22,47,0.618421052631579,True,True,True,,0.03468697124096818,0.5603190428713858,0.5650349650349651,esm2_mean,peptide,0,0.5
HLA-B*54:01,73,22,40,0.547945205479452,True,True,True,,0.02464278128435348,0.6461748633879781,0.6890547263681592,esm2_mean,peptide,0,0.5
HLA-B*55:01,76,19,43,0.5657894736842105,True,True,True,,0.33951474303120555,0.6727272727272727,0.8812785388127854,esm2_mean,peptide,0,0.5
HLA-B*41:01,64,12,41,0.640625,True,True,True,,0.24656183792195677,1.0,,esm2_mean,peptide,0,1.0
HLA-B*45:01,59,13,38,0.6440677966101694,True,True,True,,0.15309362133856927,0.7719298245614035,0.7586206896551724,esm2_mean,peptide,0,1.0
HLA-B*46:01,69,18,38,0.5507246376811594,True,True,True,,0.032735299304481796,0.487460815047022,,esm2_mean,peptide,0,1.0
HLA-B*51:01,76,22,47,0.618421052631579,True,True,True,,0.06935829657700132,0.6071784646061814,0.6097902097902098,esm2_mean,peptide,0,1.0
HLA-B*54:01,73,22,40,0.547945205479452,True,True,True,,0.06889851589228145,0.6448087431693988,0.691542288557214,esm2_mean,peptide,0,1.0
HLA-B*55:01,76,19,43,0.5657894736842105,True,True,True,,0.4242347770399269,0.7314685314685314,0.8721461187214612,esm2_mean,peptide,0,1.0
HLA-A*80:01,63,16,33,0.5238095238095238,True,True,True,,0.2569475002057295,0.5877192982456141,0.5983606557377049,esm2_mean,peptide,1,0.1
HLA-B*13:02,1,0,1,1.0,True,False,False,fewer_than_20_test_rows;fewer_than_10_distinct_nonzero_half_lives,,,,esm2_mean,peptide,1,0.1
HLA-B*41:01,74,17,45,0.6081081081081081,True,True,True,,0.16264115014917202,0.7710144927536232,0.9315068493150684,esm2_mean,peptide,1,0.1
HLA-B*45:01,70,16,48,0.6857142857142857,True,True,True,,0.23516490795832617,0.7421875,0.9710144927536232,esm2_mean,peptide,1,0.1
HLA-B*55:01,62,18,37,0.5967741935483871,True,True,True,,0.21930779443055903,0.6442307692307693,0.6077586206896551,esm2_mean,peptide,1,0.1
HLA-A*80:01,63,16,33,0.5238095238095238,True,True,True,,0.25219690487963853,0.5701754385964912,0.8688524590163934,esm2_mean,peptide,1,0.25
HLA-B*13:02,1,0,1,1.0,True,False,False,fewer_than_20_test_rows;fewer_than_10_distinct_nonzero_half_lives,,,,esm2_mean,peptide,1,0.25
HLA-B*41:01,74,17,45,0.6081081081081081,True,True,True,,0.17650586230755372,0.7710144927536232,0.8904109589041096,esm2_mean,peptide,1,0.25
HLA-B*45:01,70,16,48,0.6857142857142857,True,True,True,,0.15017988563007995,0.6276041666666666,0.6231884057971014,esm2_mean,peptide,1,0.25
HLA-B*55:01,62,18,37,0.5967741935483871,True,True,True,,0.3240657948502812,0.698076923076923,0.7068965517241379,esm2_mean,peptide,1,0.25
HLA-A*80:01,63,16,33,0.5238095238095238,True,True,True,,0.29521185818746776,0.631578947368421,0.8278688524590164,esm2_mean,peptide,1,0.5
HLA-B*13:02,1,0,1,1.0,True,False,False,fewer_than_20_test_rows;fewer_than_10_distinct_nonzero_half_lives,,,,esm2_mean,peptide,1,0.5
HLA-B*41:01,74,17,45,0.6081081081081081,True,True,True,,0.24562750981560244,0.7884057971014493,0.9726027397260274,esm2_mean,peptide,1,0.5
HLA-B*45:01,70,16,48,0.6857142857142857,True,True,True,,0.1575347675024094,0.6328125,0.536231884057971,esm2_mean,peptide,1,0.5
HLA-B*55:01,62,18,37,0.5967741935483871,True,True,True,,0.37186110037908426,0.7826923076923076,0.7543103448275863,esm2_mean,peptide,1,0.5
HLA-A*80:01,63,16,33,0.5238095238095238,True,True,True,,0.3278170370375785,0.7192982456140351,0.9508196721311476,esm2_mean,peptide,1,1.0
HLA-B*13:02,1,0,1,1.0,True,False,False,fewer_than_20_test_rows;fewer_than_10_distinct_nonzero_half_lives,,,,esm2_mean,peptide,1,1.0
HLA-B*41:01,74,17,45,0.6081081081081081,True,True,True,,0.2568673492838051,0.7942028985507247,0.9726027397260274,esm2_mean,peptide,1,1.0
HLA-B*45:01,70,16,48,0.6857142857142857,True,True,True,,0.210847032634786,0.6380208333333333,0.46376811594202894,esm2_mean,peptide,1,1.0
HLA-B*55:01,62,18,37,0.5967741935483871,True,True,True,,0.321823616027968,0.7673076923076922,0.6120689655172413,esm2_mean,peptide,1,1.0
HLA-A*69:01,4,2,2,0.5,True,False,False,fewer_than_20_test_rows;fewer_than_10_distinct_nonzero_half_lives,-0.632455532033676,0.0,,esm2_mean,peptide,2,0.1
HLA-A*80:01,78,14,45,0.5769230769230769,True,True,True,,0.007354442384136874,0.6577777777777778,,esm2_mean,peptide,2,0.1
HLA-B*41:01,77,18,45,0.5844155844155844,True,True,True,,0.31279762100895453,0.7467320261437909,,esm2_mean,peptide,2,0.1
HLA-B*45:01,82,21,53,0.6463414634146342,True,True,True,,0.1916572135973112,0.7413600891861761,0.706140350877193,esm2_mean,peptide,2,0.1
HLA-B*55:01,86,22,45,0.5232558139534884,True,True,True,,0.35471944093012814,0.8184523809523809,0.7729166666666667,esm2_mean,peptide,2,0.1
HLA-A*69:01,4,2,2,0.5,True,False,False,fewer_than_20_test_rows;fewer_than_10_distinct_nonzero_half_lives,-0.316227766016838,0.0,,esm2_mean,peptide,2,0.25
HLA-A*80:01,78,14,45,0.5769230769230769,True,True,True,,0.03136204740821587,0.6755555555555556,,esm2_mean,peptide,2,0.25
HLA-B*41:01,77,18,45,0.5844155844155844,True,True,True,,0.40448829745487014,0.7450980392156863,,esm2_mean,peptide,2,0.25
HLA-B*45:01,82,21,53,0.6463414634146342,True,True,True,,0.13599712544212292,0.6164994425863991,0.6052631578947368,esm2_mean,peptide,2,0.25
HLA-B*55:01,86,22,45,0.5232558139534884,True,True,True,,0.3551171084648032,0.7976190476190477,0.6958333333333333,esm2_mean,peptide,2,0.25
HLA-A*69:01,4,2,2,0.5,True,False,False,fewer_than_20_test_rows;fewer_than_10_distinct_nonzero_half_lives,-0.9486832980505139,0.0,,esm2_mean,peptide,2,0.5
HLA-A*80:01,78,14,45,0.5769230769230769,True,True,True,,-0.06689442996145954,0.6088888888888888,,esm2_mean,peptide,2,0.5
HLA-B*41:01,77,18,45,0.5844155844155844,True,True,True,,0.3479366508826818,0.7549019607843138,,esm2_mean,peptide,2,0.5
HLA-B*45:01,82,21,53,0.6463414634146342,True,True,True,,0.108339068361575,0.5674470457079153,0.5328947368421053,esm2_mean,peptide,2,0.5
HLA-B*55:01,86,22,45,0.5232558139534884,True,True,True,,0.3174814451190201,0.7390873015873016,0.6291666666666667,esm2_mean,peptide,2,0.5
HLA-A*69:01,4,2,2,0.5,True,False,False,fewer_than_20_test_rows;fewer_than_10_distinct_nonzero_half_lives,-0.9486832980505139,0.0,,esm2_mean,peptide,2,1.0
HLA-A*80:01,78,14,45,0.5769230769230769,True,True,True,,-0.04933957323610601,0.6711111111111111,,esm2_mean,peptide,2,1.0
HLA-B*41:01,77,18,45,0.5844155844155844,True,True,True,,0.30832992335876086,0.7663398692810457,,esm2_mean,peptide,2,1.0
HLA-B*45:01,82,21,53,0.6463414634146342,True,True,True,,0.0703872710133704,0.5629877369007804,0.5548245614035088,esm2_mean,peptide,2,1.0
HLA-B*55:01,86,22,45,0.5232558139534884,True,True,True,,0.3054698462511435,0.7132936507936508,0.5833333333333334,esm2_mean,peptide,2,1.0
HLA-A*69:01,4,2,2,0.5,True,False,False,fewer_than_20_test_rows;fewer_than_10_distinct_nonzero_half_lives,0.7378647873726218,,,esm2_mean,peptide,3,0.1
HLA-B*13:02,3,1,2,0.6666666666666666,True,False,False,fewer_than_20_test_rows;fewer_than_10_distinct_nonzero_half_lives,0.8660254037844387,,,esm2_mean,peptide,3,0.1
HLA-B*41:01,76,15,38,0.5,True,True,True,,0.19310042150031761,0.6666666666666666,0.7635135135135135,esm2_mean,peptide,3,0.1
HLA-B*45:01,79,20,50,0.6329113924050633,True,True,True,,-0.010215255109598496,0.5984126984126984,0.5789473684210527,esm2_mean,peptide,3,0.1
HLA-B*51:01,65,23,35,0.5384615384615384,True,True,True,,0.25823421353038395,0.6853333333333332,0.6642011834319526,esm2_mean,peptide,3,0.1
HLA-B*55:01,76,21,48,0.631578947368421,True,True,True,,0.3699702761074196,0.7081260364842453,0.6118721461187214,esm2_mean,peptide,3,0.1
HLA-B*56:01,73,22,44,0.6027397260273972,True,True,True,,0.31651571625591224,0.8025641025641026,0.49295774647887325,esm2_mean,peptide,3,0.1
HLA-A*69:01,4,2,2,0.5,True,False,False,fewer_than_20_test_rows;fewer_than_10_distinct_nonzero_half_lives,0.7378647873726218,,,esm2_mean,peptide,3,0.25
HLA-B*13:02,3,1,2,0.6666666666666666,True,False,False,fewer_than_20_test_rows;fewer_than_10_distinct_nonzero_half_lives,0.8660254037844387,,,esm2_mean,peptide,3,0.25
HLA-B*41:01,76,15,38,0.5,True,True,True,,0.3074013603385482,0.7904761904761904,0.8108108108108107,esm2_mean,peptide,3,0.25
HLA-B*45:01,79,20,50,0.6329113924050633,True,True,True,,0.11101516552900216,0.6523809523809524,0.5745614035087719,esm2_mean,peptide,3,0.25
HLA-B*51:01,65,23,35,0.5384615384615384,True,True,True,,0.2640393681371109,0.6626666666666667,0.6612426035502958,esm2_mean,peptide,3,0.25
HLA-B*55:01,76,21,48,0.631578947368421,True,True,True,,0.3631259998725006,0.7197346600331674,0.634703196347032,esm2_mean,peptide,3,0.25
HLA-B*56:01,73,22,44,0.6027397260273972,True,True,True,,0.2961967060131436,0.7346153846153846,0.49295774647887325,esm2_mean,peptide,3,0.25
HLA-A*69:01,4,2,2,0.5,True,False,False,fewer_than_20_test_rows;fewer_than_10_distinct_nonzero_half_lives,0.9486832980505139,,,esm2_mean,peptide,3,0.5
HLA-B*13:02,3,1,2,0.6666666666666666,True,False,False,fewer_than_20_test_rows;fewer_than_10_distinct_nonzero_half_lives,0.8660254037844387,,,esm2_mean,peptide,3,0.5
HLA-B*41:01,76,15,38,0.5,True,True,True,,0.33459427629711874,0.8404761904761905,0.8378378378378377,esm2_mean,peptide,3,0.5
HLA-B*45:01,79,20,50,0.6329113924050633,True,True,True,,0.15986521996345454,0.6666666666666666,0.5745614035087719,esm2_mean,peptide,3,0.5
HLA-B*51:01,65,23,35,0.5384615384615384,True,True,True,,0.14845969158186806,0.5906666666666667,0.6005917159763314,esm2_mean,peptide,3,0.5
HLA-B*55:01,76,21,48,0.631578947368421,True,True,True,,0.33239788670695236,0.7164179104477612,0.6529680365296804,esm2_mean,peptide,3,0.5
HLA-B*56:01,73,22,44,0.6027397260273972,True,True,True,,0.2829823668775973,0.714102564102564,0.6126760563380282,esm2_mean,peptide,3,0.5
HLA-A*69:01,4,2,2,0.5,True,False,False,fewer_than_20_test_rows;fewer_than_10_distinct_nonzero_half_lives,0.7378647873726218,,,esm2_mean,peptide,3,1.0
HLA-B*13:02,3,1,2,0.6666666666666666,True,False,False,fewer_than_20_test_rows;fewer_than_10_distinct_nonzero_half_lives,0.8660254037844387,,,esm2_mean,peptide,3,1.0
HLA-B*41:01,76,15,38,0.5,True,True,True,,0.2765953996022654,0.8071428571428572,0.7905405405405406,esm2_mean,peptide,3,1.0
HLA-B*45:01,79,20,50,0.6329113924050633,True,True,True,,0.1142417771429305,0.646031746031746,0.6096491228070176,esm2_mean,peptide,3,1.0
HLA-B*51:01,65,23,35,0.5384615384615384,True,True,True,,0.07389676314956446,0.5813333333333333,0.5665680473372781,esm2_mean,peptide,3,1.0
HLA-B*55:01,76,21,48,0.631578947368421,True,True,True,,0.23419121638928175,0.5588723051409619,0.5981735159817352,esm2_mean,peptide,3,1.0
HLA-B*56:01,73,22,44,0.6027397260273972,True,True,True,,0.2043422112558851,0.658974358974359,0.5211267605633803,esm2_mean,peptide,3,1.0
HLA-B*41:01,77,13,51,0.6623376623376623,True,True,True,,-0.025373169790732415,0.431924882629108,0.9078947368421053,esm2_mean,peptide,4,0.1
HLA-B*45:01,78,16,58,0.7435897435897436,True,True,True,,-0.025394378442553427,0.5339285714285714,0.4222972972972973,esm2_mean,peptide,4,0.1
HLA-B*51:01,72,32,37,0.5138888888888888,True,True,True,,-0.11178991044257597,0.4294587400177462,0.4810951760104303,esm2_mean,peptide,4,0.1
HLA-B*41:01,77,13,51,0.6623376623376623,True,True,True,,0.20988686050893848,0.6572769953051643,0.6973684210526316,esm2_mean,peptide,4,0.25
HLA-B*45:01,78,16,58,0.7435897435897436,True,True,True,,0.14094621597609308,0.6571428571428571,0.5912162162162162,esm2_mean,peptide,4,0.25
HLA-B*51:01,72,32,37,0.5138888888888888,True,True,True,,-0.025284166006659354,0.4685004436557232,0.5176010430247718,esm2_mean,peptide,4,0.25
HLA-B*41:01,77,13,51,0.6623376623376623,True,True,True,,0.23735234091626053,0.6596244131455399,0.9210526315789473,esm2_mean,peptide,4,0.5
HLA-B*45:01,78,16,58,0.7435897435897436,True,True,True,,0.15475574818560622,0.6767857142857143,0.6081081081081081,esm2_mean,peptide,4,0.5
HLA-B*51:01,72,32,37,0.5138888888888888,True,True,True,,0.06587372662063302,0.5190771960958296,0.5397653194263363,esm2_mean,peptide,4,0.5
HLA-B*41:01,77,13,51,0.6623376623376623,True,True,True,,0.24965637648247418,0.6619718309859155,0.7236842105263157,esm2_mean,peptide,4,1.0
HLA-B*45:01,78,16,58,0.7435897435897436,True,True,True,,0.1593699116923648,0.6553571428571429,0.6824324324324325,esm2_mean,peptide,4,1.0
HLA-B*51:01,72,32,37,0.5138888888888888,True,True,True,,0.049755503147167555,0.5048802129547472,0.5319426336375489,esm2_mean,peptide,4,1.0
HLA-B*55:01,378,61,210,0.5555555555555556,True,True,True,,0.2834678715156016,0.6967555732484076,0.7613168724279835,esm2_mean_nn,allele,1,1.0
HLA-B*41:01,368,37,220,0.5978260869565217,True,True,True,,0.1697401516845662,0.6972955360052134,0.8070054945054945,esm2_mean_nn,allele,2,1.0
HLA-B*51:01,353,93,179,0.5070821529745042,True,True,True,,0.2763943669097655,0.6620937263794406,0.6747295366401307,esm2_mean_nn,allele,3,1.0
HLA-B*45:01,368,51,247,0.6711956521739131,True,True,True,,-0.1097603356506247,0.4020733652312599,0.34617563739376767,esm2_mean_nn,allele,4,1.0
HLA-B*41:01,368,37,220,0.5978260869565217,True,True,True,,0.14899471418028135,0.5844466167046813,0.5803571428571429,esm2_mean_nn,locus,1,1.0
HLA-B*45:01,368,51,247,0.6711956521739131,True,True,True,,0.056980224012882254,0.4507177033492823,0.4173748819641171,esm2_mean_nn,locus,1,1.0
HLA-B*51:01,353,93,179,0.5070821529745042,True,True,True,,-0.07607341693531312,0.4732804232804233,0.46626862625025517,esm2_mean_nn,locus,1,1.0
HLA-B*55:01,378,61,210,0.5555555555555556,True,True,True,,0.06648760588211813,0.5659832802547771,0.540360873694207,esm2_mean_nn,locus,1,1.0
HLA-B*41:01,64,12,41,0.640625,True,True,True,,0.07383784132510836,1.0,,esm2_mean_nn,peptide,0,1.0
HLA-B*45:01,59,13,38,0.6440677966101694,True,True,True,,0.3852947182885268,0.4649122807017544,0.2068965517241379,esm2_mean_nn,peptide,0,1.0
HLA-B*46:01,69,18,38,0.5507246376811594,True,True,True,,0.08310961921278529,0.5047021943573667,,esm2_mean_nn,peptide,0,1.0
HLA-B*51:01,76,22,47,0.618421052631579,True,True,True,,0.37598674149377825,0.7706879361914257,0.7552447552447553,esm2_mean_nn,peptide,0,1.0
HLA-B*54:01,73,22,40,0.547945205479452,True,True,True,,0.34574159714294295,0.7691256830601092,0.8109452736318408,esm2_mean_nn,peptide,0,1.0
HLA-B*55:01,76,19,43,0.5657894736842105,True,True,True,,0.5810129245117466,0.8433566433566434,0.9634703196347032,esm2_mean_nn,peptide,0,1.0
HLA-A*80:01,63,16,33,0.5238095238095238,True,True,True,,0.4595357293030737,0.8830409356725146,0.7868852459016394,esm2_mean_nn,peptide,1,1.0
HLA-B*13:02,1,0,1,1.0,True,False,False,fewer_than_20_test_rows;fewer_than_10_distinct_nonzero_half_lives,,,,esm2_mean_nn,peptide,1,1.0
HLA-B*41:01,74,17,45,0.6081081081081081,True,True,True,,0.2621695142697259,0.7710144927536232,0.9315068493150684,esm2_mean_nn,peptide,1,1.0
HLA-B*45:01,70,16,48,0.6857142857142857,True,True,True,,0.21756420798639325,0.7734375,0.927536231884058,esm2_mean_nn,peptide,1,1.0
HLA-B*55:01,62,18,37,0.5967741935483871,True,True,True,,0.3529870634570807,0.7788461538461539,0.9008620689655172,esm2_mean_nn,peptide,1,1.0
HLA-A*69:01,4,2,2,0.5,True,False,False,fewer_than_20_test_rows;fewer_than_10_distinct_nonzero_half_lives,-0.9486832980505139,0.0,,esm2_mean_nn,peptide,2,1.0
HLA-A*80:01,78,14,45,0.5769230769230769,True,True,True,,0.30459137013166265,0.9555555555555555,,esm2_mean_nn,peptide,2,1.0
HLA-B*41:01,77,18,45,0.5844155844155844,True,True,True,,0.26366764323067343,0.7254901960784315,,esm2_mean_nn,peptide,2,1.0
HLA-B*45:01,82,21,53,0.6463414634146342,True,True,True,,0.1767771534084213,0.5908584169453734,0.5460526315789473,esm2_mean_nn,peptide,2,1.0
HLA-B*55:01,86,22,45,0.5232558139534884,True,True,True,,0.48497085344138074,0.8412698412698413,0.9187500000000001,esm2_mean_nn,peptide,2,1.0
HLA-A*69:01,4,2,2,0.5,True,False,False,fewer_than_20_test_rows;fewer_than_10_distinct_nonzero_half_lives,0.632455532033676,,,esm2_mean_nn,peptide,3,1.0
HLA-B*13:02,3,1,2,0.6666666666666666,True,False,False,fewer_than_20_test_rows;fewer_than_10_distinct_nonzero_half_lives,0.0,,,esm2_mean_nn,peptide,3,1.0
HLA-B*41:01,76,15,38,0.5,True,True,True,,0.306216515694845,0.7071428571428572,0.9391891891891893,esm2_mean_nn,peptide,3,1.0
HLA-B*45:01,79,20,50,0.6329113924050633,True,True,True,,0.29363574687452787,0.6126984126984127,0.5701754385964912,esm2_mean_nn,peptide,3,1.0
HLA-B*51:01,65,23,35,0.5384615384615384,True,True,True,,0.44238133097327803,0.7706666666666667,0.7677514792899408,esm2_mean_nn,peptide,3,1.0
HLA-B*55:01,76,21,48,0.631578947368421,True,True,True,,0.3831214027297118,0.8126036484245439,0.7853881278538812,esm2_mean_nn,peptide,3,1.0
HLA-B*56:01,73,22,44,0.6027397260273972,True,True,True,,0.3218398555377374,0.8115384615384615,0.5774647887323944,esm2_mean_nn,peptide,3,1.0
HLA-B*41:01,77,13,51,0.6623376623376623,True,True,True,,0.2588687888988016,0.7769953051643194,0.881578947368421,esm2_mean_nn,peptide,4,1.0
HLA-B*45:01,78,16,58,0.7435897435897436,True,True,True,,0.37013830901894385,0.7339285714285715,0.8040540540540541,esm2_mean_nn,peptide,4,1.0
HLA-B*51:01,72,32,37,0.5138888888888888,True,True,True,,0.472634044320105,0.7542147293700089,0.7744458930899609,esm2_mean_nn,peptide,4,1.0
HLA-B*55:01,378,61,210,0.5555555555555556,True,True,True,,0.38537797385841066,0.7939888535031847,0.8007808378178748,onehot_ridge,allele,1,0.1
HLA-B*55:01,378,61,210,0.5555555555555556,True,True,True,,0.4005366324626343,0.7921476910828026,0.7967711301044634,onehot_ridge,allele,1,0.25
HLA-B*55:01,378,61,210,0.5555555555555556,True,True,True,,0.389223145841036,0.7868232484076433,0.7576237205866836,onehot_ridge,allele,1,0.5
HLA-B*55:01,378,61,210,0.5555555555555556,True,True,True,,0.3801354452362992,0.758359872611465,0.6971615490134008,onehot_ridge,allele,1,1.0
HLA-B*41:01,368,37,220,0.5978260869565217,True,True,True,,0.3694445468726369,0.8130770066253937,0.7637362637362638,onehot_ridge,allele,2,0.1
HLA-B*41:01,368,37,220,0.5978260869565217,True,True,True,,0.39294766675260184,0.8006951232757684,0.8715659340659341,onehot_ridge,allele,2,0.25
HLA-B*41:01,368,37,220,0.5978260869565217,True,True,True,,0.3687449053459104,0.821874660584338,0.918956043956044,onehot_ridge,allele,2,0.5
HLA-B*41:01,368,37,220,0.5978260869565217,True,True,True,,0.3880455579696304,0.8394699685022265,0.9320054945054945,onehot_ridge,allele,2,1.0
HLA-B*51:01,353,93,179,0.5070821529745042,True,True,True,,-0.04821185601277726,0.5191232048374905,0.5303123086344151,onehot_ridge,allele,3,0.1
HLA-B*51:01,353,93,179,0.5070821529745042,True,True,True,,-0.039532554626316774,0.5250188964474678,0.5447030006123699,onehot_ridge,allele,3,0.25
HLA-B*51:01,353,93,179,0.5070821529745042,True,True,True,,0.006529589363414286,0.5474678760393046,0.5705756276791182,onehot_ridge,allele,3,0.5
HLA-B*51:01,353,93,179,0.5070821529745042,True,True,True,,0.014241110759096762,0.5526077097505669,0.5721575831802409,onehot_ridge,allele,3,1.0
HLA-B*45:01,368,51,247,0.6711956521739131,True,True,True,,0.2537758358126665,0.7292663476874004,0.5984891406987723,onehot_ridge,allele,4,0.1
HLA-B*45:01,368,51,247,0.6711956521739131,True,True,True,,0.25845352746063144,0.7258373205741627,0.557318224740321,onehot_ridge,allele,4,0.25
HLA-B*45:01,368,51,247,0.6711956521739131,True,True,True,,0.24584542653566266,0.6952950558213716,0.5505193578847969,onehot_ridge,allele,4,0.5
HLA-B*45:01,368,51,247,0.6711956521739131,True,True,True,,0.20438163776623652,0.6754385964912281,0.5452313503305004,onehot_ridge,allele,4,1.0
HLA-B*41:01,368,37,220,0.5978260869565217,True,True,True,,0.228479343174585,0.701096991419572,0.8028846153846154,onehot_ridge,locus,1,1.0
HLA-B*45:01,368,51,247,0.6711956521739131,True,True,True,,0.218102328420904,0.6452153110047846,0.534844192634561,onehot_ridge,locus,1,1.0
HLA-B*51:01,353,93,179,0.5070821529745042,True,True,True,,0.08232975765562382,0.5933106575963719,0.6177791385997142,onehot_ridge,locus,1,1.0
HLA-B*55:01,378,61,210,0.5555555555555556,True,True,True,,0.017848155127148033,0.518063296178344,0.4270338714783159,onehot_ridge,locus,1,1.0
HLA-B*41:01,64,12,41,0.640625,True,True,True,,0.1641611544489584,0.9841269841269842,,onehot_ridge,peptide,0,0.1
HLA-B*45:01,59,13,38,0.6440677966101694,True,True,True,,-0.08467265408556017,0.3859649122807018,0.2586206896551724,onehot_ridge,peptide,0,0.1
HLA-B*46:01,69,18,38,0.5507246376811594,True,True,True,,0.10649483608595639,0.4952978056426332,,onehot_ridge,peptide,0,0.1
HLA-B*51:01,76,22,47,0.618421052631579,True,True,True,,0.15935354176331118,0.6580259222333,0.6881118881118882,onehot_ridge,peptide,0,0.1
HLA-B*54:01,73,22,40,0.547945205479452,True,True,True,,-0.01844832872862901,0.5587431693989071,0.49502487562189057,onehot_ridge,peptide,0,0.1
HLA-B*55:01,76,19,43,0.5657894736842105,True,True,True,,0.17339880689924855,0.6265734265734266,0.7077625570776256,onehot_ridge,peptide,0,0.1
HLA-B*41:01,64,12,41,0.640625,True,True,True,,0.22610171353743436,0.9841269841269842,,onehot_ridge,peptide,0,0.25
HLA-B*45:01,59,13,38,0.6440677966101694,True,True,True,,-0.05005246406831903,0.3157894736842105,0.03448275862068961,onehot_ridge,peptide,0,0.25
HLA-B*46:01,69,18,38,0.5507246376811594,True,True,True,,0.051455485756891885,0.44357366771159873,,onehot_ridge,peptide,0,0.25
HLA-B*51:01,76,22,47,0.618421052631579,True,True,True,,0.04207183837030376,0.5912263210368893,0.6237762237762238,onehot_ridge,peptide,0,0.25
HLA-B*54:01,73,22,40,0.547945205479452,True,True,True,,-0.08157435749813724,0.5122950819672131,0.373134328358209,onehot_ridge,peptide,0,0.25
HLA-B*55:01,76,19,43,0.5657894736842105,True,True,True,,0.24255585980774114,0.6433566433566433,0.6803652968036529,onehot_ridge,peptide,0,0.25
HLA-B*41:01,64,12,41,0.640625,True,True,True,,0.25856582224142893,0.9841269841269842,,onehot_ridge,peptide,0,0.5
HLA-B*45:01,59,13,38,0.6440677966101694,True,True,True,,0.02581150261640463,0.4649122807017544,0.051724137931034475,onehot_ridge,peptide,0,0.5
HLA-B*46:01,69,18,38,0.5507246376811594,True,True,True,,0.06813347005085722,0.48902821316614425,,onehot_ridge,peptide,0,0.5
HLA-B*51:01,76,22,47,0.618421052631579,True,True,True,,0.1278896269389598,0.6570289132602194,0.6923076923076923,onehot_ridge,peptide,0,0.5
HLA-B*54:01,73,22,40,0.547945205479452,True,True,True,,0.034128564217097764,0.575136612021858,0.4577114427860697,onehot_ridge,peptide,0,0.5
HLA-B*55:01,76,19,43,0.5657894736842105,True,True,True,,0.3268377127951939,0.7076923076923076,0.7168949771689497,onehot_ridge,peptide,0,0.5
HLA-B*41:01,64,12,41,0.640625,True,True,True,,0.27411765081532274,0.9047619047619048,,onehot_ridge,peptide,0,1.0
HLA-B*45:01,59,13,38,0.6440677966101694,True,True,True,,0.07794664083763463,0.39473684210526316,0.06896551724137934,onehot_ridge,peptide,0,1.0
HLA-B*46:01,69,18,38,0.5507246376811594,True,True,True,,0.08361015895750214,0.4686520376175549,,onehot_ridge,peptide,0,1.0
HLA-B*51:01,76,22,47,0.618421052631579,True,True,True,,0.1400152032636104,0.6560319042871386,0.6909090909090909,onehot_ridge,peptide,0,1.0
HLA-B*54:01,73,22,40,0.547945205479452,True,True,True,,0.010498499971827306,0.5655737704918034,0.39552238805970147,onehot_ridge,peptide,0,1.0
HLA-B*55:01,76,19,43,0.5657894736842105,True,True,True,,0.3521615538864401,0.7188811188811188,0.7397260273972603,onehot_ridge,peptide,0,1.0
HLA-A*80:01,63,16,33,0.5238095238095238,True,True,True,,0.37968419256506364,0.48538011695906436,0.5655737704918034,onehot_ridge,peptide,1,0.1
HLA-B*13:02,1,0,1,1.0,True,False,False,fewer_than_20_test_rows;fewer_than_10_distinct_nonzero_half_lives,,,,onehot_ridge,peptide,1,0.1
HLA-B*41:01,74,17,45,0.6081081081081081,True,True,True,,0.4373609989475924,0.7913043478260869,0.9726027397260274,onehot_ridge,peptide,1,0.1
HLA-B*45:01,70,16,48,0.6857142857142857,True,True,True,,0.3092026350141745,0.7760416666666666,0.9710144927536232,onehot_ridge,peptide,1,0.1
HLA-B*55:01,62,18,37,0.5967741935483871,True,True,True,,0.4831185811824738,0.8519230769230769,0.7887931034482759,onehot_ridge,peptide,1,0.1
HLA-A*80:01,63,16,33,0.5238095238095238,True,True,True,,0.39011992656008315,0.5906432748538012,0.8606557377049181,onehot_ridge,peptide,1,0.25
HLA-B*13:02,1,0,1,1.0,True,False,False,fewer_than_20_test_rows;fewer_than_10_distinct_nonzero_half_lives,,,,onehot_ridge,peptide,1,0.25
HLA-B*41:01,74,17,45,0.6081081081081081,True,True,True,,0.3907358564829374,0.7449275362318841,0.9726027397260274,onehot_ridge,peptide,1,0.25
HLA-B*45:01,70,16,48,0.6857142857142857,True,True,True,,0.28652153976048794,0.7161458333333334,0.8840579710144928,onehot_ridge,peptide,1,0.25
HLA-B*55:01,62,18,37,0.5967741935483871,True,True,True,,0.44795327028568827,0.7980769230769231,0.6551724137931034,onehot_ridge,peptide,1,0.25
HLA-A*80:01,63,16,33,0.5238095238095238,True,True,True,,0.4329272035695041,0.6491228070175439,0.8524590163934426,onehot_ridge,peptide,1,0.5
HLA-B*13:02,1,0,1,1.0,True,False,False,fewer_than_20_test_rows;fewer_than_10_distinct_nonzero_half_lives,,,,onehot_ridge,peptide,1,0.5
HLA-B*41:01,74,17,45,0.6081081081081081,True,True,True,,0.4438222240311101,0.8231884057971015,0.9589041095890412,onehot_ridge,peptide,1,0.5
HLA-B*45:01,70,16,48,0.6857142857142857,True,True,True,,0.3872153993825246,0.7864583333333333,0.7391304347826086,onehot_ridge,peptide,1,0.5
HLA-B*55:01,62,18,37,0.5967741935483871,True,True,True,,0.41247575727440333,0.7673076923076922,0.6724137931034483,onehot_ridge,peptide,1,0.5
HLA-A*80:01,63,16,33,0.5238095238095238,True,True,True,,0.4080060477605022,0.6608187134502924,0.8114754098360656,onehot_ridge,peptide,1,1.0
HLA-B*13:02,1,0,1,1.0,True,False,False,fewer_than_20_test_rows;fewer_than_10_distinct_nonzero_half_lives,,,,onehot_ridge,peptide,1,1.0
HLA-B*41:01,74,17,45,0.6081081081081081,True,True,True,,0.4505694929334293,0.8376811594202899,0.9863013698630136,onehot_ridge,peptide,1,1.0
HLA-B*45:01,70,16,48,0.6857142857142857,True,True,True,,0.38900097764054675,0.8307291666666667,0.782608695652174,onehot_ridge,peptide,1,1.0
HLA-B*55:01,62,18,37,0.5967741935483871,True,True,True,,0.366525282422187,0.7461538461538463,0.5646551724137931,onehot_ridge,peptide,1,1.0
HLA-A*69:01,4,2,2,0.5,True,False,False,fewer_than_20_test_rows;fewer_than_10_distinct_nonzero_half_lives,-0.21081851067789195,0.6666666666666667,,onehot_ridge,peptide,2,0.1
HLA-A*80:01,78,14,45,0.5769230769230769,True,True,True,,0.039604094907679604,0.8311111111111111,,onehot_ridge,peptide,2,0.1
HLA-B*41:01,77,18,45,0.5844155844155844,True,True,True,,0.3513462096157243,0.8055555555555555,,onehot_ridge,peptide,2,0.1
HLA-B*45:01,82,21,53,0.6463414634146342,True,True,True,,0.27184137355353805,0.7424749163879598,0.7609649122807017,onehot_ridge,peptide,2,0.1
HLA-B*55:01,86,22,45,0.5232558139534884,True,True,True,,0.5532880965778606,0.8650793650793651,0.8354166666666667,onehot_ridge,peptide,2,0.1
HLA-A*69:01,4,2,2,0.5,True,False,False,fewer_than_20_test_rows;fewer_than_10_distinct_nonzero_half_lives,-0.21081851067789195,0.6666666666666667,,onehot_ridge,peptide,2,0.25
HLA-A*80:01,78,14,45,0.5769230769230769,True,True,True,,0.10896409463393598,0.8088888888888888,,onehot_ridge,peptide,2,0.25
HLA-B*41:01,77,18,45,0.5844155844155844,True,True,True,,0.324848647565398,0.7941176470588235,,onehot_ridge,peptide,2,0.25
HLA-B*45:01,82,21,53,0.6463414634146342,True,True,True,,0.2404505616482087,0.6577480490523969,0.6447368421052632,onehot_ridge,peptide,2,0.25
HLA-B*55:01,86,22,45,0.5232558139534884,True,True,True,,0.44655005162970085,0.8174603174603174,0.7416666666666667,onehot_ridge,peptide,2,0.25
HLA-A*69:01,4,2,2,0.5,True,False,False,fewer_than_20_test_rows;fewer_than_10_distinct_nonzero_half_lives,-0.21081851067789195,0.6666666666666667,,onehot_ridge,peptide,2,0.5
HLA-A*80:01,78,14,45,0.5769230769230769,True,True,True,,0.10289174852749347,0.8177777777777778,,onehot_ridge,peptide,2,0.5
HLA-B*41:01,77,18,45,0.5844155844155844,True,True,True,,0.3801364059865447,0.7892156862745097,,onehot_ridge,peptide,2,0.5
HLA-B*45:01,82,21,53,0.6463414634146342,True,True,True,,0.2692424589315059,0.653288740245262,0.5964912280701754,onehot_ridge,peptide,2,0.5
HLA-B*55:01,86,22,45,0.5232558139534884,True,True,True,,0.48655132697662773,0.8025793650793651,0.7020833333333334,onehot_ridge,peptide,2,0.5
HLA-A*69:01,4,2,2,0.5,True,False,False,fewer_than_20_test_rows;fewer_than_10_distinct_nonzero_half_lives,0.10540925533894598,0.6666666666666667,,onehot_ridge,peptide,2,1.0
HLA-A*80:01,78,14,45,0.5769230769230769,True,True,True,,0.04519741603124731,0.8400000000000001,,onehot_ridge,peptide,2,1.0
HLA-B*41:01,77,18,45,0.5844155844155844,True,True,True,,0.29141439705819205,0.7777777777777777,,onehot_ridge,peptide,2,1.0
HLA-B*45:01,82,21,53,0.6463414634146342,True,True,True,,0.2310231262545627,0.6343366778149386,0.5767543859649122,onehot_ridge,peptide,2,1.0
HLA-B*55:01,86,22,45,0.5232558139534884,True,True,True,,0.5015607272597468,0.8194444444444444,0.7479166666666667,onehot_ridge,peptide,2,1.0
HLA-A*69:01,4,2,2,0.5,True,False,False,fewer_than_20_test_rows;fewer_than_10_distinct_nonzero_half_lives,0.9486832980505139,,,onehot_ridge,peptide,3,0.1
HLA-B*13:02,3,1,2,0.6666666666666666,True,False,False,fewer_than_20_test_rows;fewer_than_10_distinct_nonzero_half_lives,0.8660254037844387,,,onehot_ridge,peptide,3,0.1
HLA-B*41:01,76,15,38,0.5,True,True,True,,0.407294003200882,0.9285714285714286,0.8378378378378378,onehot_ridge,peptide,3,0.1
HLA-B*45:01,79,20,50,0.6329113924050633,True,True,True,,0.2949320275229183,0.8,0.7719298245614036,onehot_ridge,peptide,3,0.1
HLA-B*51:01,65,23,35,0.5384615384615384,True,True,True,,0.15971312653671157,0.6373333333333333,0.6849112426035503,onehot_ridge,peptide,3,0.1
HLA-B*55:01,76,21,48,0.631578947368421,True,True,True,,0.20366858957720674,0.5787728026533996,0.4155251141552511,onehot_ridge,peptide,3,0.1
HLA-B*56:01,73,22,44,0.6027397260273972,True,True,True,,0.2676383720293209,0.758974358974359,0.5070422535211268,onehot_ridge,peptide,3,0.1
HLA-A*69:01,4,2,2,0.5,True,False,False,fewer_than_20_test_rows;fewer_than_10_distinct_nonzero_half_lives,0.9486832980505139,,,onehot_ridge,peptide,3,0.25
HLA-B*13:02,3,1,2,0.6666666666666666,True,False,False,fewer_than_20_test_rows;fewer_than_10_distinct_nonzero_half_lives,0.8660254037844387,,,onehot_ridge,peptide,3,0.25
HLA-B*41:01,76,15,38,0.5,True,True,True,,0.4098977358746989,0.9714285714285714,0.9864864864864865,onehot_ridge,peptide,3,0.25
HLA-B*45:01,79,20,50,0.6329113924050633,True,True,True,,0.31665881839050575,0.8333333333333333,0.7105263157894737,onehot_ridge,peptide,3,0.25
HLA-B*51:01,65,23,35,0.5384615384615384,True,True,True,,0.17505871965695277,0.644,0.7071005917159764,onehot_ridge,peptide,3,0.25
HLA-B*55:01,76,21,48,0.631578947368421,True,True,True,,0.31259216356063957,0.6683250414593698,0.6027397260273972,onehot_ridge,peptide,3,0.25
HLA-B*56:01,73,22,44,0.6027397260273972,True,True,True,,0.34697677542569866,0.7692307692307693,0.7464788732394367,onehot_ridge,peptide,3,0.25
HLA-A*69:01,4,2,2,0.5,True,False,False,fewer_than_20_test_rows;fewer_than_10_distinct_nonzero_half_lives,0.9486832980505139,,,onehot_ridge,peptide,3,0.5
HLA-B*13:02,3,1,2,0.6666666666666666,True,False,False,fewer_than_20_test_rows;fewer_than_10_distinct_nonzero_half_lives,0.8660254037844387,,,onehot_ridge,peptide,3,0.5
HLA-B*41:01,76,15,38,0.5,True,True,True,,0.36033904880227435,0.969047619047619,0.9864864864864865,onehot_ridge,peptide,3,0.5
HLA-B*45:01,79,20,50,0.6329113924050633,True,True,True,,0.3391746496527655,0.8492063492063492,0.7938596491228069,onehot_ridge,peptide,3,0.5
HLA-B*51:01,65,23,35,0.5384615384615384,True,True,True,,0.13087768644100262,0.612,0.6863905325443787,onehot_ridge,peptide,3,0.5
HLA-B*55:01,76,21,48,0.631578947368421,True,True,True,,0.3703812488143662,0.6998341625207297,0.6666666666666667,onehot_ridge,peptide,3,0.5
HLA-B*56:01,73,22,44,0.6027397260273972,True,True,True,,0.359510322980946,0.7551282051282051,0.823943661971831,onehot_ridge,peptide,3,0.5
HLA-A*69:01,4,2,2,0.5,True,False,False,fewer_than_20_test_rows;fewer_than_10_distinct_nonzero_half_lives,0.9486832980505139,,,onehot_ridge,peptide,3,1.0
HLA-B*13:02,3,1,2,0.6666666666666666,True,False,False,fewer_than_20_test_rows;fewer_than_10_distinct_nonzero_half_lives,0.8660254037844387,,,onehot_ridge,peptide,3,1.0
HLA-B*41:01,76,15,38,0.5,True,True,True,,0.3440730334467442,0.9785714285714286,0.9729729729729729,onehot_ridge,peptide,3,1.0
HLA-B*45:01,79,20,50,0.6329113924050633,True,True,True,,0.31585568798878555,0.8428571428571429,0.8333333333333333,onehot_ridge,peptide,3,1.0
HLA-B*51:01,65,23,35,0.5384615384615384,True,True,True,,0.13449401226158655,0.6160000000000001,0.6701183431952662,onehot_ridge,peptide,3,1.0
HLA-B*55:01,76,21,48,0.631578947368421,True,True,True,,0.3090830889090183,0.6616915422885572,0.6712328767123288,onehot_ridge,peptide,3,1.0
HLA-B*56:01,73,22,44,0.6027397260273972,True,True,True,,0.3167950153657785,0.7230769230769231,0.7464788732394367,onehot_ridge,peptide,3,1.0
HLA-B*41:01,77,13,51,0.6623376623376623,True,True,True,,0.12538249441205002,0.4366197183098592,0.5526315789473684,onehot_ridge,peptide,4,0.1
HLA-B*45:01,78,16,58,0.7435897435897436,True,True,True,,0.044263011354119725,0.48571428571428577,0.41216216216216217,onehot_ridge,peptide,4,0.1
HLA-B*51:01,72,32,37,0.5138888888888888,True,True,True,,-0.09020670991158358,0.4995563442768412,0.5189048239895697,onehot_ridge,peptide,4,0.1
HLA-B*41:01,77,13,51,0.6623376623376623,True,True,True,,0.2555273376155913,0.704225352112676,0.8026315789473684,onehot_ridge,peptide,4,0.25
HLA-B*45:01,78,16,58,0.7435897435897436,True,True,True,,0.12349479042731693,0.5767857142857142,0.4222972972972973,onehot_ridge,peptide,4,0.25
HLA-B*51:01,72,32,37,0.5138888888888888,True,True,True,,-0.05029162431420342,0.5412599822537711,0.5632333767926989,onehot_ridge,peptide,4,0.25
HLA-B*41:01,77,13,51,0.6623376623376623,True,True,True,,0.2602428436320844,0.6502347417840375,0.8947368421052632,onehot_ridge,peptide,4,0.5
HLA-B*45:01,78,16,58,0.7435897435897436,True,True,True,,0.10838340494268259,0.5928571428571429,0.5743243243243243,onehot_ridge,peptide,4,0.5
HLA-B*51:01,72,32,37,0.5138888888888888,True,True,True,,0.05771084949673206,0.5705412599822538,0.5997392438070405,onehot_ridge,peptide,4,0.5
HLA-B*41:01,77,13,51,0.6623376623376623,True,True,True,,0.3150645046383992,0.7511737089201878,0.9868421052631579,onehot_ridge,peptide,4,1.0
HLA-B*45:01,78,16,58,0.7435897435897436,True,True,True,,0.16960346718414007,0.6589285714285714,0.5878378378378379,onehot_ridge,peptide,4,1.0
HLA-B*51:01,72,32,37,0.5138888888888888,True,True,True,,0.053698587859560394,0.5545696539485359,0.5801825293350716,onehot_ridge,peptide,4,1.0
