allele,n_test_rows,n_distinct_nonzero,zero_count,zero_fraction,high_zero_fraction,label_eligible,include_in_macro,exclusion_reason,spearman,auc_2h,auc_6h,arm,split_regime,fold,locus
HLA-B*55:01,378,61,210,0.5555555555555556,True,True,True,,0.6647832666454166,0.9335191082802548,0.963701593331223,blosum_nn,allele,1,B
HLA-B*41:01,368,37,220,0.5978260869565217,True,True,True,,0.3752117336761328,0.8521776908873683,0.7651098901098902,blosum_nn,allele,2,B
HLA-B*51:01,353,93,179,0.5070821529745042,True,True,True,,0.35844239175670756,0.7047241118669689,0.7396407430087774,blosum_nn,allele,3,B
HLA-B*45:01,368,51,247,0.6711956521739131,True,True,True,,0.27282104243729405,0.773524720893142,0.7363550519357885,blosum_nn,allele,4,B
HLA-B*55:01,378,61,210,0.5555555555555556,True,True,True,,0.37742776159428987,0.7560708598726114,0.6911469874432837,blosum_ridge,allele,1,B
HLA-B*41:01,368,37,220,0.5978260869565217,True,True,True,,0.39387169340884726,0.8426197458455523,0.929945054945055,blosum_ridge,allele,2,B
HLA-B*51:01,353,93,179,0.5070821529745042,True,True,True,,0.012883205430440131,0.5520408163265306,0.5713921208409879,blosum_ridge,allele,3,B
HLA-B*45:01,368,51,247,0.6711956521739131,True,True,True,,0.20438062867993076,0.6755183413078151,0.5448536355051936,blosum_ridge,allele,4,B
HLA-B*55:01,378,61,210,0.5555555555555556,True,True,True,,0.40058521282099513,0.7579617834394905,0.7313495832014351,esm2_joint,allele,1,B
HLA-B*41:01,368,37,220,0.5978260869565217,True,True,True,,0.3571720928819855,0.7631150211795373,0.7898351648351648,esm2_joint,allele,2,B
HLA-B*51:01,353,93,179,0.5070821529745042,True,True,True,,0.07475573825379433,0.5808767951625095,0.5745560318432333,esm2_joint,allele,3,B
HLA-B*45:01,368,51,247,0.6711956521739131,True,True,True,,0.17526459656858615,0.6676236044657097,0.5501416430594901,esm2_joint,allele,4,B
HLA-B*55:01,378,61,210,0.5555555555555556,True,True,True,,0.45651365553697854,0.7706508757961784,0.7707080299672893,esm2_joint_nn,allele,1,B
HLA-B*41:01,368,37,220,0.5978260869565217,True,True,True,,0.25215346842868086,0.7720212881503203,0.7527472527472527,esm2_joint_nn,allele,2,B
HLA-B*51:01,353,93,179,0.5070821529745042,True,True,True,,0.1611391717111776,0.5881330309901739,0.5867013676260462,esm2_joint_nn,allele,3,B
HLA-B*45:01,368,51,247,0.6711956521739131,True,True,True,,0.29970367824360855,0.6474481658692185,0.5335221907459868,esm2_joint_nn,allele,4,B
HLA-B*55:01,378,61,210,0.5555555555555556,True,True,True,,0.41253195295811185,0.7851313694267515,0.7841088952200064,esm2_mean,allele,1,B
HLA-B*41:01,368,37,220,0.5978260869565217,True,True,True,,0.27347317973902274,0.814706201802976,0.8681318681318682,esm2_mean,allele,2,B
HLA-B*51:01,353,93,179,0.5070821529745042,True,True,True,,-0.09750515057933655,0.453363567649282,0.45106144111043067,esm2_mean,allele,3,B
HLA-B*45:01,368,51,247,0.6711956521739131,True,True,True,,0.18069290427285345,0.6916267942583731,0.6591123701605288,esm2_mean,allele,4,B
HLA-B*55:01,378,61,210,0.5555555555555556,True,True,True,,0.2834678715156016,0.6967555732484076,0.7613168724279835,esm2_mean_nn,allele,1,B
HLA-B*41:01,368,37,220,0.5978260869565217,True,True,True,,0.1697401516845662,0.6972955360052134,0.8070054945054945,esm2_mean_nn,allele,2,B
HLA-B*51:01,353,93,179,0.5070821529745042,True,True,True,,0.2763943669097655,0.6620937263794406,0.6747295366401307,esm2_mean_nn,allele,3,B
HLA-B*45:01,368,51,247,0.6711956521739131,True,True,True,,-0.1097603356506247,0.4020733652312599,0.34617563739376767,esm2_mean_nn,allele,4,B
HLA-B*55:01,378,61,210,0.5555555555555556,True,True,True,,0.3801354452362992,0.758359872611465,0.6971615490134008,onehot_ridge,allele,1,B
HLA-B*41:01,368,37,220,0.5978260869565217,True,True,True,,0.3880455579696304,0.8394699685022265,0.9320054945054945,onehot_ridge,allele,2,B
HLA-B*51:01,353,93,179,0.5070821529745042,True,True,True,,0.014241110759096762,0.5526077097505669,0.5721575831802409,onehot_ridge,allele,3,B
HLA-B*45:01,368,51,247,0.6711956521739131,True,True,True,,0.20438163776623652,0.6754385964912281,0.5452313503305004,onehot_ridge,allele,4,B
