arm,split_regime,fraction,mean,std,count
blosum_nn,allele,0.1,0.17095876649827488,0.07383925774418561,5
blosum_nn,allele,0.25,0.23466904624959045,0.09533455298287807,5
blosum_nn,allele,0.5,0.32416079496704714,0.09120760143215663,5
blosum_nn,allele,1.0,0.39234983678731844,0.12645533045134383,5
blosum_nn,peptide,0.1,0.28819785711862683,0.04068547427981626,5
blosum_nn,peptide,0.25,0.47215613565135756,0.01862802435621115,5
blosum_nn,peptide,0.5,0.5630388127482429,0.01727368736474659,5
blosum_nn,peptide,1.0,0.6115769997149405,0.01255228089996513,5
blosum_ridge,allele,0.1,0.16018645126955092,0.05974676511067918,5
blosum_ridge,allele,0.25,0.19896746208979127,0.0708370251601584,5
blosum_ridge,allele,0.5,0.22006925492911975,0.07242564581665262,5
blosum_ridge,allele,1.0,0.2279755097499896,0.07318745008929421,5
blosum_ridge,peptide,0.1,0.2073892097421508,0.014872805389659946,5
blosum_ridge,peptide,0.25,0.23180276714748538,0.016230372229695006,5
blosum_ridge,peptide,0.5,0.2522544715271383,0.02202309442368052,5
blosum_ridge,peptide,1.0,0.2578227151944666,0.02196964270988486,5
esm2_joint,allele,0.1,0.14281287377313118,0.04631021246809362,5
esm2_joint,allele,0.25,0.1731399806087517,0.07001604004306976,5
esm2_joint,allele,0.5,0.18513488524422544,0.08120314161506796,5
esm2_joint,allele,1.0,0.19007170127464101,0.08111181290913944,5
esm2_joint,peptide,0.1,0.16894003565823962,0.03049738817389635,5
esm2_joint,peptide,0.25,0.19686587150206297,0.020452656009259586,5
esm2_joint,peptide,0.5,0.21131693266647544,0.022898241644254,5
esm2_joint,peptide,1.0,0.21528837596430667,0.028775704796187237,5
esm2_joint_nn,allele,1.0,0.2519498341212941,0.10991204199883667,5
esm2_joint_nn,peptide,1.0,0.3773787647618299,0.011082067435542577,5
esm2_mean,allele,0.1,0.11384686667409064,0.03986740601574461,5
esm2_mean,allele,0.25,0.13455583774799557,0.061678546624859346,5
esm2_mean,allele,0.5,0.15617741448866274,0.06533956341206974,5
esm2_mean,allele,1.0,0.15954606317345627,0.06741281569895777,5
esm2_mean,peptide,0.1,0.11710427835850376,0.009614030849470106,5
esm2_mean,peptide,0.25,0.15852925384596905,0.012124032807132059,5
esm2_mean,peptide,0.5,0.1672118621708965,0.013573378806735243,5
esm2_mean,peptide,1.0,0.1682817656535729,0.020535497536782923,5
esm2_mean_nn,allele,1.0,0.23740329452289224,0.11178885739138475,5
esm2_mean_nn,peptide,1.0,0.3598763383564334,0.01664033541553601,5
onehot_ridge,allele,0.1,0.15904750337997398,0.05903036730396815,5
onehot_ridge,allele,0.25,0.1979545897175708,0.07024593570765306,5
onehot_ridge,allele,0.5,0.22061262587134758,0.07190763380721348,5
onehot_ridge,allele,1.0,0.22813333230498314,0.07314678259270062,5
onehot_ridge,peptide,0.1,0.2063774399177399,0.01617305861451306,5
onehot_ridge,peptide,0.25,0.22747074456023375,0.018916260875201114,5
onehot_ridge,peptide,0.5,0.251255263580525,0.020327784281516412,5
onehot_ridge,peptide,1.0,0.257967284179429,0.021959579056176882,5
