arm,baseline,comparison,split_regime,fraction,delta,ci_low,ci_high,n_pairs,n_unscorable_pairs,pairing_unit,ci_method,confidence
blosum_nn,blosum_ridge,head,allele,1,0.1643743270373288,0.08855905452150088,0.24018959955315672,5,0,fold,t,0.95
esm2_mean_nn,esm2_mean,head,allele,1,0.07785723134943597,0.0055751232977929305,0.150139339401079,5,0,fold,t,0.95
esm2_joint_nn,esm2_joint,head,allele,1,0.061878132846653125,0.01785597261625628,0.10590029307704997,5,0,fold,t,0.95
esm2_mean,blosum_ridge,representation_ridge,allele,1,-0.06842944657653333,-0.09560296405829019,-0.04125592909477646,5,0,fold,t,0.95
esm2_joint,blosum_ridge,representation_ridge,allele,1,-0.03790380847534859,-0.04991902299107006,-0.025888593959627122,5,0,fold,t,0.95
esm2_mean_nn,blosum_nn,representation_mlp,allele,1,-0.15494654226442617,-0.2640272895992778,-0.04586579492957456,5,0,fold,t,0.95
esm2_joint_nn,blosum_nn,representation_mlp,allele,1,-0.1404000026660243,-0.2144551929741806,-0.06634481235786799,5,0,fold,t,0.95
blosum_ridge,onehot_ridge,hla_block,allele,1,-0.0001578225549935197,-0.0007118054439014611,0.0003961603339144216,5,0,fold,t,0.95
esm2_joint,esm2_mean,extraction_ridge,allele,1,0.03052563810118474,-0.002328674468460825,0.0633799506708303,5,0,fold,t,0.95
esm2_joint_nn,esm2_mean_nn,extraction_mlp,allele,1,0.01454653959840189,-0.04590318037752165,0.07499625957432543,5,0,fold,t,0.95
blosum_nn,blosum_ridge,head,allele_strict,1,0.0661463254452726,-0.06648005186881936,0.19099455800435308,12,0,allele,bootstrap,0.95
esm2_mean_nn,esm2_mean,head,allele_strict,1,-0.0037928036781138138,-0.09211616628353234,0.07586734314148863,12,0,allele,bootstrap,0.95
esm2_joint_nn,esm2_joint,head,allele_strict,1,0.006725989312367143,-0.07653921254050651,0.08407764829248444,12,0,allele,bootstrap,0.95
esm2_mean,blosum_ridge,representation_ridge,allele_strict,1,-0.10388483880334694,-0.1559400737688991,-0.04639655237862508,12,0,allele,bootstrap,0.95
esm2_joint,blosum_ridge,representation_ridge,allele_strict,1,-0.07173591581479462,-0.11047326335622965,-0.03945393203532069,12,0,allele,bootstrap,0.95
esm2_mean_nn,blosum_nn,representation_mlp,allele_strict,1,-0.17382396792673338,-0.2748531899150106,-0.08801738469418742,12,0,allele,bootstrap,0.95
esm2_joint_nn,blosum_nn,representation_mlp,allele_strict,1,-0.13115625194770011,-0.2178868740185665,-0.041065470189849906,12,0,allele,bootstrap,0.95
blosum_ridge,onehot_ridge,hla_block,allele_strict,1,-0.002401671767902932,-0.0055551066730311184,0.0001308023649484577,12,0,allele,bootstrap,0.95
esm2_joint,esm2_mean,extraction_ridge,allele_strict,1,0.03214892298855232,-0.011187676898964561,0.07281729480632385,12,0,allele,bootstrap,0.95
esm2_joint_nn,esm2_mean_nn,extraction_mlp,allele_strict,1,0.04266771597903327,-0.025177306167633657,0.10997898694488163,12,0,allele,bootstrap,0.95
blosum_nn,blosum_ridge,head,locus,1,-0.008522090088739252,-0.4605165391273541,0.4434723589498755,2,0,fold,t,0.95
esm2_mean_nn,esm2_mean,head,locus,1,-0.003435738597722199,-0.1944735140978253,0.1876020369023809,2,0,fold,t,0.95
esm2_joint_nn,esm2_joint,head,locus,1,-0.051538544441198444,-0.26000132544670773,0.15692423656431082,2,0,fold,t,0.95
esm2_mean,blosum_ridge,representation_ridge,locus,1,-9.849720815215124e-05,-0.32119415473729035,0.3209971603209861,2,0,fold,t,0.95
esm2_joint,blosum_ridge,representation_ridge,locus,1,0.0411146427082343,-0.13503723656014394,0.21726652197661256,2,0,fold,t,0.95
esm2_mean_nn,blosum_nn,representation_mlp,locus,1,0.0049878542828649015,-0.3169487127267148,0.32692442129244464,2,0,fold,t,0.95
esm2_joint_nn,blosum_nn,representation_mlp,locus,1,-0.0019018116442248954,-0.06928160040895226,0.06547797712050246,2,0,fold,t,0.95
blosum_ridge,onehot_ridge,hla_block,locus,1,-0.000564628721833306,-0.005687150376466406,0.004557892932799794,2,0,fold,t,0.95
esm2_joint,esm2_mean,extraction_ridge,locus,1,0.04121313991638645,-0.10373063834437354,0.18615691817714644,2,0,fold,t,0.95
esm2_joint_nn,esm2_mean_nn,extraction_mlp,locus,1,-0.006889665927089797,-0.2614464441719421,0.24766711231776256,2,0,fold,t,0.95
blosum_nn,blosum_ridge,head,peptide,1,0.353754284520474,0.32294797465867076,0.3845605943822773,5,0,fold,t,0.95
esm2_mean_nn,esm2_mean,head,peptide,1,0.19159457270286048,0.17912974415908386,0.2040594012466371,5,0,fold,t,0.95
esm2_joint_nn,esm2_joint,head,peptide,1,0.16209038879752322,0.123655728360094,0.20052504923495243,5,0,fold,t,0.95
esm2_mean,blosum_ridge,representation_ridge,peptide,1,-0.08954094954089367,-0.10728187998975085,-0.0718000190920365,5,0,fold,t,0.95
esm2_joint,blosum_ridge,representation_ridge,peptide,1,-0.04253433923015991,-0.06947411671851192,-0.015594561741807896,5,0,fold,t,0.95
esm2_mean_nn,blosum_nn,representation_mlp,peptide,1,-0.25170066135850716,-0.27925530372187646,-0.22414601899513786,5,0,fold,t,0.95
esm2_joint_nn,blosum_nn,representation_mlp,peptide,1,-0.23419823495311065,-0.2513329328057661,-0.21706353710045523,5,0,fold,t,0.95
blosum_ridge,onehot_ridge,hla_block,peptide,1,-0.00014456898496241212,-0.0014549716710738523,0.0011658337011490282,5,0,fold,t,0.95
esm2_joint,esm2_mean,extraction_ridge,peptide,1,0.04700661031073376,0.02717564506103836,0.06683757556042916,5,0,fold,t,0.95
esm2_joint_nn,esm2_mean_nn,extraction_mlp,peptide,1,0.0175024264053965,-0.009071453783138415,0.044076306593931414,5,0,fold,t,0.95
