arm,baseline,split_regime,fold,gap
esm2_mean,blosum_nn,peptide,0,-0.22832040458788072
esm2_mean,blosum_nn,peptide,1,-0.22864650761914362
esm2_mean,blosum_nn,peptide,2,-0.23152183452345343
esm2_mean,blosum_nn,peptide,3,-0.2338652842692135
esm2_mean,blosum_nn,peptide,4,-0.2281812848494118
esm2_mean,blosum_ridge,peptide,0,-0.03900663495235379
esm2_mean,blosum_ridge,peptide,1,-0.03530173679644877
esm2_mean,blosum_ridge,peptide,2,-0.03557009343320394
esm2_mean,blosum_ridge,peptide,3,-0.027057090166058506
esm2_mean,blosum_ridge,peptide,4,-0.03208260948271047
esm2_complex,blosum_nn,peptide,0,-0.3380890240882183
esm2_complex,blosum_nn,peptide,1,-0.3640330971174608
esm2_complex,blosum_nn,peptide,2,-0.36161343887295755
esm2_complex,blosum_nn,peptide,3,-0.351861595931024
esm2_complex,blosum_nn,peptide,4,-0.3194226043572538
esm2_complex,blosum_ridge,peptide,0,-0.14877525445269135
esm2_complex,blosum_ridge,peptide,1,-0.17068832629476594
esm2_complex,blosum_ridge,peptide,2,-0.16566169778270806
esm2_complex,blosum_ridge,peptide,3,-0.14505340182786902
esm2_complex,blosum_ridge,peptide,4,-0.12332392899055244
esm2_mean,blosum_nn,allele,0,-0.2161469768201578
esm2_mean,blosum_nn,allele,1,-0.12477166533063228
esm2_mean,blosum_nn,allele,2,-0.21558014205283504
esm2_mean,blosum_nn,allele,3,-0.07555624636913671
esm2_mean,blosum_nn,allele,4,-0.27068889607338315
esm2_mean,blosum_ridge,allele,0,-0.028366022092867094
esm2_mean,blosum_ridge,allele,1,-0.0057359347630698
esm2_mean,blosum_ridge,allele,2,0.203387633283173
esm2_mean,blosum_ridge,allele,3,0.09927140664608575
esm2_mean,blosum_ridge,allele,4,-0.04053457366833352
esm2_complex,blosum_nn,allele,0,-0.15496910587982848
esm2_complex,blosum_nn,allele,1,-0.17092586236284568
esm2_complex,blosum_nn,allele,2,-0.21152960883246313
esm2_complex,blosum_nn,allele,3,-0.19275528202537495
esm2_complex,blosum_nn,allele,4,-0.29381695992261464
esm2_complex,blosum_ridge,allele,0,0.032811848847462216
esm2_complex,blosum_ridge,allele,1,-0.05189013179528319
esm2_complex,blosum_ridge,allele,2,0.2074381665035449
esm2_complex,blosum_ridge,allele,3,-0.01792762901015249
esm2_complex,blosum_ridge,allele,4,-0.06366263751756501
