arm,baseline,split_regime,fraction,delta,ci_low,ci_high,n_pairs,n_unscorable_pairs,pairing_unit,ci_method,confidence
blosum_nn,blosum_nn,allele,0.1,0.0,0.0,0.0,5,0,fold,t,0.95
blosum_ridge,blosum_nn,allele,0.1,-0.010772315228723975,-0.07245158231104415,0.0509069518535962,5,0,fold,t,0.95
esm2_joint,blosum_nn,allele,0.1,-0.028145892725143718,-0.08657849771536942,0.03028671226508198,5,0,fold,t,0.95
esm2_mean,blosum_nn,allele,0.1,-0.05711189982418428,-0.12072481800385043,0.006501018355481884,5,0,fold,t,0.95
onehot_ridge,blosum_nn,allele,0.1,-0.01191126311830092,-0.07264863592248091,0.04882610968587907,5,0,fold,t,0.95
blosum_nn,blosum_nn,allele,0.25,0.0,0.0,0.0,5,0,fold,t,0.95
blosum_ridge,blosum_nn,allele,0.25,-0.03570158415979916,-0.09620158722840741,0.02479841890880908,5,0,fold,t,0.95
esm2_joint,blosum_nn,allele,0.25,-0.061529065640838765,-0.1203087196536587,-0.0027494116280188247,5,0,fold,t,0.95
esm2_mean,blosum_nn,allele,0.25,-0.10011320850159486,-0.14764752778706355,-0.05257888921612617,5,0,fold,t,0.95
onehot_ridge,blosum_nn,allele,0.25,-0.036714456532019636,-0.09703813065487508,0.023609217590835813,5,0,fold,t,0.95
blosum_nn,blosum_nn,allele,0.5,0.0,0.0,0.0,5,0,fold,t,0.95
blosum_ridge,blosum_nn,allele,0.5,-0.10409154003792738,-0.1342570252773405,-0.07392605479851425,5,0,fold,t,0.95
esm2_joint,blosum_nn,allele,0.5,-0.1390259097228217,-0.1668296040858511,-0.11122221535979229,5,0,fold,t,0.95
esm2_mean,blosum_nn,allele,0.5,-0.16798338047838435,-0.21499285018278025,-0.12097391077398845,5,0,fold,t,0.95
onehot_ridge,blosum_nn,allele,0.5,-0.1035481690956995,-0.13406505655273995,-0.07303128163865906,5,0,fold,t,0.95
blosum_nn,blosum_nn,allele,1.0,0.0,0.0,0.0,5,0,fold,t,0.95
blosum_ridge,blosum_nn,allele,1.0,-0.1643743270373288,-0.24018959955315672,-0.08855905452150088,5,0,fold,t,0.95
esm2_joint,blosum_nn,allele,1.0,-0.2022781355126774,-0.2735132389630256,-0.13104303206232923,5,0,fold,t,0.95
esm2_joint_nn,blosum_nn,allele,1.0,-0.1404000026660243,-0.2144551929741806,-0.06634481235786799,5,0,fold,t,0.95
esm2_mean,blosum_nn,allele,1.0,-0.23280377361386212,-0.32229438994585585,-0.1433131572818684,5,0,fold,t,0.95
esm2_mean_nn,blosum_nn,allele,1.0,-0.15494654226442617,-0.2640272895992778,-0.04586579492957456,5,0,fold,t,0.95
onehot_ridge,blosum_nn,allele,1.0,-0.1642165044823353,-0.23985856297541883,-0.08857444598925177,5,0,fold,t,0.95
blosum_nn,blosum_nn,allele_strict,1.0,0.0,,,1,0,fold,t,0.95
blosum_ridge,blosum_nn,allele_strict,1.0,-0.06614632544527262,,,1,0,fold,t,0.95
esm2_joint,blosum_nn,allele_strict,1.0,-0.13788224126006732,,,1,0,fold,t,0.95
esm2_joint_nn,blosum_nn,allele_strict,1.0,-0.13115625194770011,,,1,0,fold,t,0.95
esm2_mean,blosum_nn,allele_strict,1.0,-0.17003116424861953,,,1,0,fold,t,0.95
esm2_mean_nn,blosum_nn,allele_strict,1.0,-0.17382396792673332,,,1,0,fold,t,0.95
onehot_ridge,blosum_nn,allele_strict,1.0,-0.06374465367736971,,,1,0,fold,t,0.95
blosum_nn,blosum_nn,locus,1.0,0.0,0.0,0.0,2,0,fold,t,0.95
blosum_ridge,blosum_nn,locus,1.0,0.008522090088739252,-0.4434723589498755,0.4605165391273541,2,0,fold,t,0.95
esm2_joint,blosum_nn,locus,1.0,0.049636732796973546,-0.22620583697326296,0.3254793025672101,2,0,fold,t,0.95
esm2_joint_nn,blosum_nn,locus,1.0,-0.0019018116442248954,-0.06928160040895226,0.06547797712050246,2,0,fold,t,0.95
esm2_mean,blosum_nn,locus,1.0,0.0084235928805871,-0.12247519862888955,0.13932238439006375,2,0,fold,t,0.95
esm2_mean_nn,blosum_nn,locus,1.0,0.0049878542828649015,-0.3169487127267148,0.32692442129244464,2,0,fold,t,0.95
onehot_ridge,blosum_nn,locus,1.0,0.009086718810572558,-0.43778520857340925,0.45595864619455434,2,0,fold,t,0.95
blosum_nn,blosum_nn,peptide,0.1,0.0,0.0,0.0,5,0,fold,t,0.95
blosum_ridge,blosum_nn,peptide,0.1,-0.080808647376476,-0.1338607895123622,-0.027756505240589806,5,0,fold,t,0.95
esm2_joint,blosum_nn,peptide,0.1,-0.11925782146038717,-0.16111087241598107,-0.07740477050479327,5,0,fold,t,0.95
esm2_mean,blosum_nn,peptide,0.1,-0.17109357876012304,-0.22578800563196014,-0.11639915188828595,5,0,fold,t,0.95
onehot_ridge,blosum_nn,peptide,0.1,-0.08182041720088688,-0.1351915316853774,-0.02844930271639636,5,0,fold,t,0.95
blosum_nn,blosum_nn,peptide,0.25,0.0,0.0,0.0,5,0,fold,t,0.95
blosum_ridge,blosum_nn,peptide,0.25,-0.24035336850387218,-0.2700807780234214,-0.210625958984323,5,0,fold,t,0.95
esm2_joint,blosum_nn,peptide,0.25,-0.2752902641492946,-0.3132389281215653,-0.23734160017702385,5,0,fold,t,0.95
esm2_mean,blosum_nn,peptide,0.25,-0.3136268818053885,-0.3500544710111603,-0.27719929259961673,5,0,fold,t,0.95
onehot_ridge,blosum_nn,peptide,0.25,-0.24468539109112383,-0.2774454421345444,-0.21192534004770325,5,0,fold,t,0.95
blosum_nn,blosum_nn,peptide,0.5,0.0,0.0,0.0,5,0,fold,t,0.95
blosum_ridge,blosum_nn,peptide,0.5,-0.3107843412211045,-0.3331052672882882,-0.28846341515392077,5,0,fold,t,0.95
esm2_joint,blosum_nn,peptide,0.5,-0.35172188008176736,-0.36308353229037865,-0.34036022787315606,5,0,fold,t,0.95
esm2_mean,blosum_nn,peptide,0.5,-0.3958269505773463,-0.40091485132594035,-0.39073904982875224,5,0,fold,t,0.95
onehot_ridge,blosum_nn,peptide,0.5,-0.3117835491677178,-0.3324263893092835,-0.2911407090261521,5,0,fold,t,0.95
blosum_nn,blosum_nn,peptide,1.0,0.0,0.0,0.0,5,0,fold,t,0.95
blosum_ridge,blosum_nn,peptide,1.0,-0.353754284520474,-0.3845605943822773,-0.32294797465867076,5,0,fold,t,0.95
esm2_joint,blosum_nn,peptide,1.0,-0.39628862375063384,-0.42395021564356167,-0.368627031857706,5,0,fold,t,0.95
esm2_joint_nn,blosum_nn,peptide,1.0,-0.23419823495311065,-0.2513329328057661,-0.21706353710045523,5,0,fold,t,0.95
esm2_mean,blosum_nn,peptide,1.0,-0.4432952340613676,-0.4705145002894371,-0.41607596783329814,5,0,fold,t,0.95
esm2_mean_nn,blosum_nn,peptide,1.0,-0.25170066135850716,-0.27925530372187646,-0.22414601899513786,5,0,fold,t,0.95
onehot_ridge,blosum_nn,peptide,1.0,-0.3536097155355115,-0.384137937598347,-0.323081493472676,5,0,fold,t,0.95
