stratifier,band,arm,delta,ci_low,ci_high,n_pairs,n_unscorable_pairs,pairing_unit,ci_method,confidence,median_identity
identity_band,<80%,blosum_nn,0.0,0.0,0.0,6,0,allele,bootstrap,0.95,
identity_band,<80%,blosum_ridge,-0.09837902924643795,-0.19952551192843448,-0.040557919834049626,6,0,allele,bootstrap,0.95,
identity_band,<80%,esm2_joint,-0.11331145283609761,-0.1966376239347075,-0.03695552381456859,6,0,allele,bootstrap,0.95,
identity_band,<80%,esm2_mean,-0.1577347550123416,-0.28883473435945956,-0.06562203003129297,6,0,allele,bootstrap,0.95,
identity_band,<80%,onehot_ridge,-0.09738190748158915,-0.1991258865680764,-0.03857811078189269,6,0,allele,bootstrap,0.95,
identity_band,80–90%,blosum_nn,0.0,0.0,0.0,15,0,allele,bootstrap,0.95,
identity_band,80–90%,blosum_ridge,-0.11205140892749932,-0.15898583645351494,-0.06902313233764419,15,0,allele,bootstrap,0.95,
identity_band,80–90%,esm2_joint,-0.16959033541415938,-0.2280399282025226,-0.11081650022562432,15,0,allele,bootstrap,0.95,
identity_band,80–90%,esm2_mean,-0.20017256258435526,-0.27286689575314377,-0.1315768957898188,15,0,allele,bootstrap,0.95,
identity_band,80–90%,onehot_ridge,-0.11241809995857885,-0.15957947981415682,-0.06865551144855551,15,0,allele,bootstrap,0.95,
identity_band,90–95%,blosum_nn,0.0,0.0,0.0,24,0,allele,bootstrap,0.95,
identity_band,90–95%,blosum_ridge,-0.17341354383500485,-0.2573998516529497,-0.09230403572469616,24,0,allele,bootstrap,0.95,
identity_band,90–95%,esm2_joint,-0.19047175957523552,-0.26246240570609203,-0.11900501642315442,24,0,allele,bootstrap,0.95,
identity_band,90–95%,esm2_mean,-0.21825176950110148,-0.2987648289259623,-0.13682893656752176,24,0,allele,bootstrap,0.95,
identity_band,90–95%,onehot_ridge,-0.1730768985902976,-0.25667801494505904,-0.09253314550706454,24,0,allele,bootstrap,0.95,
identity_band,95–100%,blosum_nn,0.0,0.0,0.0,23,0,allele,bootstrap,0.95,
identity_band,95–100%,blosum_ridge,-0.20772785013675407,-0.28099153222922757,-0.12127658678808005,23,0,allele,bootstrap,0.95,
identity_band,95–100%,esm2_joint,-0.259184567006407,-0.321160274310772,-0.19454345398427983,23,0,allele,bootstrap,0.95,
identity_band,95–100%,esm2_mean,-0.2901280129295014,-0.36687543996776517,-0.20759613894694057,23,0,allele,bootstrap,0.95,
identity_band,95–100%,onehot_ridge,-0.2076989711368475,-0.2809413665772961,-0.12106174072289098,23,0,allele,bootstrap,0.95,
support_band,1–100,blosum_nn,0.0,0.0,0.0,2,0,allele,bootstrap,0.95,
support_band,1–100,blosum_ridge,-0.1048964392104708,-0.2640779641723034,0.05428508575136178,2,0,allele,bootstrap,0.95,
support_band,1–100,esm2_joint,-0.13729860156404924,-0.3012199494593205,0.026622746331222025,2,0,allele,bootstrap,0.95,
support_band,1–100,esm2_mean,-0.10165641651815718,-0.32407056993948313,0.12075773690316877,2,0,allele,bootstrap,0.95,
support_band,1–100,onehot_ridge,-0.10480144255611937,-0.2621980048474921,0.05259511973525337,2,0,allele,bootstrap,0.95,
support_band,101–500,blosum_nn,0.0,0.0,0.0,45,0,allele,bootstrap,0.95,
support_band,101–500,blosum_ridge,-0.16527634874784283,-0.21883985431721487,-0.11005898170191802,45,0,allele,bootstrap,0.95,
support_band,101–500,esm2_joint,-0.20843459797165104,-0.25587650749845214,-0.16028854750411092,45,0,allele,bootstrap,0.95,
support_band,101–500,esm2_mean,-0.2404191895571356,-0.28933709300410915,-0.18859568981182956,45,0,allele,bootstrap,0.95,
support_band,101–500,onehot_ridge,-0.16497063709122364,-0.21862829487347907,-0.11006619362791024,45,0,allele,bootstrap,0.95,
support_band,501–1000,blosum_nn,0.0,0.0,0.0,15,0,allele,bootstrap,0.95,
support_band,501–1000,blosum_ridge,-0.1489714124147686,-0.23797635876493176,-0.06184662651947813,15,0,allele,bootstrap,0.95,
support_band,501–1000,esm2_joint,-0.1808429002981507,-0.2662344190597437,-0.09789205642052391,15,0,allele,bootstrap,0.95,
support_band,501–1000,esm2_mean,-0.20580844341453494,-0.31555072193460226,-0.0931067592728902,15,0,allele,bootstrap,0.95,
support_band,501–1000,onehot_ridge,-0.1485360374116131,-0.23785826188632647,-0.06111725550041192,15,0,allele,bootstrap,0.95,
support_band,>1000,blosum_nn,0.0,0.0,0.0,6,0,allele,bootstrap,0.95,
support_band,>1000,blosum_ridge,-0.22148519271352973,-0.3271576719492071,-0.11103615803292653,6,0,allele,bootstrap,0.95,
support_band,>1000,esm2_joint,-0.23158223380955653,-0.321737604773577,-0.1296523931643397,6,0,allele,bootstrap,0.95,
support_band,>1000,esm2_mean,-0.29178011998648434,-0.41128544663133626,-0.15848735754311868,6,0,allele,bootstrap,0.95,
support_band,>1000,onehot_ridge,-0.22336045519855866,-0.3281948369179122,-0.11345942992932138,6,0,allele,bootstrap,0.95,
identity_band,Holdout A,blosum_nn,0.0,0.0,0.0,34,0,allele,bootstrap,0.95,0.6470588235294118
identity_band,Holdout A,blosum_ridge,0.044094824703331294,-0.01794955315359666,0.10019417816794675,34,0,allele,bootstrap,0.95,0.6470588235294118
identity_band,Holdout A,esm2_joint,0.07134601385278005,0.0040392830073902215,0.13344820370834481,34,0,allele,bootstrap,0.95,0.6470588235294118
identity_band,Holdout A,esm2_mean,0.018725551193662825,-0.05327557360688041,0.08574960573353467,34,0,allele,bootstrap,0.95,0.6470588235294118
identity_band,Holdout A,onehot_ridge,0.04425630222769893,-0.017851078389769653,0.10059497992790002,34,0,allele,bootstrap,0.95,0.6470588235294118
identity_band,Holdout B,blosum_nn,0.0,0.0,0.0,34,0,allele,bootstrap,0.95,0.6176470588235294
identity_band,Holdout B,blosum_ridge,-0.02705064452585283,-0.08076974009358955,0.026284389422715913,34,0,allele,bootstrap,0.95,0.6176470588235294
identity_band,Holdout B,esm2_joint,0.027927451741166984,-0.0292711696992727,0.08604680563172538,34,0,allele,bootstrap,0.95,0.6176470588235294
identity_band,Holdout B,esm2_mean,-0.0018783654324886726,-0.05770678567576559,0.056890120081973646,34,0,allele,bootstrap,0.95,0.6176470588235294
identity_band,Holdout B,onehot_ridge,-0.026082864606553836,-0.08020599554105722,0.028130653825643583,34,0,allele,bootstrap,0.95,0.6176470588235294
