arm,split_regime,metric,mean,std,count
blosum_nn,allele,auc_2h,0.7442043052520638,0.08548715109573596,5
blosum_nn,allele,auc_6h,0.754423001793542,0.0846790426898644,5
blosum_nn,allele,macro_eligible_alleles,13.6,1.140175425099138,5
blosum_nn,allele,macro_excluded_alleles,0.8,1.3038404810405297,5
blosum_nn,allele,macro_within_allele_spearman,0.39234983678731844,0.12645533045134383,5
blosum_nn,allele,pearson,0.48148285446167466,0.16716335955846146,5
blosum_nn,allele,pooled_minus_macro,0.0801714794899702,0.04687939109632431,5
blosum_nn,allele,pooled_spearman,0.47252131627728866,0.1506123917929861,5
blosum_nn,allele,rmse_log1p,1.031653999024547,0.1668317260125815,5
blosum_nn,allele_strict,auc_2h,0.6467786020286665,,1
blosum_nn,allele_strict,auc_6h,0.6850484194888442,,1
blosum_nn,allele_strict,macro_eligible_alleles,12.0,,1
blosum_nn,allele_strict,macro_excluded_alleles,3.0,,1
blosum_nn,allele_strict,macro_within_allele_spearman,0.146500993408286,,1
blosum_nn,allele_strict,pearson,0.3310827202870878,,1
blosum_nn,allele_strict,pooled_minus_macro,0.068725193318903,,1
blosum_nn,allele_strict,pooled_spearman,0.215226186727189,,1
blosum_nn,allele_strict,rmse_log1p,1.177875977076471,,1
blosum_nn,locus,auc_2h,0.5672640540377897,0.006249362558276989,2
blosum_nn,locus,auc_6h,0.5509531479818861,0.03693450211787033,2
blosum_nn,locus,macro_eligible_alleles,34.0,0.0,2
blosum_nn,locus,macro_excluded_alleles,2.0,0.0,2
blosum_nn,locus,macro_within_allele_spearman,0.062254190464435394,0.011526973798636745,2
blosum_nn,locus,pearson,0.109802945385455,0.01569688815772109,2
blosum_nn,locus,pooled_minus_macro,0.06327870741459216,0.052266210686288304,2
blosum_nn,locus,pooled_spearman,0.12553289787902755,0.04073923688765155,2
blosum_nn,locus,rmse_log1p,1.3747647057894896,0.2880018526664813,2
blosum_nn,peptide,auc_2h,0.8832190420281677,0.006612319193240095,5
blosum_nn,peptide,auc_6h,0.8962553935737706,0.003026934897932233,5
blosum_nn,peptide,macro_eligible_alleles,65.0,0.0,5
blosum_nn,peptide,macro_excluded_alleles,7.0,0.0,5
blosum_nn,peptide,macro_within_allele_spearman,0.6115769997149405,0.01255228089996513,5
blosum_nn,peptide,pearson,0.7645638925003665,0.0069782187820631525,5
blosum_nn,peptide,pooled_minus_macro,0.1411531668569123,0.008056264319699974,5
blosum_nn,peptide,pooled_spearman,0.7527301665718529,0.006556110996197806,5
blosum_nn,peptide,rmse_log1p,0.7155267153994482,0.017236226926581014,5
blosum_ridge,allele,auc_2h,0.6207448540420156,0.0704168545227534,5
blosum_ridge,allele,auc_6h,0.6314237656728443,0.0582894783735417,5
blosum_ridge,allele,macro_eligible_alleles,13.6,1.140175425099138,5
blosum_ridge,allele,macro_excluded_alleles,0.8,1.3038404810405297,5
blosum_ridge,allele,macro_within_allele_spearman,0.2279755097499896,0.07318745008929421,5
blosum_ridge,allele,pearson,0.24925917346921778,0.11946927879963617,5
blosum_ridge,allele,pooled_minus_macro,0.018392519317072423,0.09651463578154568,5
blosum_ridge,allele,pooled_spearman,0.246368029067062,0.1448182324722995,5
blosum_ridge,allele,rmse_log1p,1.1933955812035912,0.10515341432144899,5
blosum_ridge,allele_strict,auc_2h,0.5767685364386633,,1
blosum_ridge,allele_strict,auc_6h,0.5800197391950259,,1
blosum_ridge,allele_strict,macro_eligible_alleles,12.0,,1
blosum_ridge,allele_strict,macro_excluded_alleles,3.0,,1
blosum_ridge,allele_strict,macro_within_allele_spearman,0.0803546679630134,,1
blosum_ridge,allele_strict,pearson,0.1408515550720401,,1
blosum_ridge,allele_strict,pooled_minus_macro,0.0436301202202268,,1
blosum_ridge,allele_strict,pooled_spearman,0.1239847881832402,,1
blosum_ridge,allele_strict,rmse_log1p,1.2049130926732885,,1
blosum_ridge,locus,auc_2h,0.556257534610566,0.11057095145027494,2
blosum_ridge,locus,auc_6h,0.5611413350361311,0.10780403266666608,2
blosum_ridge,locus,macro_eligible_alleles,34.0,0.0,2
blosum_ridge,locus,macro_excluded_alleles,2.0,0.0,2
blosum_ridge,locus,macro_within_allele_spearman,0.07077628055317464,0.038780469944018174,2
blosum_ridge,locus,pearson,0.10543809802696129,0.20580619989911858,2
blosum_ridge,locus,pooled_minus_macro,0.03011952730873805,0.17511130668319252,2
blosum_ridge,locus,pooled_spearman,0.10089580786191271,0.21389177662721073,2
blosum_ridge,locus,rmse_log1p,2.2658411018624154,0.40368634605787695,2
blosum_ridge,peptide,auc_2h,0.7868185138780419,0.008663269616328568,5
blosum_ridge,peptide,auc_6h,0.8071367551435797,0.00427903907254108,5
blosum_ridge,peptide,macro_eligible_alleles,65.0,0.0,5
blosum_ridge,peptide,macro_excluded_alleles,7.0,0.0,5
blosum_ridge,peptide,macro_within_allele_spearman,0.2578227151944666,0.02196964270988486,5
blosum_ridge,peptide,pearson,0.5567206129814466,0.010430465986865506,5
blosum_ridge,peptide,pooled_minus_macro,0.29860402117372076,0.01614453723159008,5
blosum_ridge,peptide,pooled_spearman,0.5564267363681873,0.009646082045200769,5
blosum_ridge,peptide,rmse_log1p,0.9122808768999814,0.018474737679288405,5
esm2_joint,allele,auc_2h,0.6378043587542832,0.06336859372357309,5
esm2_joint,allele,auc_6h,0.6682508397650486,0.06700342183567867,5
esm2_joint,allele,macro_eligible_alleles,13.6,1.140175425099138,5
esm2_joint,allele,macro_excluded_alleles,0.8,1.3038404810405297,5
esm2_joint,allele,macro_within_allele_spearman,0.19007170127464101,0.08111181290913944,5
esm2_joint,allele,pearson,0.31450061069592444,0.10810366398538382,5
esm2_joint,allele,pooled_minus_macro,0.07765025119802225,0.06938854757426903,5
esm2_joint,allele,pooled_spearman,0.2677219524726633,0.10864000265658047,5
esm2_joint,allele,rmse_log1p,1.0768298599351782,0.10403445589253123,5
esm2_joint,allele_strict,auc_2h,0.5458283550943751,,1
esm2_joint,allele_strict,auc_6h,0.5554330930699607,,1
esm2_joint,allele_strict,macro_eligible_alleles,12.0,,1
esm2_joint,allele_strict,macro_excluded_alleles,3.0,,1
esm2_joint,allele_strict,macro_within_allele_spearman,0.0086187521482187,,1
esm2_joint,allele_strict,pearson,0.0961267239504732,,1
esm2_joint,allele_strict,pooled_minus_macro,0.0476528091213462,,1
esm2_joint,allele_strict,pooled_spearman,0.0562715612695649,,1
esm2_joint,allele_strict,rmse_log1p,1.2099932056878346,,1
esm2_joint,locus,auc_2h,0.504543558921102,0.038232260115041605,2
esm2_joint,locus,auc_6h,0.5100356535298464,0.03561059916443239,2
esm2_joint,locus,macro_eligible_alleles,34.0,0.0,2
esm2_joint,locus,macro_excluded_alleles,2.0,0.0,2
esm2_joint,locus,macro_within_allele_spearman,0.11189092326140895,0.019174585899854178,2
esm2_joint,locus,pearson,0.03536156392595305,0.04686229239303279,2
esm2_joint,locus,pooled_minus_macro,-0.09873059690980995,0.08808857369857687,2
esm2_joint,locus,pooled_spearman,0.013160326351599,0.06891398779872267,2
esm2_joint,locus,rmse_log1p,1.2557566922423546,0.282412661696547,2
esm2_joint,peptide,auc_2h,0.7114944574087309,0.015956189513063126,5
esm2_joint,peptide,auc_6h,0.7370105705384065,0.013073012780521948,5
esm2_joint,peptide,macro_eligible_alleles,65.0,0.0,5
esm2_joint,peptide,macro_excluded_alleles,7.0,0.0,5
esm2_joint,peptide,macro_within_allele_spearman,0.21528837596430667,0.028775704796187237,5
esm2_joint,peptide,pearson,0.43109697457925095,0.027140458184289663,5
esm2_joint,peptide,pooled_minus_macro,0.1904378385341633,0.016196558859229715,5
esm2_joint,peptide,pooled_spearman,0.40572621449846996,0.024473877209842006,5
esm2_joint,peptide,rmse_log1p,0.9907102292329668,0.02273517801921062,5
esm2_mean,allele,auc_2h,0.6398137301500164,0.06753240698355648,5
esm2_mean,allele,auc_6h,0.6556120896801543,0.06361307994840769,5
esm2_mean,allele,macro_eligible_alleles,13.6,1.140175425099138,5
esm2_mean,allele,macro_excluded_alleles,0.8,1.3038404810405297,5
esm2_mean,allele,macro_within_allele_spearman,0.15954606317345627,0.06741281569895777,5
esm2_mean,allele,pearson,0.2976112012962611,0.12172232174688562,5
esm2_mean,allele,pooled_minus_macro,0.13242646777460337,0.08240433173542501,5
esm2_mean,allele,pooled_spearman,0.2919725309480597,0.1417344064577228,5
esm2_mean,allele,rmse_log1p,1.1645535780470055,0.14794015280506884,5
esm2_mean,allele_strict,auc_2h,0.4842088384881975,,1
esm2_mean,allele_strict,auc_6h,0.4816831274588022,,1
esm2_mean,allele_strict,macro_eligible_alleles,12.0,,1
esm2_mean,allele_strict,macro_excluded_alleles,3.0,,1
esm2_mean,allele_strict,macro_within_allele_spearman,-0.0235301708403335,,1
esm2_mean,allele_strict,pearson,-0.0121848756267036,,1
esm2_mean,allele_strict,pooled_minus_macro,0.013751028373663,,1
esm2_mean,allele_strict,pooled_spearman,-0.0097791424666705,,1
esm2_mean,allele_strict,rmse_log1p,1.2200203981335338,,1
esm2_mean,locus,auc_2h,0.574733690495617,0.08715397065829456,2
esm2_mean,locus,auc_6h,0.5689397652345789,0.0857616667269894,2
esm2_mean,locus,macro_eligible_alleles,34.0,0.0,2
esm2_mean,locus,macro_excluded_alleles,2.0,0.0,2
esm2_mean,locus,macro_within_allele_spearman,0.0706777833450225,0.0030421953667171616,2
esm2_mean,locus,pearson,0.14482221414945523,0.1390257597809616,2
esm2_mean,locus,pooled_minus_macro,0.0715065889676313,0.15428985455871624,2
esm2_mean,locus,pooled_spearman,0.1421843723126538,0.1573320499254334,2
esm2_mean,locus,rmse_log1p,1.2063220699905528,0.07373599970273056,2
esm2_mean,peptide,auc_2h,0.7684533058207199,0.007860186178961122,5
esm2_mean,peptide,auc_6h,0.7846465096066728,0.006968113894955718,5
esm2_mean,peptide,macro_eligible_alleles,65.0,0.0,5
esm2_mean,peptide,macro_excluded_alleles,7.0,0.0,5
esm2_mean,peptide,macro_within_allele_spearman,0.1682817656535729,0.020535497536782923,5
esm2_mean,peptide,pearson,0.5171429027451644,0.010151445252895071,5
esm2_mean,peptide,pooled_minus_macro,0.35434133774845933,0.015614110577044654,5
esm2_mean,peptide,pooled_spearman,0.5226231034020323,0.007588614937332575,5
esm2_mean,peptide,rmse_log1p,0.939526628628769,0.018564502444685067,5
onehot_ridge,allele,auc_2h,0.6135400324621958,0.03731699543660384,5
onehot_ridge,allele,auc_6h,0.6351544917633137,0.03527714736862345,5
onehot_ridge,allele,macro_eligible_alleles,13.6,1.140175425099138,5
onehot_ridge,allele,macro_excluded_alleles,0.8,1.3038404810405297,5
onehot_ridge,allele,macro_within_allele_spearman,0.22813333230498314,0.07314678259270062,5
onehot_ridge,allele,pearson,0.24246890129915927,0.08271830152739973,5
onehot_ridge,allele,pooled_minus_macro,-0.017970796536028254,0.07318820563918695,5
onehot_ridge,allele,pooled_spearman,0.21016253576895486,0.10011454111653319,5
onehot_ridge,allele,rmse_log1p,1.091742440894628,0.10390130286468828,5
onehot_ridge,allele_strict,auc_2h,0.5723860665229115,,1
onehot_ridge,allele_strict,auc_6h,0.5746806996065916,,1
onehot_ridge,allele_strict,macro_eligible_alleles,12.0,,1
onehot_ridge,allele_strict,macro_excluded_alleles,3.0,,1
onehot_ridge,allele_strict,macro_within_allele_spearman,0.0827563397309163,,1
onehot_ridge,allele_strict,pearson,0.1114117320935586,,1
onehot_ridge,allele_strict,pooled_minus_macro,-0.002157785159942,,1
onehot_ridge,allele_strict,pooled_spearman,0.0805985545709743,,1
onehot_ridge,allele_strict,rmse_log1p,1.2242944758901635,,1
onehot_ridge,locus,auc_2h,0.5487291738513203,0.02770252593063042,2
onehot_ridge,locus,auc_6h,0.5458559316622026,0.039918008274074684,2
onehot_ridge,locus,macro_eligible_alleles,34.0,0.0,2
onehot_ridge,locus,macro_excluded_alleles,2.0,0.0,2
onehot_ridge,locus,macro_within_allele_spearman,0.07134090927500795,0.03821032805287524,2
onehot_ridge,locus,pearson,0.0843019584262757,0.06515512713928036,2
onehot_ridge,locus,pooled_minus_macro,0.0170354838454467,0.02480636495163951,2
onehot_ridge,locus,pooled_spearman,0.0883763931204547,0.06301669300451482,2
onehot_ridge,locus,rmse_log1p,1.3095562634205378,0.12231713400294816,2
onehot_ridge,peptide,auc_2h,0.7881344261695636,0.008301839647964005,5
onehot_ridge,peptide,auc_6h,0.8083115077259402,0.004524106362990452,5
onehot_ridge,peptide,macro_eligible_alleles,65.0,0.0,5
onehot_ridge,peptide,macro_excluded_alleles,7.0,0.0,5
onehot_ridge,peptide,macro_within_allele_spearman,0.257967284179429,0.021959579056176882,5
onehot_ridge,peptide,pearson,0.5601585045491724,0.010817598107688247,5
onehot_ridge,peptide,pooled_minus_macro,0.30064378367049455,0.016126500861280462,5
onehot_ridge,peptide,pooled_spearman,0.5586110678499235,0.009868211201034803,5
onehot_ridge,peptide,rmse_log1p,0.9097354713435892,0.01911704951797697,5
