arm,support_band,spearman,alleles
blosum_nn,1–100,0.1400666748697978,3
blosum_nn,101–500,0.3801781520351586,48
blosum_nn,501–1000,0.329455119553279,15
blosum_nn,>1000,0.6393711055163215,6
blosum_ridge,1–100,0.2678021998391109,3
blosum_ridge,101–500,0.22008518163067523,48
blosum_ridge,501–1000,0.18048370713851042,15
blosum_ridge,>1000,0.4178859128027918,6
esm2_complex,1–100,0.08559673966015334,3
esm2_complex,101–500,0.17630597564759068,48
esm2_complex,501–1000,0.14861221925512832,15
esm2_complex,>1000,0.407788871706765,6
esm2_mean,1–100,0.19583728330120986,3
esm2_mean,101–500,0.1498800058644378,48
esm2_mean,501–1000,0.1236466761387441,15
esm2_mean,>1000,0.34759098552983714,6
onehot_ridge,1–100,0.2678655309420119,3
onehot_ridge,101–500,0.22083443189883625,48
onehot_ridge,501–1000,0.18091908214166594,15
onehot_ridge,>1000,0.4160106503177628,6
