seed,labels_acquired,predictor,rmse_log1p,mae_log1p
0,173,onehot_ridge,1.0083666553316544,0.8294703421195819
0,173,esm2_ridge,1.202088699272256,0.9681596365844435
0,346,onehot_ridge,0.9791568413660816,0.8032871318584274
0,346,esm2_ridge,1.2246095101543835,0.9735406738504349
0,519,onehot_ridge,0.9654057714706397,0.7848551439487744
0,519,esm2_ridge,1.2256062913419528,0.9691426643880935
0,692,onehot_ridge,0.9587927574618744,0.7765133785023454
0,692,esm2_ridge,1.2158701052024194,0.9692454683371386
0,865,onehot_ridge,0.9496111654095186,0.7701271630415685
0,865,esm2_ridge,1.2051835075856345,0.9625976948561129
0,1038,onehot_ridge,0.9391065530851074,0.758697824427555
0,1038,esm2_ridge,1.2001027608539467,0.9517505977031248
0,1211,onehot_ridge,0.9377110204146847,0.7573194428821514
0,1211,esm2_ridge,1.1972268544139448,0.9435664698444302
0,1384,onehot_ridge,0.9348751133270012,0.7548927409385128
0,1384,esm2_ridge,1.1840559665573032,0.9324929247407933
0,1557,onehot_ridge,0.9290151945125956,0.7509613710789567
0,1557,esm2_ridge,1.1776630877775816,0.9136828489596356
0,1728,onehot_ridge,0.928184905187614,0.7492818361637292
0,1728,esm2_ridge,1.138823920440421,0.8949384316719898
0,1903,onehot_ridge,0.9189003149638667,0.740905007302097
0,1903,esm2_ridge,1.1134639260067773,0.8602788552808426
0,2076,onehot_ridge,0.916465577743926,0.7387023489369127
0,2076,esm2_ridge,1.1054588464735309,0.8667174657122155
1,173,onehot_ridge,1.023284877479034,0.8275720971300777
1,173,esm2_ridge,1.3690088059844578,1.0757485289342033
1,346,onehot_ridge,0.9925897204599322,0.7993405380531328
1,346,esm2_ridge,1.2049724582253498,0.9535452279912628
1,519,onehot_ridge,0.9727550130812173,0.7861515957416783
1,519,esm2_ridge,1.233436666570655,0.9809050052508909
1,692,onehot_ridge,0.9654029961788183,0.777850730107053
1,692,esm2_ridge,1.2436963993441017,0.9651325587818029
1,865,onehot_ridge,0.9523336122056937,0.7675342132843611
1,865,esm2_ridge,1.248116236848039,0.9884834736774054
1,1038,onehot_ridge,0.9375494197653308,0.7542300275451004
1,1038,esm2_ridge,1.2164952490742558,0.9491369390549629
1,1211,onehot_ridge,0.9306695984012876,0.7512229212006318
1,1211,esm2_ridge,1.2312269626996468,0.9580366771825792
1,1384,onehot_ridge,0.9258093923899969,0.7506484638972645
1,1384,esm2_ridge,1.1880454729805086,0.9314634425001386
1,1557,onehot_ridge,0.9214406507868256,0.7456882034531056
1,1557,esm2_ridge,1.152245549986671,0.9062779682583726
1,1728,onehot_ridge,0.9194366186194974,0.741575262205579
1,1728,esm2_ridge,1.1218360302210284,0.8815792502940498
1,1903,onehot_ridge,0.91636533643876,0.7395068063066778
1,1903,esm2_ridge,1.1099802872325022,0.8718335149377615
1,2076,onehot_ridge,0.9131002003515795,0.7397296029720323
1,2076,esm2_ridge,1.120027402562358,0.872595288879799
2,173,onehot_ridge,1.0158674284800229,0.8388349536572942
2,173,esm2_ridge,1.2611692507052343,0.9979371420683331
2,346,onehot_ridge,0.996594223650054,0.8080314676702337
2,346,esm2_ridge,1.1944054525063712,0.9488012176800257
2,519,onehot_ridge,0.9772331211293129,0.7883293351805066
2,519,esm2_ridge,1.1890133337938928,0.9355509495042531
2,692,onehot_ridge,0.9697794753237905,0.7838321865128887
2,692,esm2_ridge,1.2043936456438034,0.9552731820014441
2,865,onehot_ridge,0.948274901128943,0.7671041282221712
2,865,esm2_ridge,1.2012416291388088,0.9520047738640038
2,1038,onehot_ridge,0.9372691136435083,0.7556150032912718
2,1038,esm2_ridge,1.1991512537615368,0.9450508766493034
2,1211,onehot_ridge,0.9307937030325757,0.7488569141321696
2,1211,esm2_ridge,1.1852037173687608,0.9309697183660615
2,1384,onehot_ridge,0.9280981254021012,0.7454347904043406
2,1384,esm2_ridge,1.1579687400493208,0.9108697643389606
2,1557,onehot_ridge,0.9192795148691385,0.7394085219527695
2,1557,esm2_ridge,1.1463871355438375,0.9040038586159317
2,1728,onehot_ridge,0.9121787239806749,0.7338152993309447
2,1728,esm2_ridge,1.1681665762657365,0.9098142573039362
2,1903,onehot_ridge,0.9065988709532545,0.7315258854126618
2,1903,esm2_ridge,1.1468594903240263,0.9044825123163835
2,2076,onehot_ridge,0.9028754942012531,0.7282139626513312
2,2076,esm2_ridge,1.1464311575362123,0.8925821669691033
3,173,onehot_ridge,1.0041474031348312,0.8278432835236059
3,173,esm2_ridge,1.2654291308462775,1.008641120056963
3,346,onehot_ridge,0.9762837366177488,0.7984170962827536
3,346,esm2_ridge,1.3297728266010838,1.0467568683456714
3,519,onehot_ridge,0.9508328529257152,0.7845502479622276
3,519,esm2_ridge,1.2710083698927825,1.0074744481800955
3,692,onehot_ridge,0.9395746541930606,0.7682905618267166
3,692,esm2_ridge,1.2431711010646322,0.9834072717618161
3,865,onehot_ridge,0.9387607698274408,0.764550951201961
3,865,esm2_ridge,1.20940576803033,0.9492480751673614
3,1038,onehot_ridge,0.9358436142571438,0.7633352502645818
3,1038,esm2_ridge,1.1769063048379589,0.9224679803057274
3,1211,onehot_ridge,0.9321744228610065,0.7569149106740681
3,1211,esm2_ridge,1.188396153435375,0.9321113532632649
3,1384,onehot_ridge,0.9254643245880252,0.7519507052822576
3,1384,esm2_ridge,1.1623127548065124,0.9095905431773432
3,1557,onehot_ridge,0.9209824441185359,0.7490955800057492
3,1557,esm2_ridge,1.1406727561322394,0.8900243855347372
3,1728,onehot_ridge,0.9161121053879387,0.7436352648621202
3,1728,esm2_ridge,1.1272733718448413,0.8824435335649259
3,1903,onehot_ridge,0.9218030010167743,0.7464018084306562
3,1903,esm2_ridge,1.1091858171933464,0.8683707694645083
3,2076,onehot_ridge,0.9168931015615566,0.7410195522101006
3,2076,esm2_ridge,1.0884663520367424,0.862279711676296
4,173,onehot_ridge,1.0334611200534591,0.8411729904026078
4,173,esm2_ridge,1.3679224363446196,1.0768448502965557
4,346,onehot_ridge,1.016209161955567,0.8227093011763158
4,346,esm2_ridge,1.2484577131189756,0.9824094777572075
4,519,onehot_ridge,0.987976269693989,0.804670659237758
4,519,esm2_ridge,1.227114258090636,0.9609366280268281
4,692,onehot_ridge,0.9673363783762395,0.785692915758335
4,692,esm2_ridge,1.2123902851990147,0.947857395957191
4,865,onehot_ridge,0.9441212857814435,0.7703065217493594
4,865,esm2_ridge,1.2140080601141194,0.9439057917161714
4,1038,onehot_ridge,0.9402780919426736,0.7688326218836318
4,1038,esm2_ridge,1.2217647861293173,0.9577947524992478
4,1211,onehot_ridge,0.9323073117061805,0.7599220144400426
4,1211,esm2_ridge,1.1880223887414885,0.939817431761102
4,1384,onehot_ridge,0.9216671221569427,0.7517172281568989
4,1384,esm2_ridge,1.1495788932142543,0.9140176980604742
4,1557,onehot_ridge,0.9152350773308315,0.7466936036359653
4,1557,esm2_ridge,1.1408113399137387,0.9035336474115512
4,1728,onehot_ridge,0.9118674131124562,0.7420487201797435
4,1728,esm2_ridge,1.1271018885325634,0.8867461346298882
4,1903,onehot_ridge,0.907353989372068,0.738991354267343
4,1903,esm2_ridge,1.1186290689811,0.8854120577075869
4,2076,onehot_ridge,0.9054850646875993,0.7349456888188399
4,2076,esm2_ridge,1.104288861547002,0.8710726675690109
5,173,onehot_ridge,0.9993528189716611,0.8129889629686781
5,173,esm2_ridge,1.1736247491807135,0.9227349432250874
5,346,onehot_ridge,0.9827260762585066,0.806345002670926
5,346,esm2_ridge,1.1830464229824236,0.9534008817443775
5,519,onehot_ridge,0.9584626090280428,0.7781432469612698
5,519,esm2_ridge,1.1937284620968611,0.9438717518453642
5,692,onehot_ridge,0.951037543734884,0.767365821687148
5,692,esm2_ridge,1.1780942553636904,0.928755356197867
5,865,onehot_ridge,0.9337374712533801,0.7514715933456723
5,865,esm2_ridge,1.1666573065258725,0.9058671069534349
5,1038,onehot_ridge,0.9247137847874811,0.7422135321621607
5,1038,esm2_ridge,1.1853904652512075,0.9148111565458865
5,1211,onehot_ridge,0.9244331208588827,0.7446373783135259
5,1211,esm2_ridge,1.1515178854083008,0.9001750749472356
5,1384,onehot_ridge,0.9195676639247482,0.7395942099937464
5,1384,esm2_ridge,1.1337577885516323,0.8845741632770613
5,1557,onehot_ridge,0.9212107916388744,0.741166282068178
5,1557,esm2_ridge,1.108933359772432,0.8678451217951139
5,1728,onehot_ridge,0.9185308610251096,0.7421212009261001
5,1728,esm2_ridge,1.097907483375168,0.8671940893224851
5,1903,onehot_ridge,0.9127386025411196,0.7383114043578779
5,1903,esm2_ridge,1.098766231512714,0.8726944801638659
5,2076,onehot_ridge,0.9140209227578285,0.7394741121018045
5,2076,esm2_ridge,1.0983636915027453,0.8699249522343632
6,173,onehot_ridge,1.0095301092754843,0.8188307951653119
6,173,esm2_ridge,1.2156247340544668,0.9581698474760358
6,346,onehot_ridge,0.9922431236062563,0.8048563094649895
6,346,esm2_ridge,1.244541338357733,0.9712014064732544
6,519,onehot_ridge,0.9720627409935851,0.7808615485236216
6,519,esm2_ridge,1.2236202653524944,0.9505523255863475
6,692,onehot_ridge,0.9663338067994551,0.778122663610661
6,692,esm2_ridge,1.1921271271555478,0.940864171379613
6,865,onehot_ridge,0.959668930403555,0.7736529404741274
6,865,esm2_ridge,1.198691160566057,0.9402593889959888
6,1038,onehot_ridge,0.9507483474908143,0.7661033027393567
6,1038,esm2_ridge,1.17615425696018,0.9261631256252791
6,1211,onehot_ridge,0.9382284210796454,0.7568524354572101
6,1211,esm2_ridge,1.1756260682813318,0.9179575659800038
6,1384,onehot_ridge,0.9358667494241202,0.7524000504727771
6,1384,esm2_ridge,1.1779196748368432,0.9109638483497953
6,1557,onehot_ridge,0.9304825116165528,0.7500824494751217
6,1557,esm2_ridge,1.1568562328158885,0.9065599813438476
6,1728,onehot_ridge,0.9279555600813183,0.7469015060810767
6,1728,esm2_ridge,1.1432933878726994,0.9049488671140424
6,1903,onehot_ridge,0.9245351660325077,0.7456230553123704
6,1903,esm2_ridge,1.131728885465774,0.8978016598370269
6,2076,onehot_ridge,0.9171726100387808,0.7401989151631425
6,2076,esm2_ridge,1.1316171226134206,0.8874840841387169
7,173,onehot_ridge,1.0171241697684243,0.8205666964772139
7,173,esm2_ridge,1.2952381373143755,1.0191561393798654
7,346,onehot_ridge,1.0001379357452123,0.8044209001430883
7,346,esm2_ridge,1.254848100696813,0.9915363740884912
7,519,onehot_ridge,0.9716223031052853,0.7778954060932186
7,519,esm2_ridge,1.1608438195802677,0.9192053938174739
7,692,onehot_ridge,0.9485048129949165,0.7611109710478088
7,692,esm2_ridge,1.1291906040415447,0.9020972114180019
7,865,onehot_ridge,0.9290754474165844,0.7450790338934236
7,865,esm2_ridge,1.183317516519081,0.9423262561734889
7,1038,onehot_ridge,0.919013328405694,0.7352764527277768
7,1038,esm2_ridge,1.1959400995866956,0.9533737821578044
7,1211,onehot_ridge,0.9193017925213558,0.7399381664254863
7,1211,esm2_ridge,1.1785297029467479,0.9396359482293661
7,1384,onehot_ridge,0.9157619216916555,0.7331302084568758
7,1384,esm2_ridge,1.167024287505138,0.9210295792945487
7,1557,onehot_ridge,0.9146728211687567,0.7298212359566735
7,1557,esm2_ridge,1.1726993914501955,0.9069401586504793
7,1728,onehot_ridge,0.9075257268024164,0.7267762326922679
7,1728,esm2_ridge,1.1842249443906783,0.9117478028801785
7,1903,onehot_ridge,0.9095493152016444,0.7288748348320424
7,1903,esm2_ridge,1.1595799223582421,0.8917750932005539
7,2076,onehot_ridge,0.905476151252779,0.7266544062397987
7,2076,esm2_ridge,1.1494033563838286,0.880836050457739
8,173,onehot_ridge,1.0251020480624249,0.832609821497802
8,173,esm2_ridge,1.2341819878511444,0.9706795969244023
8,346,onehot_ridge,0.9780175278202256,0.795455475620866
8,346,esm2_ridge,1.1966684779440564,0.9389353818826215
8,519,onehot_ridge,0.9638456233053373,0.7806354988533197
8,519,esm2_ridge,1.203847792421633,0.9377085600645977
8,692,onehot_ridge,0.9510135551668752,0.771184519079886
8,692,esm2_ridge,1.271995530666479,0.9643428521828067
8,865,onehot_ridge,0.9468455340614879,0.7657663262936764
8,865,esm2_ridge,1.242422456167047,0.9434114636694133
8,1038,onehot_ridge,0.9360543250560935,0.7628230595255086
8,1038,esm2_ridge,1.1655718256481917,0.9287559936281
8,1211,onehot_ridge,0.9266635518492661,0.7495651692435901
8,1211,esm2_ridge,1.1596803758836371,0.9118422525999225
8,1384,onehot_ridge,0.9180442800752427,0.7458983742261805
8,1384,esm2_ridge,1.1213403158202588,0.8910767801686413
8,1557,onehot_ridge,0.9167909744900125,0.7465310606717938
8,1557,esm2_ridge,1.114495910859285,0.8928887492783704
8,1728,onehot_ridge,0.9198339114094952,0.746372036042896
8,1728,esm2_ridge,1.1194940792196972,0.8845337105142033
8,1903,onehot_ridge,0.914348356347928,0.7429605040636142
8,1903,esm2_ridge,1.0929917488668446,0.8636030546535177
8,2076,onehot_ridge,0.9126788143713789,0.7404198439201054
8,2076,esm2_ridge,1.0960654972447024,0.8616360993910505
9,173,onehot_ridge,1.0233927415698014,0.8394068397651642
9,173,esm2_ridge,1.2410310230174835,1.0037895984107053
9,346,onehot_ridge,1.0084276801051415,0.8190728288621704
9,346,esm2_ridge,1.1900654375536281,0.9685147338660105
9,519,onehot_ridge,0.99924858990985,0.8111504458413596
9,519,esm2_ridge,1.2350788767821177,0.986220505806965
9,692,onehot_ridge,0.9692160341453793,0.7781074711501292
9,692,esm2_ridge,1.2022680638011736,0.9535886722741638
9,865,onehot_ridge,0.9452410144521645,0.7581275512273633
9,865,esm2_ridge,1.1499128260323477,0.9125204888891789
9,1038,onehot_ridge,0.9378197063675145,0.7510178580428721
9,1038,esm2_ridge,1.1479541053044815,0.9057115267772436
9,1211,onehot_ridge,0.933740362678711,0.7471001872925445
9,1211,esm2_ridge,1.171049523227069,0.9183676997626256
9,1384,onehot_ridge,0.9320021399306994,0.7456482329172487
9,1384,esm2_ridge,1.1676588497783311,0.915266396331004
9,1557,onehot_ridge,0.9248987279645815,0.7423479261826509
9,1557,esm2_ridge,1.1313574479452355,0.8924923850234407
9,1728,onehot_ridge,0.9241988663421857,0.7392856760079312
9,1728,esm2_ridge,1.1222884798393975,0.8775709917816984
9,1903,onehot_ridge,0.9179851007569981,0.7356469798761984
9,1903,esm2_ridge,1.139085846611763,0.8781830681399723
9,2076,onehot_ridge,0.917108352102624,0.735859418396159
9,2076,esm2_ridge,1.1076766244859706,0.8657608554346224
