allele,n_train_rows,n_calibration,quantile_rank,q_log,status,nominal_coverage,fold
HLA-A*01:01,133,45,44,2.3722968101501465,available,0.95,0
HLA-A*02:01,617,205,196,1.7438623747913364,available,0.95,0
HLA-A*02:03,222,77,75,2.1636013984680176,available,0.95,0
HLA-A*02:05,14,3,4,inf,insufficient_calibration,0.95,0
HLA-A*02:10,219,74,72,1.9738433723570585,available,0.95,0
HLA-A*02:11,223,76,74,1.8813704529147133,available,0.95,0
HLA-A*02:12,219,76,74,2.106171084417566,available,0.95,0
HLA-A*02:16,219,75,73,1.720533372876334,available,0.95,0
HLA-A*02:19,211,70,68,1.8559022045741993,available,0.95,0
HLA-A*02:50,221,75,73,1.517619088782695,available,0.95,0
HLA-A*03:01,518,147,141,2.4035952767884137,available,0.95,0
HLA-A*11:01,359,101,97,1.8360676491670662,available,0.95,0
HLA-A*23:01,209,86,83,1.842970116182074,available,0.95,0
HLA-A*24:02,320,130,125,1.4791257298118803,available,0.95,0
HLA-A*24:03,281,118,114,1.9568617758976021,available,0.95,0
HLA-A*24:07,198,77,75,1.5155130215606842,available,0.95,0
HLA-A*24:19,213,82,79,1.0908979658500952,available,0.95,0
HLA-A*25:01,221,68,66,2.282751210439634,available,0.95,0
HLA-A*26:01,156,54,53,3.159823539973668,available,0.95,0
HLA-A*26:02,210,64,62,1.6977001577393214,available,0.95,0
HLA-A*26:03,207,65,63,2.2633937286398913,available,0.95,0
HLA-A*29:02,221,79,76,1.5724307116681344,available,0.95,0
HLA-A*30:01,243,61,59,2.3604151718561575,available,0.95,0
HLA-A*30:02,214,72,70,2.049587261252957,available,0.95,0
HLA-A*31:01,242,59,57,2.510322979817973,available,0.95,0
HLA-A*32:01,20,7,8,inf,insufficient_calibration,0.95,0
HLA-A*32:07,204,80,77,2.3299220150118334,available,0.95,0
HLA-A*33:03,234,57,56,2.379546134130174,available,0.95,0
HLA-A*43:01,208,71,69,1.8410641766112557,available,0.95,0
HLA-A*66:01,230,71,69,1.4040299211877854,available,0.95,0
HLA-A*68:01,243,62,60,1.8512954235117682,available,0.95,0
HLA-A*68:02,13,1,2,inf,insufficient_calibration,0.95,0
HLA-A*68:23,225,68,66,1.9857038422847424,available,0.95,0
HLA-A*69:01,11,2,3,inf,insufficient_calibration,0.95,0
HLA-A*74:01,227,53,52,2.6816231031612725,available,0.95,0
HLA-A*80:01,205,68,66,0.9989388427044394,available,0.95,0
HLA-B*07:02,364,138,133,1.2184381504031894,available,0.95,0
HLA-B*08:01,260,94,91,0.5877866649021191,available,0.95,0
HLA-B*08:03,197,78,76,0.7758538126945496,available,0.95,0
HLA-B*13:02,3,4,5,inf,insufficient_calibration,0.95,0
HLA-B*15:01,655,202,193,1.2838548421859741,available,0.95,0
HLA-B*15:02,212,69,67,1.1819710495072386,available,0.95,0
HLA-B*15:10,219,70,68,1.7598375375763218,available,0.95,0
HLA-B*15:17,229,73,71,0.949857160854273,available,0.95,0
HLA-B*18:01,219,78,76,1.2909703319585577,available,0.95,0
HLA-B*27:02,227,74,72,2.1162555148025524,available,0.95,0
HLA-B*27:03,237,74,72,2.461536640807627,available,0.95,0
HLA-B*27:05,231,69,67,1.8404702939418676,available,0.95,0
HLA-B*27:20,236,76,74,1.5970172812362682,available,0.95,0
HLA-B*35:01,391,129,124,1.191007248175833,available,0.95,0
HLA-B*35:03,217,82,79,0.938979689829281,available,0.95,0
HLA-B*35:08,13,5,6,inf,insufficient_calibration,0.95,0
HLA-B*39:01,427,124,119,1.4226693710373914,available,0.95,0
HLA-B*39:02,228,73,71,1.355189408007663,available,0.95,0
HLA-B*39:10,215,83,80,1.6618246264008474,available,0.95,0
HLA-B*40:01,174,70,68,0.6402448182226896,available,0.95,0
HLA-B*40:02,12,4,5,inf,insufficient_calibration,0.95,0
HLA-B*41:01,226,78,76,1.2814116318165063,available,0.95,0
HLA-B*42:01,204,74,72,1.685989498374393,available,0.95,0
HLA-B*42:02,217,81,78,1.414914718878958,available,0.95,0
HLA-B*44:05,211,79,76,1.475553898816488,available,0.95,0
HLA-B*45:01,229,80,77,1.237157167618372,available,0.95,0
HLA-B*46:01,217,75,73,1.9639158823438838,available,0.95,0
HLA-B*51:01,200,77,75,1.6284562684226827,available,0.95,0
HLA-B*54:01,206,78,76,1.7290854361492414,available,0.95,0
HLA-B*55:01,218,84,81,0.9997119941918717,available,0.95,0
HLA-B*56:01,212,80,77,1.4268138383647302,available,0.95,0
HLA-B*57:01,220,69,67,1.7534142609615349,available,0.95,0
HLA-B*57:02,227,74,72,1.2601232272944842,available,0.95,0
HLA-B*57:03,231,75,73,1.219662688478388,available,0.95,0
HLA-B*58:01,236,83,80,1.7852326215817724,available,0.95,0
HLA-B*81:01,214,77,75,0.8868114681944896,available,0.95,0
HLA-A*01:01,124,49,48,3.03827779171326,available,0.95,1
HLA-A*02:01,616,224,214,1.927657420781164,available,0.95,1
HLA-A*02:03,222,90,87,2.23453755475448,available,0.95,1
HLA-A*02:05,16,4,5,inf,insufficient_calibration,0.95,1
HLA-A*02:10,215,88,85,2.2620833705355943,available,0.95,1
HLA-A*02:11,223,88,85,1.4945628387555385,available,0.95,1
HLA-A*02:12,219,86,83,1.6866831798526523,available,0.95,1
HLA-A*02:16,218,86,83,1.6269152962150977,available,0.95,1
HLA-A*02:19,204,85,82,1.9527786545610257,available,0.95,1
HLA-A*02:50,219,88,85,1.620362931392349,available,0.95,1
HLA-A*03:01,508,167,160,1.8047161169133945,available,0.95,1
HLA-A*11:01,335,115,111,1.7513280572198786,available,0.95,1
HLA-A*23:01,232,74,72,2.0363521680859846,available,0.95,1
HLA-A*24:02,352,107,103,1.7855799187659813,available,0.95,1
HLA-A*24:03,317,99,95,2.0926239669803364,available,0.95,1
HLA-A*24:07,221,70,68,1.6262349314240407,available,0.95,1
HLA-A*24:19,237,74,72,1.7415522915043038,available,0.95,1
HLA-A*25:01,214,83,80,2.3133540705384537,available,0.95,1
HLA-A*26:01,178,52,51,1.6443648748342916,available,0.95,1
HLA-A*26:02,199,80,77,1.6869857933476005,available,0.95,1
HLA-A*26:03,197,81,78,1.6717305545927763,available,0.95,1
HLA-A*29:02,227,83,80,2.177751687057708,available,0.95,1
HLA-A*30:01,223,73,71,2.2938182966773755,available,0.95,1
HLA-A*30:02,222,82,79,1.542675572784165,available,0.95,1
HLA-A*31:01,219,75,73,2.0664784432919787,available,0.95,1
HLA-A*32:01,24,4,5,inf,insufficient_calibration,0.95,1
HLA-A*32:07,226,73,71,1.9891948169202402,available,0.95,1
HLA-A*33:03,215,71,69,2.0406448597526774,available,0.95,1
HLA-A*43:01,214,80,77,2.4994088018624514,available,0.95,1
HLA-A*66:01,226,87,84,0.8104218767097489,available,0.95,1
HLA-A*68:01,221,75,73,1.6464027087835151,available,0.95,1
HLA-A*68:02,9,6,7,inf,insufficient_calibration,0.95,1
HLA-A*68:23,216,86,83,1.2743515388418216,available,0.95,1
HLA-A*69:01,9,5,6,inf,insufficient_calibration,0.95,1
HLA-A*74:01,208,72,70,1.7612378635352608,available,0.95,1
HLA-A*80:01,212,76,74,0.9962766012455466,available,0.95,1
HLA-B*07:02,410,122,117,1.238765726150127,available,0.95,1
HLA-B*08:01,294,88,85,0.5889031887054443,available,0.95,1
HLA-B*08:03,221,68,66,0.7521473528678089,available,0.95,1
HLA-B*13:02,4,2,3,inf,insufficient_calibration,0.95,1
HLA-B*15:01,653,214,205,1.1993965603551398,available,0.95,1
HLA-B*15:02,205,78,76,1.2093863112773078,available,0.95,1
HLA-B*15:10,222,63,61,1.8523292713099635,available,0.95,1
HLA-B*15:17,220,63,61,1.0429594505401223,available,0.95,1
HLA-B*18:01,215,75,73,1.196322892629354,available,0.95,1
HLA-B*27:02,218,67,65,1.635972358607368,available,0.95,1
HLA-B*27:03,221,71,69,2.2199250002363384,available,0.95,1
HLA-B*27:05,217,73,71,2.068049708363597,available,0.95,1
HLA-B*27:20,220,70,68,1.535916346576757,available,0.95,1
HLA-B*35:01,404,127,122,1.4249500250324425,available,0.95,1
HLA-B*35:03,246,72,70,1.030990865629838,available,0.95,1
HLA-B*35:08,18,4,5,inf,insufficient_calibration,0.95,1
HLA-B*39:01,424,129,124,1.5259640178707352,available,0.95,1
HLA-B*39:02,229,66,64,1.62924053973028,available,0.95,1
HLA-B*39:10,243,72,70,1.9221470906757183,available,0.95,1
HLA-B*40:01,173,62,60,0.8231917023658752,available,0.95,1
HLA-B*40:02,10,4,5,inf,insufficient_calibration,0.95,1
HLA-B*41:01,218,76,74,0.70028927126129,available,0.95,1
HLA-B*42:01,227,67,65,1.6220301761169518,available,0.95,1
HLA-B*42:02,244,71,69,1.9085543722078584,available,0.95,1
HLA-B*44:05,209,71,69,1.4682408687287576,available,0.95,1
HLA-B*45:01,220,78,76,0.8898996772105365,available,0.95,1
HLA-B*46:01,215,81,78,1.4511712758619528,available,0.95,1
HLA-B*51:01,231,65,63,1.5095585328898822,available,0.95,1
HLA-B*54:01,230,68,66,1.1836964732209685,available,0.95,1
HLA-B*55:01,245,71,69,1.1170229668236005,available,0.95,1
HLA-B*56:01,243,68,66,0.8011683270859034,available,0.95,1
HLA-B*57:01,217,61,59,1.5555231165793333,available,0.95,1
HLA-B*57:02,221,64,62,1.0209788328210356,available,0.95,1
HLA-B*57:03,225,65,63,1.0469428416901834,available,0.95,1
HLA-B*58:01,226,67,65,1.9498687647054904,available,0.95,1
HLA-B*81:01,237,71,69,0.7215141282489792,available,0.95,1
HLA-A*01:01,147,38,38,2.157811201107669,available,0.95,2
HLA-A*02:01,614,215,206,1.638993106766141,available,0.95,2
HLA-A*02:03,240,70,68,1.9887481098295927,available,0.95,2
HLA-A*02:05,11,4,5,inf,insufficient_calibration,0.95,2
HLA-A*02:10,235,67,65,1.8526904582977295,available,0.95,2
HLA-A*02:11,240,70,68,1.6591531724420774,available,0.95,2
HLA-A*02:12,234,69,67,1.768401856668064,available,0.95,2
HLA-A*02:16,236,70,68,1.7440493213701482,available,0.95,2
HLA-A*02:19,225,64,62,1.770980350505162,available,0.95,2
HLA-A*02:50,237,70,68,1.4441987510119512,available,0.95,2
HLA-A*03:01,527,171,164,2.1710978584543836,available,0.95,2
HLA-A*11:01,338,119,114,2.423212766647339,available,0.95,2
HLA-A*23:01,218,74,72,3.1000155973516303,available,0.95,2
HLA-A*24:02,345,105,101,1.7822485546068858,available,0.95,2
HLA-A*24:03,303,98,95,1.9393934049813615,available,0.95,2
HLA-A*24:07,206,68,66,1.7881289070253834,available,0.95,2
HLA-A*24:19,222,74,72,0.9157781517631742,available,0.95,2
HLA-A*25:01,216,64,62,1.9294562339782715,available,0.95,2
HLA-A*26:01,168,41,40,2.0774049896566327,available,0.95,2
HLA-A*26:02,197,62,60,1.8420155048370361,available,0.95,2
HLA-A*26:03,200,63,61,1.5214205725451946,available,0.95,2
HLA-A*29:02,239,59,57,2.098832816334793,available,0.95,2
HLA-A*30:01,235,81,78,2.550723063180997,available,0.95,2
HLA-A*30:02,225,60,58,1.5457832775781863,available,0.95,2
HLA-A*31:01,228,83,80,2.2242433346611126,available,0.95,2
HLA-A*32:01,25,4,5,inf,insufficient_calibration,0.95,2
HLA-A*32:07,212,73,71,2.3158577538536336,available,0.95,2
HLA-A*33:03,221,83,80,2.4056031255830845,available,0.95,2
HLA-A*43:01,220,59,57,1.2935024725026851,available,0.95,2
HLA-A*66:01,223,70,68,1.329562603292045,available,0.95,2
HLA-A*68:01,236,83,80,1.7306672825445886,available,0.95,2
HLA-A*68:02,6,6,7,inf,insufficient_calibration,0.95,2
HLA-A*68:23,217,67,65,1.8704481041557524,available,0.95,2
HLA-A*69:01,7,4,5,inf,insufficient_calibration,0.95,2
HLA-A*74:01,218,80,77,2.4830846555936485,available,0.95,2
HLA-A*80:01,218,55,54,0.9015381252891752,available,0.95,2
HLA-B*07:02,386,130,125,1.0056898689876514,available,0.95,2
HLA-B*08:01,292,86,83,0.4635343112857815,available,0.95,2
HLA-B*08:03,216,60,58,0.7258424377347472,available,0.95,2
HLA-B*13:02,4,3,4,inf,insufficient_calibration,0.95,2
HLA-B*15:01,630,212,203,1.4327120780944824,available,0.95,2
HLA-B*15:02,206,63,61,1.1343660354614258,available,0.95,2
HLA-B*15:10,218,83,80,1.4531419277191162,available,0.95,2
HLA-B*15:17,208,93,90,1.271377516115649,available,0.95,2
HLA-B*18:01,204,82,79,1.597450035568047,available,0.95,2
HLA-B*27:02,214,71,69,1.849792718887329,available,0.95,2
HLA-B*27:03,211,74,72,1.7899881211828959,available,0.95,2
HLA-B*27:05,228,68,66,2.1983927111171853,available,0.95,2
HLA-B*27:20,214,75,73,1.1278551416330103,available,0.95,2
HLA-B*35:01,374,133,128,1.2029330846482522,available,0.95,2
HLA-B*35:03,217,72,70,1.339996156156748,available,0.95,2
HLA-B*35:08,18,6,7,inf,insufficient_calibration,0.95,2
HLA-B*39:01,409,140,134,1.228777288672855,available,0.95,2
HLA-B*39:02,224,85,82,1.4918132748265673,available,0.95,2
HLA-B*39:10,213,74,72,2.0029706180061817,available,0.95,2
HLA-B*40:01,182,69,67,0.6271644086728969,available,0.95,2
HLA-B*40:02,15,3,4,inf,insufficient_calibration,0.95,2
HLA-B*41:01,208,83,80,0.7789856390886072,available,0.95,2
HLA-B*42:01,200,72,70,1.5685636859000922,available,0.95,2
HLA-B*42:02,217,72,70,1.1954034294743945,available,0.95,2
HLA-B*44:05,201,83,80,1.3445720429039227,available,0.95,2
HLA-B*45:01,203,83,80,1.258893510430518,available,0.95,2
HLA-B*46:01,219,64,62,1.1555821155447037,available,0.95,2
HLA-B*51:01,201,69,67,1.8158178400049554,available,0.95,2
HLA-B*54:01,208,68,66,1.2768497464356414,available,0.95,2
HLA-B*55:01,219,73,71,1.1060585342119449,available,0.95,2
HLA-B*56:01,215,67,65,1.0749846052675238,available,0.95,2
HLA-B*57:01,204,87,84,2.0134923458099365,available,0.95,2
HLA-B*57:02,208,92,89,1.0012681240654218,available,0.95,2
HLA-B*57:03,213,93,90,0.9353454208980518,available,0.95,2
HLA-B*58:01,217,87,84,1.7042007362968656,available,0.95,2
HLA-B*81:01,211,70,68,0.5661524534225464,available,0.95,2
HLA-A*01:01,137,41,40,2.217134613859109,available,0.95,3
HLA-A*02:01,603,189,181,1.6326763205385038,available,0.95,3
HLA-A*02:03,226,64,62,2.269698417675662,available,0.95,3
HLA-A*02:05,13,2,3,inf,insufficient_calibration,0.95,3
HLA-A*02:10,220,63,61,2.4072050964958405,available,0.95,3
HLA-A*02:11,226,64,62,1.6902654893995788,available,0.95,3
HLA-A*02:12,221,64,62,1.9041426087316315,available,0.95,3
HLA-A*02:16,225,64,62,1.656615534069545,available,0.95,3
HLA-A*02:19,212,61,59,2.1947598457336426,available,0.95,3
HLA-A*02:50,225,63,61,1.7720284935016655,available,0.95,3
HLA-A*03:01,511,194,186,1.872701636621672,available,0.95,3
HLA-A*11:01,334,132,127,2.186849074833981,available,0.95,3
HLA-A*23:01,234,65,63,1.575584177037941,available,0.95,3
HLA-A*24:02,375,93,90,1.5154639246064208,available,0.95,3
HLA-A*24:03,325,93,90,2.042016802530786,available,0.95,3
HLA-A*24:07,223,62,60,1.46284811222576,available,0.95,3
HLA-A*24:19,239,67,65,1.6601919207568712,available,0.95,3
HLA-A*25:01,213,86,83,2.1969329581320083,available,0.95,3
HLA-A*26:01,171,53,52,2.9802116609619405,available,0.95,3
HLA-A*26:02,205,81,78,1.559409855468656,available,0.95,3
HLA-A*26:03,205,79,76,1.9361446176118124,available,0.95,3
HLA-A*29:02,245,69,67,1.469176261161706,available,0.95,3
HLA-A*30:01,225,89,86,1.5708146133630143,available,0.95,3
HLA-A*30:02,231,67,65,1.2545066085296888,available,0.95,3
HLA-A*31:01,222,89,86,1.8079620599746704,available,0.95,3
HLA-A*32:01,15,4,5,inf,insufficient_calibration,0.95,3
HLA-A*32:07,231,64,62,1.7105642371746788,available,0.95,3
HLA-A*33:03,213,89,86,2.046355514184648,available,0.95,3
HLA-A*43:01,225,69,67,1.5744978317045089,available,0.95,3
HLA-A*66:01,227,91,88,0.7600560226647721,available,0.95,3
HLA-A*68:01,221,90,87,2.1800947884933457,available,0.95,3
HLA-A*68:02,8,2,3,inf,insufficient_calibration,0.95,3
HLA-A*68:23,220,87,84,1.5844302411676163,available,0.95,3
HLA-A*69:01,9,2,3,inf,insufficient_calibration,0.95,3
HLA-A*74:01,209,86,83,2.255761427804854,available,0.95,3
HLA-A*80:01,218,66,64,0.6318908846504423,available,0.95,3
HLA-B*07:02,400,120,115,1.1627912803023586,available,0.95,3
HLA-B*08:01,283,84,81,0.6784541324629786,available,0.95,3
HLA-B*08:03,210,60,58,0.5836109602937236,available,0.95,3
HLA-B*13:02,4,0,1,inf,insufficient_calibration,0.95,3
HLA-B*15:01,639,221,211,1.173137018843604,available,0.95,3
HLA-B*15:02,195,75,73,1.2628215391575097,available,0.95,3
HLA-B*15:10,222,63,61,1.6023805167629752,available,0.95,3
HLA-B*15:17,205,76,74,1.1920801446365625,available,0.95,3
HLA-B*18:01,219,63,61,1.4543155297680423,available,0.95,3
HLA-B*27:02,207,70,68,2.046318965420706,available,0.95,3
HLA-B*27:03,218,69,67,2.380059724929894,available,0.95,3
HLA-B*27:05,209,76,74,1.9020463027385595,available,0.95,3
HLA-B*27:20,218,69,67,1.1434490248311464,available,0.95,3
HLA-B*35:01,391,136,131,1.2256994413893372,available,0.95,3
HLA-B*35:03,228,72,70,1.2389087391627602,available,0.95,3
HLA-B*35:08,18,5,6,inf,insufficient_calibration,0.95,3
HLA-B*39:01,387,132,127,1.3678702666782208,available,0.95,3
HLA-B*39:02,228,66,64,1.436341208889861,available,0.95,3
HLA-B*39:10,231,72,70,1.6088643112389909,available,0.95,3
HLA-B*40:01,190,50,49,0.7179105461124167,available,0.95,3
HLA-B*40:02,9,4,5,inf,insufficient_calibration,0.95,3
HLA-B*41:01,222,70,68,0.9110305847198239,available,0.95,3
HLA-B*42:01,215,63,61,1.5148476355051304,available,0.95,3
HLA-B*42:02,231,71,69,1.4138536549220997,available,0.95,3
HLA-B*44:05,212,67,65,1.49732603306117,available,0.95,3
HLA-B*45:01,217,72,70,1.1542477967078357,available,0.95,3
HLA-B*46:01,198,78,76,1.7352639846746847,available,0.95,3
HLA-B*51:01,217,71,69,2.2697824462323704,available,0.95,3
HLA-B*54:01,215,68,66,1.264810018047251,available,0.95,3
HLA-B*55:01,231,71,69,0.9695526173615399,available,0.95,3
HLA-B*56:01,227,68,66,0.9575552562733445,available,0.95,3
HLA-B*57:01,196,75,73,1.2722452878952026,available,0.95,3
HLA-B*57:02,208,77,75,1.4376962563565034,available,0.95,3
HLA-B*57:03,209,80,77,0.9945869145092956,available,0.95,3
HLA-B*58:01,220,76,74,1.690968491458015,available,0.95,3
HLA-B*81:01,224,71,69,0.7562275528907776,available,0.95,3
HLA-A*01:01,118,48,47,2.556546096162536,available,0.95,4
HLA-A*02:01,598,211,202,1.8470883548740133,available,0.95,4
HLA-A*02:03,228,77,75,1.9307667799911652,available,0.95,4
HLA-A*02:05,11,6,7,inf,insufficient_calibration,0.95,4
HLA-A*02:10,223,76,74,1.98788977639289,available,0.95,4
HLA-A*02:11,231,75,73,1.6792479284407165,available,0.95,4
HLA-A*02:12,225,75,73,2.0244598930483324,available,0.95,4
HLA-A*02:16,224,75,73,2.1050804552218594,available,0.95,4
HLA-A*02:19,211,73,71,2.006583368258318,available,0.95,4
HLA-A*02:50,227,75,73,1.8007136692384287,available,0.95,4
HLA-A*03:01,512,189,181,1.9461352106113456,available,0.95,4
HLA-A*11:01,359,116,112,1.9941113011901623,available,0.95,4
HLA-A*23:01,228,68,66,1.8980175162252229,available,0.95,4
HLA-A*24:02,352,113,109,1.9044666307037121,available,0.95,4
HLA-A*24:03,314,100,96,1.79503981538095,available,0.95,4
HLA-A*24:07,216,67,65,1.9112421899242444,available,0.95,4
HLA-A*24:19,231,73,71,0.8083743758226132,available,0.95,4
HLA-A*25:01,237,50,49,2.200958508301137,available,0.95,4
HLA-A*26:01,161,54,53,2.1961528515427577,available,0.95,4
HLA-A*26:02,224,50,49,2.04604210239408,available,0.95,4
HLA-A*26:03,225,42,41,2.893503474678326,available,0.95,4
HLA-A*29:02,233,77,75,1.5365735745041835,available,0.95,4
HLA-A*30:01,237,77,75,2.35685609198494,available,0.95,4
HLA-A*30:02,222,73,71,1.5370445613981962,available,0.95,4
HLA-A*31:01,239,72,70,1.9631519234306547,available,0.95,4
HLA-A*32:01,21,4,5,inf,insufficient_calibration,0.95,4
HLA-A*32:07,224,69,67,2.239453369916008,available,0.95,4
HLA-A*33:03,229,72,70,2.352640615469197,available,0.95,4
HLA-A*43:01,218,72,70,1.2781403631574804,available,0.95,4
HLA-A*66:01,252,51,50,0.7366422004130593,available,0.95,4
HLA-A*68:01,241,76,74,2.593623399734497,available,0.95,4
HLA-A*68:02,7,6,7,inf,insufficient_calibration,0.95,4
HLA-A*68:23,238,52,51,1.5706196560415298,available,0.95,4
HLA-A*69:01,7,4,5,inf,insufficient_calibration,0.95,4
HLA-A*74:01,221,70,68,2.1607039980052756,available,0.95,4
HLA-A*80:01,218,68,66,0.7822048580772611,available,0.95,4
HLA-B*07:02,407,111,107,1.35633988477157,available,0.95,4
HLA-B*08:01,287,92,89,0.5875237584114075,available,0.95,4
HLA-B*08:03,221,69,67,1.1773693170982618,available,0.95,4
HLA-B*13:02,3,1,2,inf,insufficient_calibration,0.95,4
HLA-B*15:01,630,224,214,1.240326816380547,available,0.95,4
HLA-B*15:02,209,84,81,1.0363973417489396,available,0.95,4
HLA-B*15:10,210,82,79,1.6991792215672379,available,0.95,4
HLA-B*15:17,218,63,61,1.0911290645599365,available,0.95,4
HLA-B*18:01,222,59,57,1.2080407740857089,available,0.95,4
HLA-B*27:02,207,81,78,2.015923532186857,available,0.95,4
HLA-B*27:03,212,85,82,2.138806714641564,available,0.95,4
HLA-B*27:05,214,79,76,2.206719456300908,available,0.95,4
HLA-B*27:20,210,84,81,1.439072076999395,available,0.95,4
HLA-B*35:01,412,103,99,1.157193495698177,available,0.95,4
HLA-B*35:03,240,58,57,0.9651701751055726,available,0.95,4
HLA-B*35:08,16,5,6,inf,insufficient_calibration,0.95,4
HLA-B*39:01,421,127,122,1.266787175199257,available,0.95,4
HLA-B*39:02,215,86,83,1.4536440391513583,available,0.95,4
HLA-B*39:10,243,58,57,1.9100841283798218,available,0.95,4
HLA-B*40:01,196,42,41,0.5639521517960893,available,0.95,4
HLA-B*40:02,12,3,4,inf,insufficient_calibration,0.95,4
HLA-B*41:01,231,60,58,0.5657348036766052,available,0.95,4
HLA-B*42:01,225,53,52,1.6040903322672153,available,0.95,4
HLA-B*42:02,243,57,56,1.3868777284757936,available,0.95,4
HLA-B*44:05,221,54,53,1.7265730266691923,available,0.95,4
HLA-B*45:01,230,60,58,0.9522116825508387,available,0.95,4
HLA-B*46:01,213,84,81,1.2390208494100983,available,0.95,4
HLA-B*51:01,230,51,50,1.8065933105164773,available,0.95,4
HLA-B*54:01,234,53,52,1.379560947418213,available,0.95,4
HLA-B*55:01,241,59,57,0.9320117254230259,available,0.95,4
HLA-B*56:01,239,53,52,1.2690421576891973,available,0.95,4
HLA-B*57:01,206,61,59,1.6883668899536133,available,0.95,4
HLA-B*57:02,218,63,61,1.0179707347370757,available,0.95,4
HLA-B*57:03,220,65,63,0.9832925543420006,available,0.95,4
HLA-B*58:01,228,76,74,1.5902085342614518,available,0.95,4
HLA-B*81:01,236,57,56,0.7896966437840003,available,0.95,4
