allele,n_test,n_finite,n_without_finite,finite_interval_fraction,coverage_finite,mean_width_hours_finite,median_width_hours_finite,coverage_including_unbounded,nominal_coverage
HLA-A*01:01,220,220,0,1.0,0.9409090909090909,53.82761023253163,39.75563253689985,0.9409090909090909,0.95
HLA-A*02:01,1023,1023,0,1.0,0.9530791788856305,46.01497755851032,27.82529437566994,0.9530791788856305,0.95
HLA-A*02:03,379,379,0,1.0,0.9656992084432717,89.52232964840255,56.81183789777558,0.9656992084432717,0.95
HLA-A*02:05,21,0,21,0.0,,,,1.0,0.95
HLA-A*02:10,370,370,0,1.0,0.9540540540540541,39.70630904671636,26.34631445404213,0.9540540540540541,0.95
HLA-A*02:11,379,379,0,1.0,0.9551451187335093,59.46886532973386,44.702475204919025,0.9551451187335093,0.95
HLA-A*02:12,372,372,0,1.0,0.9650537634408602,85.93959503736806,55.53311612113397,0.9650537634408602,0.95
HLA-A*02:16,373,373,0,1.0,0.9571045576407506,64.03177371960454,45.52666540575175,0.9571045576407506,0.95
HLA-A*02:19,354,354,0,1.0,0.96045197740113,72.12820053733262,48.575240932048686,0.96045197740113,0.95
HLA-A*02:50,375,375,0,1.0,0.9733333333333334,44.62278768009532,35.13604407243628,0.9733333333333334,0.95
HLA-A*03:01,861,861,0,1.0,0.9581881533101045,42.68621511943769,17.118112066838837,0.9581881533101045,0.95
HLA-A*11:01,577,577,0,1.0,0.9601386481802426,129.22311650713579,45.98220374824652,0.9601386481802426,0.95
HLA-A*23:01,372,372,0,1.0,0.9731182795698925,132.5284191037994,54.3829684712056,0.9731182795698925,0.95
HLA-A*24:02,573,573,0,1.0,0.9476439790575916,36.986374370159005,16.524170907001082,0.9476439790575916,0.95
HLA-A*24:03,512,512,0,1.0,0.96484375,60.317989149739574,29.077759785479607,0.96484375,0.95
HLA-A*24:07,352,352,0,1.0,0.9630681818181818,31.274371026986273,16.692529446828345,0.9630681818181818,0.95
HLA-A*24:19,378,378,0,1.0,0.955026455026455,4.474275906109229,3.476801387388746,0.955026455026455,0.95
HLA-A*25:01,363,363,0,1.0,0.9696969696969697,25.065201772940316,13.62350416195277,0.9696969696969697,0.95
HLA-A*26:01,272,272,0,1.0,0.9595588235294118,41.28444992558143,26.753726020818,0.9595588235294118,0.95
HLA-A*26:02,343,343,0,1.0,0.9125364431486881,25.419573858888818,12.576269961722039,0.9125364431486881,0.95
HLA-A*26:03,341,341,0,1.0,0.9589442815249267,20.36821369596164,11.699425350927092,0.9589442815249267,0.95
HLA-A*29:02,383,383,0,1.0,0.9503916449086162,23.949197821885434,15.883220507140924,0.9503916449086162,0.95
HLA-A*30:01,386,386,0,1.0,0.9533678756476683,27.190976878398367,15.020293962689927,0.9533678756476683,0.95
HLA-A*30:02,367,367,0,1.0,0.9591280653950953,13.094404685546422,8.740997846449412,0.9591280653950953,0.95
HLA-A*31:01,382,382,0,1.0,0.9712041884816754,110.38283910813708,33.97911847914885,0.9712041884816754,0.95
HLA-A*32:01,32,0,32,0.0,,,,1.0,0.95
HLA-A*32:07,364,364,0,1.0,0.967032967032967,55.22272508598508,17.126509296225528,0.967032967032967,0.95
HLA-A*33:03,371,371,0,1.0,0.9622641509433962,58.8281012944149,18.556636449599754,0.9622641509433962,0.95
HLA-A*43:01,359,359,0,1.0,0.9637883008356546,8.982445516588163,7.179119521571591,0.9637883008356546,0.95
HLA-A*66:01,382,382,0,1.0,0.9476439790575916,3.0077220136697647,2.891206544999675,0.9476439790575916,0.95
HLA-A*68:01,387,387,0,1.0,0.9250645994832042,44.50363527146283,18.401521899916798,0.9250645994832042,0.95
HLA-A*68:02,16,0,16,0.0,,,,1.0,0.95
HLA-A*68:23,369,369,0,1.0,0.9566395663956639,11.319596395149327,8.255585345659757,0.9566395663956639,0.95
HLA-A*69:01,15,0,15,0.0,,,,1.0,0.95
HLA-A*74:01,361,361,0,1.0,0.9501385041551247,114.50714563621392,38.44752562032702,0.9501385041551247,0.95
HLA-A*80:01,351,351,0,1.0,0.9629629629629629,2.2768119970252974,1.9707789223448102,0.9629629629629629,0.95
HLA-B*07:02,647,647,0,1.0,0.9536321483771252,16.151057401608924,12.731070919812637,0.9536321483771252,0.95
HLA-B*08:01,465,465,0,1.0,0.9505376344086022,1.575093722285489,1.5098134175227764,0.9505376344086022,0.95
HLA-B*08:03,350,350,0,1.0,0.9457142857142857,2.3271631014285203,2.0433640821640364,0.9457142857142857,0.95
HLA-B*13:02,7,0,7,0.0,,,,1.0,0.95
HLA-B*15:01,1070,1070,0,1.0,0.9542056074766355,21.933698366338493,18.04586849530382,0.9542056074766355,0.95
HLA-B*15:02,349,349,0,1.0,0.9684813753581661,7.463422058202618,6.585544540106458,0.9684813753581661,0.95
HLA-B*15:10,363,363,0,1.0,0.9641873278236914,8.966123720283589,7.473414974365053,0.9641873278236914,0.95
HLA-B*15:17,362,362,0,1.0,0.9281767955801105,5.70061733192275,5.201898922214349,0.9281767955801105,0.95
HLA-B*18:01,359,359,0,1.0,0.9387186629526463,8.398724535705233,7.522901666289779,0.9387186629526463,0.95
HLA-B*27:02,359,359,0,1.0,0.9637883008356546,35.555335792799326,14.64779774165668,0.9637883008356546,0.95
HLA-B*27:03,368,368,0,1.0,0.9755434782608695,28.769752153969442,16.680779149375496,0.9755434782608695,0.95
HLA-B*27:05,366,366,0,1.0,0.9644808743169399,27.508309397187983,15.361893017427743,0.9644808743169399,0.95
HLA-B*27:20,368,368,0,1.0,0.9728260869565217,7.084227006248584,5.465068818093927,0.9728260869565217,0.95
HLA-B*35:01,650,650,0,1.0,0.9569230769230769,9.150026828039213,7.249432434978621,0.9569230769230769,0.95
HLA-B*35:03,376,376,0,1.0,0.949468085106383,10.009824731533392,8.014870147784233,0.949468085106383,0.95
HLA-B*35:08,27,0,27,0.0,,,,1.0,0.95
HLA-B*39:01,680,680,0,1.0,0.9485294117647058,6.519408748996598,4.891952397091302,0.9485294117647058,0.95
HLA-B*39:02,375,375,0,1.0,0.936,11.184114480441266,8.098896217746798,0.936,0.95
HLA-B*39:10,376,376,0,1.0,0.9707446808510638,62.66303684445203,37.93549538612671,0.9707446808510638,0.95
HLA-B*40:01,302,302,0,1.0,0.9635761589403974,3.1772919197021903,2.9779318853312216,0.9635761589403974,0.95
HLA-B*40:02,19,0,19,0.0,,,,1.0,0.95
HLA-B*41:01,368,368,0,1.0,0.9375,2.243370106221284,1.7439235416974928,0.9375,0.95
HLA-B*42:01,350,350,0,1.0,0.9628571428571429,74.21938350630853,51.18502959826765,0.9628571428571429,0.95
HLA-B*42:02,376,376,0,1.0,0.9601063829787234,17.440223493363725,11.749957938601337,0.9601063829787234,0.95
HLA-B*44:05,352,352,0,1.0,0.9659090909090909,19.26979671905642,14.774078677211607,0.9659090909090909,0.95
HLA-B*45:01,368,368,0,1.0,0.9592391304347826,3.749007113486389,2.745032437446625,0.9592391304347826,0.95
HLA-B*46:01,361,361,0,1.0,0.961218836565097,7.632711950641953,7.072226984061696,0.961218836565097,0.95
HLA-B*51:01,353,353,0,1.0,0.9575070821529745,12.738836598550282,9.030600725895427,0.9575070821529745,0.95
HLA-B*54:01,357,357,0,1.0,0.9411764705882353,9.69292613944892,5.176508210247715,0.9411764705882353,0.95
HLA-B*55:01,378,378,0,1.0,0.9470899470899471,4.621121472767931,2.6032808595568584,0.9470899470899471,0.95
HLA-B*56:01,368,368,0,1.0,0.9565217391304348,6.036948850338749,3.170507238842296,0.9565217391304348,0.95
HLA-B*57:01,349,349,0,1.0,0.9627507163323782,30.227938977223676,22.28385634552285,0.9627507163323782,0.95
HLA-B*57:02,363,363,0,1.0,0.9449035812672176,7.175670516734366,5.947808555130881,0.9449035812672176,0.95
HLA-B*57:03,369,369,0,1.0,0.964769647696477,10.660861040111932,9.543001370361287,0.964769647696477,0.95
HLA-B*58:01,379,379,0,1.0,0.9551451187335093,28.966211911409435,19.88865421472864,0.9551451187335093,0.95
HLA-B*81:01,367,367,0,1.0,0.9400544959128065,2.9358444648412108,2.834751130289959,0.9400544959128065,0.95
