policy,seed,aulc
embdiv,0,1.0877111049110586
embdiv,1,1.0891733005149826
embdiv,2,1.1104377727650063
embdiv,3,1.0771596567510622
embdiv,4,1.076795036838899
embdiv,5,1.076383193398527
embdiv,6,1.0759719979077944
embdiv,7,1.0788253917638342
embdiv,8,1.1004854585519575
embdiv,9,1.0841333916546156
random,0,1.0775898056824418
random,1,1.0753547552940328
random,2,1.0976402241619447
random,3,1.0738265486508805
random,4,1.063206142119287
random,5,1.0577398611200746
random,6,1.0695341990493064
random,7,1.070431857342843
random,8,1.0661549914307829
random,9,1.0783311828274815
seqdiv,0,1.0894892503855793
seqdiv,1,1.0899452280795852
seqdiv,2,1.1057193690878795
seqdiv,3,1.0913286072657076
seqdiv,4,1.0849021098036462
seqdiv,5,1.0808735335690343
seqdiv,6,1.0880580587789042
seqdiv,7,1.0810795789804413
seqdiv,8,1.0901121730229952
seqdiv,9,1.0842984241262503
