seed,policy,labels_acquired,rmse_log1p,mae_log1p
0,random,173,1.0269156269617599,0.8418193667465546
0,seqdiv,173,1.0269156269617599,0.8418193667465546
0,embdiv,173,1.0269156269617599,0.8418193667465546
0,random,346,1.0225046382998666,0.8342922399777238
0,seqdiv,346,1.0434976919990564,0.842837800777439
0,embdiv,346,1.0379827601301115,0.8319435117246687
0,random,519,1.0106371458521146,0.8202714505669202
0,seqdiv,519,1.0250462221395082,0.8278551382916344
0,embdiv,519,1.0163026342240498,0.8123856791375204
0,random,692,0.9993424848813414,0.8113413944178262
0,seqdiv,692,1.009761526082722,0.8163952803639295
0,embdiv,692,1.013863603093114,0.8070195601241411
0,random,865,0.989372998556034,0.8009702638384824
0,seqdiv,865,1.0080790468626932,0.8093748802296609
0,embdiv,865,1.0052265486552145,0.8003773003826787
0,random,1038,0.9811999547276478,0.7913827088673787
0,seqdiv,1038,0.9863057026715908,0.7868196862481306
0,embdiv,1038,0.985446072575412,0.788974519590219
0,random,1211,0.9789099671619237,0.788758265061663
0,seqdiv,1211,0.9834555540944665,0.7833756222264309
0,embdiv,1211,0.975258791312036,0.7804637149472063
0,random,1384,0.9741094777896828,0.7832543572090344
0,seqdiv,1384,0.9724335535156114,0.7781028607147715
0,embdiv,1384,0.9732185779560271,0.7770197299042978
0,random,1557,0.9671979019702127,0.7785289405002561
0,seqdiv,1557,0.9686038488285588,0.7772499050018771
0,embdiv,1557,0.975075028835479,0.7767600919746238
0,random,1730,0.9490685562147209,0.76074140127558
0,seqdiv,1730,0.9586524355912688,0.7706753200392036
0,embdiv,1730,0.9672300931001845,0.7710628647639265
0,random,1903,0.9390479208901364,0.7505910422422054
0,seqdiv,1903,0.952301641022842,0.7682740196766008
0,embdiv,1903,0.9601491627960622,0.7656914295918612
0,random,2076,0.9323641506922243,0.7473238302737502
0,seqdiv,2076,0.9505612484370073,0.767110973067212
0,embdiv,2076,0.9602818345156463,0.7665848930554893
1,random,173,1.0278216015710366,0.8245979576198137
1,seqdiv,173,1.0278216015710366,0.8245979576198137
1,embdiv,173,1.0278216015710366,0.8245979576198137
1,random,346,1.018807979145059,0.8187075234342088
1,seqdiv,346,1.024693375842561,0.8198626573429969
1,embdiv,346,1.0283637369036978,0.8082531118713421
1,random,519,1.0076775767983932,0.8122291526964067
1,seqdiv,519,1.034394202734367,0.8196819269716592
1,embdiv,519,1.0173728971960398,0.802786937924412
1,random,692,1.007896097641987,0.8125682735532265
1,seqdiv,692,1.0190961782632242,0.816316804403692
1,embdiv,692,1.0141989422461812,0.8031451273889719
1,random,865,0.9936839132302179,0.8055199697545001
1,seqdiv,865,1.009535123318592,0.8126002605891747
1,embdiv,865,1.0103955446298394,0.7989008178416896
1,random,1038,0.9813686635050228,0.7952516210735304
1,seqdiv,1038,0.9984805788689678,0.7996265017055209
1,embdiv,1038,1.0110289193346078,0.8009633277622162
1,random,1211,0.9709772739737093,0.7857646708225767
1,seqdiv,1211,0.9907828990060151,0.7909111382262156
1,embdiv,1211,0.9906320853737562,0.7848147940047493
1,random,1384,0.9570991146970543,0.7737507077419713
1,seqdiv,1384,0.980113467501276,0.785480641243628
1,embdiv,1384,0.9852145165621538,0.78297748308147
1,random,1557,0.9507405327767415,0.7661797999253287
1,seqdiv,1557,0.9700235041764762,0.7776368518338515
1,embdiv,1557,0.9708700393016757,0.7760881615991941
1,random,1730,0.9429458077257276,0.7579002115063412
1,seqdiv,1730,0.9634872560140525,0.7713391946638825
1,embdiv,1730,0.9653497124010854,0.7723634231535293
1,random,1903,0.9387602076869239,0.752766564473625
1,seqdiv,1903,0.9563312848541233,0.7685284797224656
1,embdiv,1903,0.9578164273924036,0.7685778729588865
1,random,2076,0.9384353877732832,0.7566833991349129
1,seqdiv,2076,0.9521245887744566,0.7651554588679168
1,embdiv,2076,0.9529257413633732,0.7648752574118878
2,random,173,1.1607419449202416,0.9224770335335203
2,seqdiv,173,1.1607419449202416,0.9224770335335203
2,embdiv,173,1.1607419449202416,0.9224770335335203
2,random,346,1.0284181566687622,0.8283461669535238
2,seqdiv,346,1.0299653051364746,0.8317269809782857
2,embdiv,346,1.0210446121368721,0.8271756173294976
2,random,519,1.0045161837453462,0.8064708816760113
2,seqdiv,519,1.02518732000369,0.8209333636971287
2,embdiv,519,1.0294556658271765,0.8217825761069598
2,random,692,0.996783107063737,0.8096935307348063
2,seqdiv,692,1.0064539353031012,0.8087683673391827
2,embdiv,692,1.013736255973466,0.8112202689658126
2,random,865,0.9955819350308514,0.8057122287142149
2,seqdiv,865,0.9986108213453804,0.8010642126587937
2,embdiv,865,0.9997847935277382,0.8009211795084485
2,random,1038,0.9776715011349986,0.7893376338590151
2,seqdiv,1038,0.9948331049926484,0.7979623382197154
2,embdiv,1038,1.0046559668466108,0.8034924445638538
2,random,1211,0.9669088856280763,0.7794393367180183
2,seqdiv,1211,0.9867582742452291,0.7901569031780048
2,embdiv,1211,1.009011635214784,0.8059703341315301
2,random,1384,0.9642393162112213,0.7745335046095835
2,seqdiv,1384,0.9687970197971639,0.769989177175835
2,embdiv,1384,0.9903119168464355,0.7929614314199346
2,random,1557,0.9646678306137626,0.7748114421319308
2,seqdiv,1557,0.9604565894751766,0.7657502059561349
2,embdiv,1557,0.9771772631185656,0.7845281228753789
2,random,1730,0.9561147011453439,0.7705025323086351
2,seqdiv,1730,0.955253041111691,0.7641713282912207
2,embdiv,1730,0.9724804707019863,0.779780301270085
2,random,1903,0.9470168068965279,0.7628155881006319
2,seqdiv,1903,0.9600292129703302,0.7705690598505889
2,embdiv,1903,0.9686144723159787,0.7782146564653027
2,random,2076,0.9430312392531547,0.7605305255383649
2,seqdiv,2076,0.9559009649010622,0.7692385333167114
2,embdiv,2076,0.9617323435564507,0.7730474342634369
3,random,173,1.0393691298352903,0.8488957929395192
3,seqdiv,173,1.0393691298352903,0.8488957929395192
3,embdiv,173,1.0393691298352903,0.8488957929395192
3,random,346,1.0111238146667756,0.8184914964333202
3,seqdiv,346,1.035289224108478,0.8391465157130009
3,embdiv,346,1.0066304612114472,0.809238522167121
3,random,519,1.0159240271093262,0.8145890310524426
3,seqdiv,519,1.0307794278927416,0.8269193457761099
3,embdiv,519,0.9970836098735009,0.7992183944853751
3,random,692,1.003539926478267,0.8056281777231649
3,seqdiv,692,1.0205304905348394,0.8189054524506414
3,embdiv,692,0.9893645847812067,0.7906640505414726
3,random,865,0.983250213230369,0.7913479917145643
3,seqdiv,865,0.9962072753634346,0.7984506655208888
3,embdiv,865,0.9922423893994559,0.7958610978519235
3,random,1038,0.974686794578473,0.783185882927183
3,seqdiv,1038,0.9886824278266145,0.7894645865628847
3,embdiv,1038,0.984365173971907,0.7824835860736725
3,random,1211,0.9663688095759926,0.7766371408655676
3,seqdiv,1211,0.9865687153408916,0.7888617026238997
3,embdiv,1211,0.983087032588197,0.7815301645741015
3,random,1384,0.9509719090949441,0.7641948770297456
3,seqdiv,1384,0.9765299960655821,0.7793053505449765
3,embdiv,1384,0.9857947168860247,0.7829444331160244
3,random,1557,0.9466224724097507,0.7624475124634247
3,seqdiv,1557,0.9674610440503019,0.7733050884186946
3,embdiv,1557,0.9788390422797318,0.7796678821459433
3,random,1730,0.9424301732923721,0.7571021960393088
3,seqdiv,1730,0.9635574776155476,0.7710148739208703
3,embdiv,1730,0.974787139436186,0.7760793019751424
3,random,1903,0.9417232099677438,0.7538143763608178
3,seqdiv,1903,0.9562258697141205,0.765780643123746
3,embdiv,1903,0.9645101298169699,0.7682249275546512
3,random,2076,0.9354005415651787,0.7516736544675545
3,seqdiv,2076,0.9508529056620263,0.7620293318524358
3,embdiv,2076,0.9616753250788199,0.7683327115843548
4,random,173,1.029178725090692,0.8428521223361239
4,seqdiv,173,1.029178725090692,0.8428521223361239
4,embdiv,173,1.029178725090692,0.8428521223361239
4,random,346,1.0122456022906428,0.8279558181248926
4,seqdiv,346,1.0412823749505131,0.8556925879865743
4,embdiv,346,1.0115065693614127,0.8192236308571508
4,random,519,0.9952887940179748,0.8098652130717552
4,seqdiv,519,1.021050522988803,0.8341094803212625
4,embdiv,519,1.002771830536278,0.8057911213426983
4,random,692,0.982631414396355,0.7979198469247574
4,seqdiv,692,1.0000622126280947,0.8112843201231263
4,embdiv,692,1.0050525076601713,0.7993477611428216
4,random,865,0.9689312952119249,0.7912128897877581
4,seqdiv,865,0.9861553781130012,0.8017644459710171
4,embdiv,865,0.9989836435948862,0.7961591227340298
4,random,1038,0.9630738162852105,0.7898070478244648
4,seqdiv,1038,0.9810451678930037,0.7993811161549746
4,embdiv,1038,0.9818032005636947,0.7893944021695526
4,random,1211,0.956457733952103,0.7796227798049921
4,seqdiv,1211,0.9804773022135682,0.7939874846845526
4,embdiv,1211,0.9761605276207129,0.7842156614610488
4,random,1384,0.9451730765390873,0.7663334701025255
4,seqdiv,1384,0.9687386402537944,0.7854786011222297
4,embdiv,1384,0.9719259822831919,0.7807316812714615
4,random,1557,0.9400613683338899,0.7627985451904887
4,seqdiv,1557,0.9627236492539897,0.7805568334567557
4,embdiv,1557,0.9665997043146543,0.7743078661889737
4,random,1730,0.9366068032756042,0.7572509448204054
4,seqdiv,1730,0.9611267380448254,0.7778429614640263
4,embdiv,1730,0.9600772982769552,0.7690932918207816
4,random,1903,0.9339058823647225,0.7566726595697402
4,seqdiv,1903,0.9555824715514968,0.7747997638398563
4,embdiv,1903,0.9535972014655687,0.7646326867384818
4,random,2076,0.9352381385549744,0.7559802271174064
4,seqdiv,2076,0.9520201455470783,0.7725193697224666
4,embdiv,2076,0.9542068026984217,0.7644873861140957
5,random,173,1.0232498876693608,0.8334057112775539
5,seqdiv,173,1.0232498876693608,0.8334057112775539
5,embdiv,173,1.0232498876693608,0.8334057112775539
5,random,346,0.9957789389218153,0.8134593918965691
5,seqdiv,346,1.0185631662288739,0.8199839790988039
5,embdiv,346,1.0136563317541654,0.8131075235368341
5,random,519,0.9899265720950379,0.8067848813729931
5,seqdiv,519,1.0210361611669205,0.8173399735896933
5,embdiv,519,1.0026174063028643,0.805119996284987
5,random,692,0.9847452235987909,0.7995519438078389
5,seqdiv,692,1.0051077375008843,0.8028600933900025
5,embdiv,692,0.9974085278311974,0.796137924130353
5,random,865,0.9635733765227368,0.7817977702443729
5,seqdiv,865,0.9960384234818824,0.7985863914445642
5,embdiv,865,0.9985526477397062,0.7954382038644596
5,random,1038,0.9477834086633469,0.7673670364359781
5,seqdiv,1038,0.9968847448599104,0.7977505358569391
5,embdiv,1038,0.9847122416902656,0.7847602380222285
5,random,1211,0.957363438881339,0.7778694326617153
5,seqdiv,1211,0.9796882533927584,0.7831973505644912
5,embdiv,1211,0.9796852438170631,0.7831963295527893
5,random,1384,0.9527999569321295,0.7703631794259729
5,seqdiv,1384,0.9670689772502398,0.7748990899765194
5,embdiv,1384,0.9728473394675664,0.7755786160154364
5,random,1557,0.9519133159105212,0.7687377303800196
5,seqdiv,1557,0.9594328754740913,0.7708700401559628
5,embdiv,1557,0.9661249148630242,0.7744442738639169
5,random,1730,0.9478479214485656,0.7663148408594866
5,seqdiv,1730,0.9562653268987453,0.7697847078676089
5,embdiv,1730,0.9638335851425693,0.7724838749705574
5,random,1903,0.9328782275422787,0.7543443554420388
5,seqdiv,1903,0.9587937979088257,0.7731103717717207
5,embdiv,1903,0.9594404036887225,0.7687086814731261
5,random,2076,0.9362812667291263,0.7568673267510436
5,seqdiv,2076,0.9564289077377174,0.7720567074530845
5,embdiv,2076,0.9553583059867192,0.7656206283857563
6,random,173,1.0284199438708146,0.827981193699159
6,seqdiv,173,1.0284199438708146,0.827981193699159
6,embdiv,173,1.0284199438708146,0.827981193699159
6,random,346,1.0162191212695415,0.8163762497112905
6,seqdiv,346,1.028642045872643,0.8238051318067195
6,embdiv,346,1.0140492157906045,0.8147952462625851
6,random,519,1.0033460051868923,0.8089992283155178
6,seqdiv,519,1.0421691823245027,0.8289667932295544
6,embdiv,519,1.0068504876084308,0.800037047430259
6,random,692,0.9903397571912035,0.7978311451112353
6,seqdiv,692,1.0151340705427112,0.8145138135452231
6,embdiv,692,0.9912065341955453,0.7896549709834997
6,random,865,0.9821683239532629,0.7916675301481201
6,seqdiv,865,1.0148171469958418,0.8140906853633477
6,embdiv,865,0.9834128124499222,0.7835461463266025
6,random,1038,0.9662431316649154,0.7772944355219701
6,seqdiv,1038,0.9903492586345605,0.7920998207683478
6,embdiv,1038,0.9778354233228845,0.7835802777813676
6,random,1211,0.9593868785143158,0.7730481951396646
6,seqdiv,1211,0.9797091165824467,0.7870715497604472
6,embdiv,1211,0.979729275979562,0.7822938360888858
6,random,1384,0.9579840265225897,0.7724508289789884
6,seqdiv,1384,0.9704962490618482,0.7816826824514715
6,embdiv,1384,0.9777340106634081,0.7819058316246703
6,random,1557,0.9492283796274884,0.7657859590183692
6,seqdiv,1557,0.9418118933711108,0.7596222091220073
6,embdiv,1557,0.9718553364431153,0.7786671448752372
6,random,1730,0.9459572677243862,0.7606353130972053
6,seqdiv,1730,0.95059673894128,0.7678059595567002
6,embdiv,1730,0.9637197829418006,0.7721951007175
6,random,1903,0.9418078604433304,0.756701236161769
6,seqdiv,1903,0.9485413882352723,0.7665448701952184
6,embdiv,1903,0.9596350490952451,0.7693210126240195
6,random,2076,0.9343361150750699,0.7506591514415146
6,seqdiv,2076,0.9485667118937117,0.7666306878178615
6,embdiv,2076,0.9581802798346155,0.7685165191434031
7,random,173,1.0368667760443373,0.8351142108571568
7,seqdiv,173,1.0368667760443373,0.8351142108571568
7,embdiv,173,1.0368667760443373,0.8351142108571568
7,random,346,1.0189110538266364,0.8184108794338036
7,seqdiv,346,1.0155492127169103,0.8187370056833407
7,embdiv,346,1.0213518643163635,0.8170768964979748
7,random,519,1.0001029862378,0.803246966300439
7,seqdiv,519,1.022265150543062,0.8180466918086177
7,embdiv,519,1.0133791922347124,0.8105902272365739
7,random,692,0.989894857417441,0.7958164854617397
7,seqdiv,692,1.0070407651099158,0.8037772329063552
7,embdiv,692,0.9948383114384969,0.7977388052376471
7,random,865,0.9724780163839022,0.7817921264823922
7,seqdiv,865,0.985610016700722,0.7883027650192254
7,embdiv,865,0.9841571611584431,0.7885912637902583
7,random,1038,0.9659906054449791,0.7755805538032904
7,seqdiv,1038,0.9786319329260995,0.785604491002908
7,embdiv,1038,0.9772822494512744,0.7878396193758082
7,random,1211,0.9635359600498854,0.7745471635265533
7,seqdiv,1211,0.9790199921073609,0.7834889218893767
7,embdiv,1211,0.9687113897392121,0.7803475006665196
7,random,1384,0.9598433681376586,0.7709189121688691
7,seqdiv,1384,0.9728307299069534,0.7782552057952729
7,embdiv,1384,0.9702468070136337,0.7799701824336325
7,random,1557,0.9524145570295666,0.7676676577186262
7,seqdiv,1557,0.9696381118244577,0.7776497017478183
7,embdiv,1557,0.9678579870150947,0.7771165627682369
7,random,1730,0.942107517640604,0.7585887861645354
7,seqdiv,1730,0.9605173792908221,0.7702084943107979
7,embdiv,1730,0.961801466782029,0.7729620064208288
7,random,1903,0.9405098715950664,0.758478182712424
7,seqdiv,1903,0.9550583060373025,0.768512151461159
7,embdiv,1903,0.9563058913988763,0.7701696497561348
7,random,2076,0.9394860061616913,0.7579738755544808
7,seqdiv,2076,0.9523713080990798,0.7650692531772925
7,embdiv,2076,0.9547514131760946,0.7671637019961635
8,random,173,1.0514501276351853,0.8394138265796671
8,seqdiv,173,1.0514501276351853,0.8394138265796671
8,embdiv,173,1.0514501276351853,0.8394138265796671
8,random,346,1.0120332184362322,0.8330978577962879
8,seqdiv,346,1.0388806110560123,0.8390558120211419
8,embdiv,346,1.049455272350262,0.8301301936070253
8,random,519,0.985247453729238,0.8044301508183561
8,seqdiv,519,1.0198323719561797,0.8248517217284836
8,embdiv,519,1.0272564546096516,0.8126436118468346
8,random,692,0.9777796988923757,0.7992289455312943
8,seqdiv,692,1.0050262814347435,0.8173839891011835
8,embdiv,692,1.0184323649059581,0.803624475798449
8,random,865,0.9710783146827159,0.7901790592489086
8,seqdiv,865,0.9888084029401611,0.7979014314587538
8,embdiv,865,1.012753398760351,0.801302484479879
8,random,1038,0.965802191152112,0.7869959463488884
8,seqdiv,1038,1.0007277979665183,0.8054771729063226
8,embdiv,1038,1.0052683394906767,0.8002155857048974
8,random,1211,0.9601796633887771,0.7790351802878929
8,seqdiv,1211,0.9821433981096503,0.7874535729497617
8,embdiv,1211,1.0025039648419456,0.7961337827509304
8,random,1384,0.9530975188083332,0.7740237691134918
8,seqdiv,1384,0.9716501345691392,0.7792115283719243
8,embdiv,1384,0.9833903527080445,0.7814759412648519
8,random,1557,0.9416706777157771,0.762492299642992
8,seqdiv,1557,0.9661337565985055,0.7774932842734592
8,embdiv,1557,0.970579445713616,0.7731343378941854
8,random,1730,0.9491144105118349,0.7700984958958513
8,seqdiv,1730,0.9596756487192495,0.770877457438178
8,embdiv,1730,0.9675266648783589,0.7721359531342029
8,random,1903,0.9353448605916923,0.7546777045173275
8,seqdiv,1903,0.9553080719995636,0.7691778198179051
8,embdiv,1903,0.9621744482906649,0.769591699970852
8,random,2076,0.9333100107073817,0.7521785782502962
8,seqdiv,2076,0.9540194501351936,0.7696257674255716
8,embdiv,2076,0.9574129445549381,0.7673378098849019
9,random,173,1.0618140571563004,0.8646899352094772
9,seqdiv,173,1.0618140571563004,0.8646899352094772
9,embdiv,173,1.0618140571563004,0.8646899352094772
9,random,346,1.0258205231201278,0.8345158749369602
9,seqdiv,346,1.01764578056483,0.8230744438704432
9,embdiv,346,1.0171343689366965,0.8171344205581785
9,random,519,1.0049736225030255,0.8174402908603436
9,seqdiv,519,1.0105291609622529,0.8142558179382249
9,embdiv,519,1.0094161825811916,0.810046763577017
9,random,692,0.9892112664205662,0.7989694375414975
9,seqdiv,692,1.0012221245081652,0.8038779790730196
9,embdiv,692,1.0137956233463437,0.8037550643256595
9,random,865,0.9793693303359303,0.788422278036294
9,seqdiv,865,0.9872909348782941,0.7917816643912744
9,embdiv,865,0.9820643592795278,0.7833965303177399
9,random,1038,0.9674029625280024,0.7782264910284376
9,seqdiv,1038,0.9897060654419808,0.7901468893736762
9,embdiv,1038,0.979752545486169,0.7844998760949708
9,random,1211,0.9645185348615658,0.7746921108228968
9,seqdiv,1211,0.9850645435944382,0.789719451809153
9,embdiv,1211,0.9795950126602937,0.7818627884116693
9,random,1384,0.9642540085684501,0.77558118373257
9,seqdiv,1384,0.9736517526569872,0.7870666449305845
9,embdiv,1384,0.9727427265270151,0.7745327803313505
9,random,1557,0.9550496389210071,0.7695555808424144
9,seqdiv,1557,0.9670141618179477,0.7806638115083935
9,embdiv,1557,0.9696224583434877,0.771039913162215
9,random,1730,0.9503279704037412,0.7651184832536762
9,seqdiv,1730,0.9604762507935153,0.7756849306942306
9,embdiv,1730,0.9640721769679667,0.7669375884289015
9,random,1903,0.9467990041965233,0.7610416035875268
9,seqdiv,1903,0.9567628754234012,0.7723690739022472
9,embdiv,1903,0.9581858669188106,0.7640699204258788
9,random,2076,0.9443487930581353,0.7594252997125884
9,seqdiv,2076,0.9554170136023754,0.7704993193347761
9,embdiv,2076,0.9537802607332685,0.7621268497727373
