arm,identity_band,rows,alleles,spearman,pearson,rmse_log1p,auc_2h,auc_6h,macro_allele_spearman
blosum_nn,<80%,1994,7,0.23016862218889567,0.2346425881110658,0.9452093081896502,0.6679391975691429,0.6661094315775091,0.13664277447566373
blosum_nn,80–90%,7331,16,0.1969381152968146,0.16470434731822242,1.1545727841672124,0.5909276093851764,0.5583511612609646,0.25412837063925486
blosum_nn,90–95%,8322,26,0.5561169140038971,0.49374975487278416,1.0592615068183746,0.7913727303631907,0.8206694910330836,0.38785807562137087
blosum_nn,95–100%,9384,23,0.5058828150589573,0.5444528464570538,0.9800575311616988,0.747326725636952,0.7703748041736869,0.5365191926513372
blosum_ridge,<80%,1994,7,0.28809917306189003,0.3014738303125959,1.1776871544660932,0.6573804208524536,0.6652148664343787,0.13703209988284276
blosum_ridge,80–90%,7331,16,0.06399644542583327,0.09144246413134449,1.273893433564709,0.5065828780058383,0.518949006593788,0.14828311129886385
blosum_ridge,90–95%,8322,26,0.26569260899295544,0.28390347484654604,1.2184682212205988,0.6582989251003979,0.6736786239385483,0.21877350168796214
blosum_ridge,95–100%,9384,23,0.3476357058152426,0.3349010436544318,1.1083179986595766,0.6594479201332929,0.6827965792151747,0.3287913425145831
esm2_complex,<80%,1994,7,-0.07166399315553651,-0.072889484792511,0.9797068383856897,0.4436934143619,0.445235106237617,0.05540258597317508
esm2_complex,80–90%,7331,16,-0.10399516531135515,-0.0723505400466151,1.1724328213525181,0.42344959159776463,0.45187853902623,0.09024118415319549
esm2_complex,90–95%,8322,26,0.3573327456539187,0.3949822243511498,1.0431044785009775,0.6980993516509602,0.7434125515762888,0.1994238511936763
esm2_complex,95–100%,9384,23,0.32651350984645716,0.35327868055666356,1.0592483753122566,0.6527438549496016,0.677267626479518,0.27733462564493006
esm2_mean,<80%,1994,7,0.21480724753041527,0.16507314484022045,0.9223981883078258,0.5748919963619827,0.5703482612557218,0.05438793565516387
esm2_mean,80–90%,7331,16,-0.20859102651944258,-0.19485586321661877,1.245293846478501,0.3619054642722337,0.35679647965380845,0.060431684079907844
esm2_mean,90–95%,8322,26,0.3439246771275971,0.37457751417010443,1.1071521996043137,0.693778713891198,0.7307131174072011,0.18105302146884367
esm2_mean,95–100%,9384,23,0.2064706779826155,0.22421228883248134,1.19935748736454,0.5877076136155236,0.6160626137481684,0.24639117972183575
onehot_ridge,<80%,1994,7,0.021967370144989624,0.004121314840280308,0.9730665185733046,0.5337860184381331,0.5361893232902918,0.13788677568128457
onehot_ridge,80–90%,7331,16,0.04270604330626156,0.06811069001884916,1.0943809508859004,0.5110346319618898,0.5425058850974018,0.1496473316090704
onehot_ridge,90–95%,8322,26,0.24987759655079492,0.28067982045395296,1.0866916405604388,0.6424469705776334,0.6743087436612957,0.21888729337132165
onehot_ridge,95–100%,9384,23,0.23822273792460238,0.2539123008689964,1.1093712852594468,0.6161335097704107,0.6359137804718411,0.32882022151448975
