arm,split_regime,fold,fraction,metric,value
blosum_nn,allele,0,0.1,spearman,0.24653782583707787
blosum_nn,allele,0,0.1,pearson,0.3154295431089654
blosum_nn,allele,0,0.1,rmse_log1p,1.1311403733924168
blosum_nn,allele,0,0.1,auc_2h,0.6534547273493537
blosum_nn,allele,0,0.1,auc_6h,0.6915312319458582
blosum_nn,allele,0,0.1,macro_allele_spearman,0.12448848571666533
blosum_nn,allele,0,0.25,spearman,0.2597104353792366
blosum_nn,allele,0,0.25,pearson,0.2929135672285761
blosum_nn,allele,0,0.25,rmse_log1p,1.1705005105075352
blosum_nn,allele,0,0.25,auc_2h,0.6535902650196197
blosum_nn,allele,0,0.25,auc_6h,0.690588461855897
blosum_nn,allele,0,0.25,macro_allele_spearman,0.17343785364188427
blosum_nn,allele,0,0.5,spearman,0.2986268573044966
blosum_nn,allele,0,0.5,pearson,0.3620315386546013
blosum_nn,allele,0,0.5,rmse_log1p,1.1440877019280804
blosum_nn,allele,0,0.5,auc_2h,0.679668224241705
blosum_nn,allele,0,0.5,auc_6h,0.7183715507991967
blosum_nn,allele,0,0.5,macro_allele_spearman,0.23095402443529986
blosum_nn,allele,0,1.0,spearman,0.36933151388268715
blosum_nn,allele,0,1.0,pearson,0.40263239045937393
blosum_nn,allele,0,1.0,rmse_log1p,1.0792825043928729
blosum_nn,allele,0,1.0,auc_2h,0.7052004525423798
blosum_nn,allele,0,1.0,auc_6h,0.7326050922996507
blosum_nn,allele,0,1.0,macro_allele_spearman,0.2525138905370767
blosum_nn,allele,1,0.1,spearman,0.21837308051364715
blosum_nn,allele,1,0.1,pearson,0.22691703693190568
blosum_nn,allele,1,0.1,rmse_log1p,1.2367609814178104
blosum_nn,allele,1,0.1,auc_2h,0.605752698798129
blosum_nn,allele,1,0.1,auc_6h,0.6182795384498417
blosum_nn,allele,1,0.1,macro_allele_spearman,0.10619834902687235
blosum_nn,allele,1,0.25,spearman,0.16882867270549737
blosum_nn,allele,1,0.25,pearson,0.15023432658917193
blosum_nn,allele,1,0.25,rmse_log1p,1.3133985439427278
blosum_nn,allele,1,0.25,auc_2h,0.5627097627316449
blosum_nn,allele,1,0.25,auc_6h,0.6119838118241524
blosum_nn,allele,1,0.25,macro_allele_spearman,0.1393935744251441
blosum_nn,allele,1,0.5,spearman,0.28031892481442033
blosum_nn,allele,1,0.5,pearson,0.27647001530606774
blosum_nn,allele,1,0.5,rmse_log1p,1.2430304699377217
blosum_nn,allele,1,0.5,auc_2h,0.620574676944217
blosum_nn,allele,1,0.5,auc_6h,0.6388023584592473
blosum_nn,allele,1,0.5,macro_allele_spearman,0.24782806823498985
blosum_nn,allele,1,1.0,spearman,0.2757113555069626
blosum_nn,allele,1,1.0,pearson,0.2513053472164028
blosum_nn,allele,1,1.0,rmse_log1p,1.2762882235313024
blosum_nn,allele,1,1.0,auc_2h,0.6143885234021327
blosum_nn,allele,1,1.0,auc_6h,0.6174029770748927
blosum_nn,allele,1,1.0,macro_allele_spearman,0.2709225713335745
blosum_nn,allele,2,0.1,spearman,0.28872996770732917
blosum_nn,allele,2,0.1,pearson,0.2524132981441818
blosum_nn,allele,2,0.1,rmse_log1p,1.1773028345584928
blosum_nn,allele,2,0.1,auc_2h,0.6685802956762932
blosum_nn,allele,2,0.1,auc_6h,0.6885868049860587
blosum_nn,allele,2,0.1,macro_allele_spearman,0.25797854534477815
blosum_nn,allele,2,0.25,spearman,0.30541475827387876
blosum_nn,allele,2,0.25,pearson,0.31120094995685005
blosum_nn,allele,2,0.25,rmse_log1p,0.9755834759626718
blosum_nn,allele,2,0.25,auc_2h,0.6833091473161352
blosum_nn,allele,2,0.25,auc_6h,0.690860464162703
blosum_nn,allele,2,0.25,macro_allele_spearman,0.26744605753210254
blosum_nn,allele,2,0.5,spearman,0.34974891947997866
blosum_nn,allele,2,0.5,pearson,0.3341005809426255
blosum_nn,allele,2,0.5,rmse_log1p,1.0060089299652415
blosum_nn,allele,2,0.5,auc_2h,0.6891326162766651
blosum_nn,allele,2,0.5,auc_6h,0.7116866901754961
blosum_nn,allele,2,0.5,macro_allele_spearman,0.3014638558981534
blosum_nn,allele,2,1.0,spearman,0.5132481934726801
blosum_nn,allele,2,1.0,pearson,0.46993694318507845
blosum_nn,allele,2,1.0,rmse_log1p,1.0517684743416325
blosum_nn,allele,2,1.0,auc_2h,0.7780461499712612
blosum_nn,allele,2,1.0,auc_6h,0.781788994587502
blosum_nn,allele,2,1.0,macro_allele_spearman,0.4432579184993609
blosum_nn,allele,3,0.1,spearman,0.40036019648626214
blosum_nn,allele,3,0.1,pearson,0.4197602539944962
blosum_nn,allele,3,0.1,rmse_log1p,1.0099635162295804
blosum_nn,allele,3,0.1,auc_2h,0.6833273078408653
blosum_nn,allele,3,0.1,auc_6h,0.7084939582801004
blosum_nn,allele,3,0.1,macro_allele_spearman,0.18084513082448253
blosum_nn,allele,3,0.25,spearman,0.5376089810213184
blosum_nn,allele,3,0.25,pearson,0.5727129594518328
blosum_nn,allele,3,0.25,rmse_log1p,0.9070301807106929
blosum_nn,allele,3,0.25,auc_2h,0.803554268057165
blosum_nn,allele,3,0.25,auc_6h,0.81456341079951
blosum_nn,allele,3,0.25,macro_allele_spearman,0.3281424684185432
blosum_nn,allele,3,0.5,spearman,0.5245627589282073
blosum_nn,allele,3,0.5,pearson,0.5616533004728348
blosum_nn,allele,3,0.5,rmse_log1p,0.9151539354300887
blosum_nn,allele,3,0.5,auc_2h,0.7743310930861336
blosum_nn,allele,3,0.5,auc_6h,0.7902572509073792
blosum_nn,allele,3,0.5,macro_allele_spearman,0.36696088557049045
blosum_nn,allele,3,1.0,spearman,0.5470026097101471
blosum_nn,allele,3,1.0,pearson,0.6187680625831482
blosum_nn,allele,3,1.0,rmse_log1p,0.8788246831525797
blosum_nn,allele,3,1.0,auc_2h,0.7943150251062185
blosum_nn,allele,3,1.0,auc_6h,0.8156690124183709
blosum_nn,allele,3,1.0,macro_allele_spearman,0.3927948841446985
blosum_nn,allele,4,0.1,spearman,0.42947805904839476
blosum_nn,allele,4,0.1,pearson,0.4228972934600663
blosum_nn,allele,4,0.1,rmse_log1p,1.032265583858777
blosum_nn,allele,4,0.1,auc_2h,0.7090852913885869
blosum_nn,allele,4,0.1,auc_6h,0.7089977926824229
blosum_nn,allele,4,0.1,macro_allele_spearman,0.23087055662715425
blosum_nn,allele,4,0.25,spearman,0.4747968548295265
blosum_nn,allele,4,0.25,pearson,0.479438964385262
blosum_nn,allele,4,0.25,rmse_log1p,0.9851078896064253
blosum_nn,allele,4,0.25,auc_2h,0.7331700187015403
blosum_nn,allele,4,0.25,auc_6h,0.7330807793095592
blosum_nn,allele,4,0.25,macro_allele_spearman,0.3053994476122928
blosum_nn,allele,4,0.5,spearman,0.5723361711093166
blosum_nn,allele,4,0.5,pearson,0.5826650920922936
blosum_nn,allele,4,0.5,rmse_log1p,0.9369169493061631
blosum_nn,allele,4,0.5,auc_2h,0.7754495093364456
blosum_nn,allele,4,0.5,auc_6h,0.7866429742070622
blosum_nn,allele,4,0.5,macro_allele_spearman,0.4501698856720343
blosum_nn,allele,4,1.0,spearman,0.6573129088139664
blosum_nn,allele,4,1.0,pearson,0.6647715288643699
blosum_nn,allele,4,1.0,rmse_log1p,0.8721061097043472
blosum_nn,allele,4,1.0,auc_2h,0.829071375238327
blosum_nn,allele,4,1.0,auc_6h,0.8246489325872942
blosum_nn,allele,4,1.0,macro_allele_spearman,0.5636084702583946
blosum_nn,peptide,0,0.1,spearman,0.5637942786738646
blosum_nn,peptide,0,0.1,pearson,0.5694754917844063
blosum_nn,peptide,0,0.1,rmse_log1p,0.9160843081201943
blosum_nn,peptide,0,0.1,auc_2h,0.8005369571174039
blosum_nn,peptide,0,0.1,auc_6h,0.8098912181024198
blosum_nn,peptide,0,0.1,macro_allele_spearman,0.29893948806743414
blosum_nn,peptide,0,0.25,spearman,0.6753363418481668
blosum_nn,peptide,0,0.25,pearson,0.6871389370727765
blosum_nn,peptide,0,0.25,rmse_log1p,0.8276977616904264
blosum_nn,peptide,0,0.25,auc_2h,0.8500396047778407
blosum_nn,peptide,0,0.25,auc_6h,0.8597378838424204
blosum_nn,peptide,0,0.25,macro_allele_spearman,0.4713172454615103
blosum_nn,peptide,0,0.5,spearman,0.7205025843572265
blosum_nn,peptide,0,0.5,pearson,0.7316340653833197
blosum_nn,peptide,0,0.5,rmse_log1p,0.7713498262830866
blosum_nn,peptide,0,0.5,auc_2h,0.871864067647565
blosum_nn,peptide,0,0.5,auc_6h,0.8790243003671914
blosum_nn,peptide,0,0.5,macro_allele_spearman,0.546803470778776
blosum_nn,peptide,0,1.0,spearman,0.7596042100945756
blosum_nn,peptide,0,1.0,pearson,0.7729308020439369
blosum_nn,peptide,0,1.0,rmse_log1p,0.7137837567596141
blosum_nn,peptide,0,1.0,auc_2h,0.8924904825244437
blosum_nn,peptide,0,1.0,auc_6h,0.8994032596923469
blosum_nn,peptide,0,1.0,macro_allele_spearman,0.6078463016261204
blosum_nn,peptide,1,0.1,spearman,0.539208794372339
blosum_nn,peptide,1,0.1,pearson,0.5438776425866296
blosum_nn,peptide,1,0.1,rmse_log1p,0.9506003233407102
blosum_nn,peptide,1,0.1,auc_2h,0.775783010587255
blosum_nn,peptide,1,0.1,auc_6h,0.7992334127925355
blosum_nn,peptide,1,0.1,macro_allele_spearman,0.2717111914004797
blosum_nn,peptide,1,0.25,spearman,0.6477281990020578
blosum_nn,peptide,1,0.25,pearson,0.6575491210351838
blosum_nn,peptide,1,0.25,rmse_log1p,0.8558915540990427
blosum_nn,peptide,1,0.25,auc_2h,0.8251806971216672
blosum_nn,peptide,1,0.25,auc_6h,0.8533033004484731
blosum_nn,peptide,1,0.25,macro_allele_spearman,0.45203327145966005
blosum_nn,peptide,1,0.5,spearman,0.7168915653823653
blosum_nn,peptide,1,0.5,pearson,0.7278914671813665
blosum_nn,peptide,1,0.5,rmse_log1p,0.7817208975090156
blosum_nn,peptide,1,0.5,auc_2h,0.8615868677604035
blosum_nn,peptide,1,0.5,auc_6h,0.8801104823561753
blosum_nn,peptide,1,0.5,macro_allele_spearman,0.5481085135145305
blosum_nn,peptide,1,1.0,spearman,0.7448611135028449
blosum_nn,peptide,1,1.0,pearson,0.7560848356572789
blosum_nn,peptide,1,1.0,rmse_log1p,0.7448280610972886
blosum_nn,peptide,1,1.0,auc_2h,0.8778886729440657
blosum_nn,peptide,1,1.0,auc_6h,0.8921890930956053
blosum_nn,peptide,1,1.0,macro_allele_spearman,0.5815281778562813
blosum_nn,peptide,2,0.1,spearman,0.5418335472741153
blosum_nn,peptide,2,0.1,pearson,0.5484763384462696
blosum_nn,peptide,2,0.1,rmse_log1p,0.9053207431030849
blosum_nn,peptide,2,0.1,auc_2h,0.7773786384974625
blosum_nn,peptide,2,0.1,auc_6h,0.7964554839800612
blosum_nn,peptide,2,0.1,macro_allele_spearman,0.19790980444919717
blosum_nn,peptide,2,0.25,spearman,0.6682900639071438
blosum_nn,peptide,2,0.25,pearson,0.6798237221149077
blosum_nn,peptide,2,0.25,rmse_log1p,0.7973110040647603
blosum_nn,peptide,2,0.25,auc_2h,0.833635554850372
blosum_nn,peptide,2,0.25,auc_6h,0.8580781470081902
blosum_nn,peptide,2,0.25,macro_allele_spearman,0.46691962354225874
blosum_nn,peptide,2,0.5,spearman,0.7109128566725677
blosum_nn,peptide,2,0.5,pearson,0.7250869891010853
blosum_nn,peptide,2,0.5,rmse_log1p,0.7447372969442415
blosum_nn,peptide,2,0.5,auc_2h,0.8567561755054317
blosum_nn,peptide,2,0.5,auc_6h,0.8793171805771173
blosum_nn,peptide,2,0.5,macro_allele_spearman,0.5428675946000516
blosum_nn,peptide,2,1.0,spearman,0.7472747149449666
blosum_nn,peptide,2,1.0,pearson,0.7587298247494333
blosum_nn,peptide,2,1.0,rmse_log1p,0.7067673027791453
blosum_nn,peptide,2,1.0,auc_2h,0.8758357301928199
blosum_nn,peptide,2,1.0,auc_6h,0.8958258754706324
blosum_nn,peptide,2,1.0,macro_allele_spearman,0.5949129573141839
blosum_nn,peptide,3,0.1,spearman,0.558250926590073
blosum_nn,peptide,3,0.1,pearson,0.5629688890228681
blosum_nn,peptide,3,0.1,rmse_log1p,0.9296492795066422
blosum_nn,peptide,3,0.1,auc_2h,0.7816226633283374
blosum_nn,peptide,3,0.1,auc_6h,0.8126532837700864
blosum_nn,peptide,3,0.1,macro_allele_spearman,0.26647982241577683
blosum_nn,peptide,3,0.25,spearman,0.6646794134922617
blosum_nn,peptide,3,0.25,pearson,0.6661354704735203
blosum_nn,peptide,3,0.25,rmse_log1p,0.8556099908671795
blosum_nn,peptide,3,0.25,auc_2h,0.8354669207563933
blosum_nn,peptide,3,0.25,auc_6h,0.8547294331143847
blosum_nn,peptide,3,0.25,macro_allele_spearman,0.46486489344474197
blosum_nn,peptide,3,0.5,spearman,0.7090860659130893
blosum_nn,peptide,3,0.5,pearson,0.7248920207318963
blosum_nn,peptide,3,0.5,rmse_log1p,0.7761388911100351
blosum_nn,peptide,3,0.5,auc_2h,0.8569103068815579
blosum_nn,peptide,3,0.5,auc_6h,0.8768497821615355
blosum_nn,peptide,3,0.5,macro_allele_spearman,0.5325080289086626
blosum_nn,peptide,3,1.0,spearman,0.7534866203463191
blosum_nn,peptide,3,1.0,pearson,0.7683010307799387
blosum_nn,peptide,3,1.0,rmse_log1p,0.7121817835204388
blosum_nn,peptide,3,1.0,auc_2h,0.8847391475873337
blosum_nn,peptide,3,1.0,auc_6h,0.8990639078235659
blosum_nn,peptide,3,1.0,macro_allele_spearman,0.5905983995415405
blosum_nn,peptide,4,0.1,spearman,0.579622978361988
blosum_nn,peptide,4,0.1,pearson,0.5789985883872395
blosum_nn,peptide,4,0.1,rmse_log1p,0.8918864103916011
blosum_nn,peptide,4,0.1,auc_2h,0.7989154434120036
blosum_nn,peptide,4,0.1,auc_6h,0.8108311563596116
blosum_nn,peptide,4,0.1,macro_allele_spearman,0.3136937234764014
blosum_nn,peptide,4,0.25,spearman,0.6266255710752131
blosum_nn,peptide,4,0.25,pearson,0.6378399448164636
blosum_nn,peptide,4,0.25,rmse_log1p,0.8456161450467922
blosum_nn,peptide,4,0.25,auc_2h,0.8204183712943658
blosum_nn,peptide,4,0.25,auc_6h,0.8392272538614002
blosum_nn,peptide,4,0.25,macro_allele_spearman,0.4133508878488296
blosum_nn,peptide,4,0.5,spearman,0.7323844053536734
blosum_nn,peptide,4,0.5,pearson,0.7406921766205425
blosum_nn,peptide,4,0.5,rmse_log1p,0.7363796456005798
blosum_nn,peptide,4,0.5,auc_2h,0.8659940423738068
blosum_nn,peptide,4,0.5,auc_6h,0.8849326044447997
blosum_nn,peptide,4,0.5,macro_allele_spearman,0.5270433190136088
blosum_nn,peptide,4,1.0,spearman,0.7584241739705583
blosum_nn,peptide,4,1.0,pearson,0.7667729692712446
blosum_nn,peptide,4,1.0,rmse_log1p,0.7000726728407541
blosum_nn,peptide,4,1.0,auc_2h,0.8851411768921755
blosum_nn,peptide,4,1.0,auc_6h,0.8947948317867018
blosum_nn,peptide,4,1.0,macro_allele_spearman,0.5877941425893982
blosum_ridge,allele,0,0.1,spearman,0.14062317765862684
blosum_ridge,allele,0,0.1,pearson,0.13895291860652415
blosum_ridge,allele,0,0.1,rmse_log1p,1.2873220760385229
blosum_ridge,allele,0,0.1,auc_2h,0.5573347361055987
blosum_ridge,allele,0,0.1,auc_6h,0.5759209331756032
blosum_ridge,allele,0,0.1,macro_allele_spearman,0.11744618197783843
blosum_ridge,allele,0,0.25,spearman,0.17014199952128767
blosum_ridge,allele,0,0.25,pearson,0.14715545096416838
blosum_ridge,allele,0,0.25,rmse_log1p,1.3075873999808385
blosum_ridge,allele,0,0.25,auc_2h,0.5656130189814114
blosum_ridge,allele,0,0.25,auc_6h,0.588969435197667
blosum_ridge,allele,0,0.25,macro_allele_spearman,0.12934509871009386
blosum_ridge,allele,0,0.5,spearman,0.17530987435949633
blosum_ridge,allele,0,0.5,pearson,0.148148347894478
blosum_ridge,allele,0,0.5,rmse_log1p,1.2948961864514648
blosum_ridge,allele,0,0.5,auc_2h,0.5689746089354616
blosum_ridge,allele,0,0.5,auc_6h,0.5901176786156428
blosum_ridge,allele,0,0.5,macro_allele_spearman,0.12857728119526618
blosum_ridge,allele,0,1.0,spearman,0.18155055915539645
blosum_ridge,allele,0,1.0,pearson,0.16605557462283174
blosum_ridge,allele,0,1.0,rmse_log1p,1.2814333395291848
blosum_ridge,allele,0,1.0,auc_2h,0.5755530448409759
blosum_ridge,allele,0,1.0,auc_6h,0.598155726429888
blosum_ridge,allele,0,1.0,macro_allele_spearman,0.14134201365168084
blosum_ridge,allele,1,0.1,spearman,0.20892267809387768
blosum_ridge,allele,1,0.1,pearson,0.21596001041809887
blosum_ridge,allele,1,0.1,rmse_log1p,1.1929191884206327
blosum_ridge,allele,1,0.1,auc_2h,0.6192780303244205
blosum_ridge,allele,1,0.1,auc_6h,0.6303408578398404
blosum_ridge,allele,1,0.1,macro_allele_spearman,0.10845234078737327
blosum_ridge,allele,1,0.25,spearman,0.2472526487567266
blosum_ridge,allele,1,0.25,pearson,0.24401624851842404
blosum_ridge,allele,1,0.25,rmse_log1p,1.1715140595833715
blosum_ridge,allele,1,0.25,auc_2h,0.6298485661311424
blosum_ridge,allele,1,0.25,auc_6h,0.6607923637789336
blosum_ridge,allele,1,0.25,macro_allele_spearman,0.15232110552090783
blosum_ridge,allele,1,0.5,spearman,0.17116580853231406
blosum_ridge,allele,1,0.5,pearson,0.219379933074696
blosum_ridge,allele,1,0.5,rmse_log1p,1.2093955560440843
blosum_ridge,allele,1,0.5,auc_2h,0.5758184864142455
blosum_ridge,allele,1,0.5,auc_6h,0.6276291824299213
blosum_ridge,allele,1,0.5,macro_allele_spearman,0.16895166654607463
blosum_ridge,allele,1,1.0,spearman,0.15667562493940013
blosum_ridge,allele,1,1.0,pearson,0.1883468120169074
blosum_ridge,allele,1,1.0,rmse_log1p,1.2455670666419214
blosum_ridge,allele,1,1.0,auc_2h,0.5729509369323582
blosum_ridge,allele,1,1.0,auc_6h,0.6049432832452587
blosum_ridge,allele,1,1.0,macro_allele_spearman,0.1755370859270168
blosum_ridge,allele,2,0.1,spearman,0.08189648181477677
blosum_ridge,allele,2,0.1,pearson,0.10917264779318331
blosum_ridge,allele,2,0.1,rmse_log1p,1.1571714940231193
blosum_ridge,allele,2,0.1,auc_2h,0.5533202402268543
blosum_ridge,allele,2,0.1,auc_6h,0.5630281285878301
blosum_ridge,allele,2,0.1,macro_allele_spearman,0.1597190687095884
blosum_ridge,allele,2,0.25,spearman,0.1623829327395817
blosum_ridge,allele,2,0.25,pearson,0.20090779541384451
blosum_ridge,allele,2,0.25,rmse_log1p,1.076685311239186
blosum_ridge,allele,2,0.25,auc_2h,0.5916131109328171
blosum_ridge,allele,2,0.25,auc_6h,0.5891668033459079
blosum_ridge,allele,2,0.25,macro_allele_spearman,0.17966321588665737
blosum_ridge,allele,2,0.5,spearman,0.098743414546017
blosum_ridge,allele,2,0.5,pearson,0.14646687929810165
blosum_ridge,allele,2,0.5,rmse_log1p,1.1062360852757684
blosum_ridge,allele,2,0.5,auc_2h,0.5650152707869783
blosum_ridge,allele,2,0.5,auc_6h,0.5757837871084139
blosum_ridge,allele,2,0.5,macro_allele_spearman,0.21973624640814468
blosum_ridge,allele,2,1.0,spearman,0.09428041813667216
blosum_ridge,allele,2,1.0,pearson,0.14137634863028975
blosum_ridge,allele,2,1.0,rmse_log1p,1.1078300545556596
blosum_ridge,allele,2,1.0,auc_2h,0.5624625135054436
blosum_ridge,allele,2,1.0,auc_6h,0.5675963588650156
blosum_ridge,allele,2,1.0,macro_allele_spearman,0.22298652447054074
blosum_ridge,allele,3,0.1,spearman,0.45911344608566695
blosum_ridge,allele,3,0.1,pearson,0.4351740538481858
blosum_ridge,allele,3,0.1,rmse_log1p,1.141483402599153
blosum_ridge,allele,3,0.1,auc_2h,0.7417544998068752
blosum_ridge,allele,3,0.1,auc_6h,0.7422257114301597
blosum_ridge,allele,3,0.1,macro_allele_spearman,0.18591329088203046
blosum_ridge,allele,3,0.25,spearman,0.48341015654539643
blosum_ridge,allele,3,0.25,pearson,0.4578952658050335
blosum_ridge,allele,3,0.25,rmse_log1p,1.126312336417127
blosum_ridge,allele,3,0.25,auc_2h,0.749164696794129
blosum_ridge,allele,3,0.25,auc_6h,0.7485946474398142
blosum_ridge,allele,3,0.25,macro_allele_spearman,0.23776781191294968
blosum_ridge,allele,3,0.5,spearman,0.40103064850652936
blosum_ridge,allele,3,0.5,pearson,0.3648879018648681
blosum_ridge,allele,3,0.5,rmse_log1p,1.2875408848636363
blosum_ridge,allele,3,0.5,auc_2h,0.6967749710312863
blosum_ridge,allele,3,0.5,auc_6h,0.701883596237745
blosum_ridge,allele,3,0.5,macro_allele_spearman,0.26140814140368634
blosum_ridge,allele,3,1.0,spearman,0.3721749566949247
blosum_ridge,allele,3,1.0,pearson,0.33609173109896884
blosum_ridge,allele,3,1.0,rmse_log1p,1.2777474082866889
blosum_ridge,allele,3,1.0,auc_2h,0.6780795674005408
blosum_ridge,allele,3,1.0,auc_6h,0.6871606200092086
blosum_ridge,allele,3,1.0,macro_allele_spearman,0.292041563301392
blosum_ridge,allele,4,0.1,spearman,0.34079329679139453
blosum_ridge,allele,4,0.1,pearson,0.3163786341559425
blosum_ridge,allele,4,0.1,rmse_log1p,1.0982958719039293
blosum_ridge,allele,4,0.1,auc_2h,0.6768316796938666
blosum_ridge,allele,4,0.1,auc_6h,0.6433208610917395
blosum_ridge,allele,4,0.1,macro_allele_spearman,0.24076230588821826
blosum_ridge,allele,4,0.25,spearman,0.38839938195754714
blosum_ridge,allele,4,0.25,pearson,0.3747122190067043
blosum_ridge,allele,4,0.25,rmse_log1p,1.0710506673957396
blosum_ridge,allele,4,0.25,auc_2h,0.6974736950901842
blosum_ridge,allele,4,0.25,auc_6h,0.6737696051242821
blosum_ridge,allele,4,0.25,macro_allele_spearman,0.296364812076144
blosum_ridge,allele,4,0.5,spearman,0.4216470604720112
blosum_ridge,allele,4,0.5,pearson,0.4134959317995254
blosum_ridge,allele,4,0.5,rmse_log1p,1.0651615017216847
blosum_ridge,allele,4,0.5,auc_2h,0.7101846562928839
blosum_ridge,allele,4,0.5,auc_6h,0.6976535200017029
blosum_ridge,allele,4,0.5,macro_allele_spearman,0.31614737269591775
blosum_ridge,allele,4,1.0,spearman,0.42715858640891685
blosum_ridge,allele,4,1.0,pearson,0.41442540097709146
blosum_ridge,allele,4,1.0,rmse_log1p,1.0544000370045015
blosum_ridge,allele,4,1.0,auc_2h,0.7146782075307593
blosum_ridge,allele,4,1.0,auc_6h,0.6992628398148508
blosum_ridge,allele,4,1.0,macro_allele_spearman,0.32989190565690185
blosum_ridge,peptide,0,0.1,spearman,0.5228121670303616
blosum_ridge,peptide,0,0.1,pearson,0.5245210931931399
blosum_ridge,peptide,0,0.1,rmse_log1p,0.9413536652498835
blosum_ridge,peptide,0,0.1,auc_2h,0.7821127701374156
blosum_ridge,peptide,0,0.1,auc_6h,0.7966337410663609
blosum_ridge,peptide,0,0.1,macro_allele_spearman,0.24041827843574537
blosum_ridge,peptide,0,0.25,spearman,0.5448878949045394
blosum_ridge,peptide,0,0.25,pearson,0.5498197839644707
blosum_ridge,peptide,0,0.25,rmse_log1p,0.922956161165402
blosum_ridge,peptide,0,0.25,auc_2h,0.790994131178671
blosum_ridge,peptide,0,0.25,auc_6h,0.8039481581065897
blosum_ridge,peptide,0,0.25,macro_allele_spearman,0.2475412463553916
blosum_ridge,peptide,0,0.5,spearman,0.5641595261881556
blosum_ridge,peptide,0,0.5,pearson,0.5661303853618507
blosum_ridge,peptide,0,0.5,rmse_log1p,0.9104903517645108
blosum_ridge,peptide,0,0.5,auc_2h,0.7986383104399525
blosum_ridge,peptide,0,0.5,auc_6h,0.8117798429880344
blosum_ridge,peptide,0,0.5,macro_allele_spearman,0.2813451869535931
blosum_ridge,peptide,0,1.0,spearman,0.5702904404590486
blosum_ridge,peptide,0,1.0,pearson,0.57320623353115
blosum_ridge,peptide,0,1.0,rmse_log1p,0.9050147472461942
blosum_ridge,peptide,0,1.0,auc_2h,0.800127264461008
blosum_ridge,peptide,0,1.0,auc_6h,0.8139280972362187
blosum_ridge,peptide,0,1.0,macro_allele_spearman,0.2811882170927215
blosum_ridge,peptide,1,0.1,spearman,0.5150299980022904
blosum_ridge,peptide,1,0.1,pearson,0.5001558137685533
blosum_ridge,peptide,1,0.1,rmse_log1p,0.9739579781591468
blosum_ridge,peptide,1,0.1,auc_2h,0.7683826883342949
blosum_ridge,peptide,1,0.1,auc_6h,0.7803024361414991
blosum_ridge,peptide,1,0.1,macro_allele_spearman,0.20603732478729483
blosum_ridge,peptide,1,0.25,spearman,0.5325448906870034
blosum_ridge,peptide,1,0.25,pearson,0.5259575293728057
blosum_ridge,peptide,1,0.25,rmse_log1p,0.9531508784824827
blosum_ridge,peptide,1,0.25,auc_2h,0.7771161257156383
blosum_ridge,peptide,1,0.25,auc_6h,0.7923185608932386
blosum_ridge,peptide,1,0.25,macro_allele_spearman,0.24357741515083361
blosum_ridge,peptide,1,0.5,spearman,0.5465015539607441
blosum_ridge,peptide,1,0.5,pearson,0.540310748250374
blosum_ridge,peptide,1,0.5,rmse_log1p,0.9418063060590902
blosum_ridge,peptide,1,0.5,auc_2h,0.7831917312651943
blosum_ridge,peptide,1,0.5,auc_6h,0.8006078074409622
blosum_ridge,peptide,1,0.5,macro_allele_spearman,0.25968747178684964
blosum_ridge,peptide,1,1.0,spearman,0.55151634268015
blosum_ridge,peptide,1,1.0,pearson,0.548334480634475
blosum_ridge,peptide,1,1.0,rmse_log1p,0.935613656940048
blosum_ridge,peptide,1,1.0,auc_2h,0.7858097283656572
blosum_ridge,peptide,1,1.0,auc_6h,0.8040799884019669
blosum_ridge,peptide,1,1.0,macro_allele_spearman,0.2600268012998159
blosum_ridge,peptide,2,0.1,spearman,0.508007694746762
blosum_ridge,peptide,2,0.1,pearson,0.5166114842553855
blosum_ridge,peptide,2,0.1,rmse_log1p,0.9200808273452747
blosum_ridge,peptide,2,0.1,auc_2h,0.7619205475822144
blosum_ridge,peptide,2,0.1,auc_6h,0.7861170424230214
blosum_ridge,peptide,2,0.1,macro_allele_spearman,0.20516840473003242
blosum_ridge,peptide,2,0.25,spearman,0.5404153432283062
blosum_ridge,peptide,2,0.25,pearson,0.5388565897196247
blosum_ridge,peptide,2,0.25,rmse_log1p,0.9012392476883386
blosum_ridge,peptide,2,0.25,auc_2h,0.773324755099381
blosum_ridge,peptide,2,0.25,auc_6h,0.793814726003371
blosum_ridge,peptide,2,0.25,macro_allele_spearman,0.23521689965674614
blosum_ridge,peptide,2,0.5,spearman,0.550143293581998
blosum_ridge,peptide,2,0.5,pearson,0.5514892366550297
blosum_ridge,peptide,2,0.5,rmse_log1p,0.8932539167533926
blosum_ridge,peptide,2,0.5,auc_2h,0.7785486675134267
blosum_ridge,peptide,2,0.5,auc_6h,0.8012225198371652
blosum_ridge,peptide,2,0.5,macro_allele_spearman,0.2541814191421105
blosum_ridge,peptide,2,1.0,spearman,0.5513229738547171
blosum_ridge,peptide,2,1.0,pearson,0.5547394423724903
blosum_ridge,peptide,2,1.0,rmse_log1p,0.8910594396530034
blosum_ridge,peptide,2,1.0,auc_2h,0.779424165470598
blosum_ridge,peptide,2,1.0,auc_6h,0.8031423760705593
blosum_ridge,peptide,2,1.0,macro_allele_spearman,0.2532472973382063
blosum_ridge,peptide,3,0.1,spearman,0.5148266441382938
blosum_ridge,peptide,3,0.1,pearson,0.5173367168785414
blosum_ridge,peptide,3,0.1,rmse_log1p,0.9514769685908046
blosum_ridge,peptide,3,0.1,auc_2h,0.7637922945392641
blosum_ridge,peptide,3,0.1,auc_6h,0.7951247433954103
blosum_ridge,peptide,3,0.1,macro_allele_spearman,0.21935062724854656
blosum_ridge,peptide,3,0.25,spearman,0.5245521147892287
blosum_ridge,peptide,3,0.25,pearson,0.5277472374276704
blosum_ridge,peptide,3,0.25,rmse_log1p,0.9478306581025031
blosum_ridge,peptide,3,0.25,auc_2h,0.7673808061458489
blosum_ridge,peptide,3,0.25,auc_6h,0.7989612147436653
blosum_ridge,peptide,3,0.25,macro_allele_spearman,0.23996313903307787
blosum_ridge,peptide,3,0.5,spearman,0.5413048935130909
blosum_ridge,peptide,3,0.5,pearson,0.5428896208261831
blosum_ridge,peptide,3,0.5,rmse_log1p,0.9326198711159476
blosum_ridge,peptide,3,0.5,auc_2h,0.7762154237584458
blosum_ridge,peptide,3,0.5,auc_6h,0.8041656460559673
blosum_ridge,peptide,3,0.5,macro_allele_spearman,0.2535229974664834
blosum_ridge,peptide,3,1.0,spearman,0.5466784262431641
blosum_ridge,peptide,3,1.0,pearson,0.5477270780550922
blosum_ridge,peptide,3,1.0,rmse_log1p,0.9271954732571138
blosum_ridge,peptide,3,1.0,auc_2h,0.779104548558808
blosum_ridge,peptide,3,1.0,auc_6h,0.8063217395374166
blosum_ridge,peptide,3,1.0,macro_allele_spearman,0.24727618317741873
blosum_ridge,peptide,4,0.1,spearman,0.5223184453077085
blosum_ridge,peptide,4,0.1,pearson,0.5170935521722274
blosum_ridge,peptide,4,0.1,rmse_log1p,0.9336690720399579
blosum_ridge,peptide,4,0.1,auc_2h,0.7694644993029119
blosum_ridge,peptide,4,0.1,auc_6h,0.7876316819406252
blosum_ridge,peptide,4,0.1,macro_allele_spearman,0.2035100372194808
blosum_ridge,peptide,4,0.25,spearman,0.5444807535367461
blosum_ridge,peptide,4,0.25,pearson,0.5402422499335905
blosum_ridge,peptide,4,0.25,rmse_log1p,0.9180518593061259
blosum_ridge,peptide,4,0.25,auc_2h,0.7817496696556377
blosum_ridge,peptide,4,0.25,auc_6h,0.8015407314187801
blosum_ridge,peptide,4,0.25,macro_allele_spearman,0.2444723842491373
blosum_ridge,peptide,4,0.5,spearman,0.5550656207660881
blosum_ridge,peptide,4,0.5,pearson,0.5519764468424664
blosum_ridge,peptide,4,0.5,rmse_log1p,0.9081448667102076
blosum_ridge,peptide,4,0.5,auc_2h,0.7855889441085273
blosum_ridge,peptide,4,0.5,auc_6h,0.8053448866456997
blosum_ridge,peptide,4,0.5,macro_allele_spearman,0.2382759186202306
blosum_ridge,peptide,4,1.0,spearman,0.5623254986038569
blosum_ridge,peptide,4,1.0,pearson,0.5595958303140253
blosum_ridge,peptide,4,1.0,rmse_log1p,0.9025210674035474
blosum_ridge,peptide,4,1.0,auc_2h,0.7896268625341384
blosum_ridge,peptide,4,1.0,auc_6h,0.808211574471737
blosum_ridge,peptide,4,1.0,macro_allele_spearman,0.24938045218128252
esm2_complex,allele,0,0.1,spearman,0.18509090334826184
esm2_complex,allele,0,0.1,pearson,0.25426137375675806
esm2_complex,allele,0,0.1,rmse_log1p,1.184330972687532
esm2_complex,allele,0,0.1,auc_2h,0.6365542027929967
esm2_complex,allele,0,0.1,auc_6h,0.6602533769842361
esm2_complex,allele,0,0.1,macro_allele_spearman,0.09108789995525009
esm2_complex,allele,0,0.25,spearman,0.19754232695150029
esm2_complex,allele,0,0.25,pearson,0.2672547985583217
esm2_complex,allele,0,0.25,rmse_log1p,1.1730489869511191
esm2_complex,allele,0,0.25,auc_2h,0.6437466499179613
esm2_complex,allele,0,0.25,auc_6h,0.672211408842059
esm2_complex,allele,0,0.25,macro_allele_spearman,0.0902511527697586
esm2_complex,allele,0,0.5,spearman,0.20788858277443406
esm2_complex,allele,0,0.5,pearson,0.27791322831775217
esm2_complex,allele,0,0.5,rmse_log1p,1.1657214895761068
esm2_complex,allele,0,0.5,auc_2h,0.6490884963808885
esm2_complex,allele,0,0.5,auc_6h,0.677378848111365
esm2_complex,allele,0,0.5,macro_allele_spearman,0.07189473976875439
esm2_complex,allele,0,1.0,spearman,0.21436240800285863
esm2_complex,allele,0,1.0,pearson,0.29022678144199826
esm2_complex,allele,0,1.0,rmse_log1p,1.1687044203724484
esm2_complex,allele,0,1.0,auc_2h,0.6569375340122833
esm2_complex,allele,0,1.0,auc_6h,0.6885175658202426
esm2_complex,allele,0,1.0,macro_allele_spearman,0.08863723864575504
esm2_complex,allele,1,0.1,spearman,0.10340958380839417
esm2_complex,allele,1,0.1,pearson,0.1437033156892969
esm2_complex,allele,1,0.1,rmse_log1p,1.1939360349099037
esm2_complex,allele,1,0.1,auc_2h,0.5281350763757517
esm2_complex,allele,1,0.1,auc_6h,0.5565973226806586
esm2_complex,allele,1,0.1,macro_allele_spearman,0.10670669051976625
esm2_complex,allele,1,0.25,spearman,0.08379875101536575
esm2_complex,allele,1,0.25,pearson,0.12139892315683534
esm2_complex,allele,1,0.25,rmse_log1p,1.2219846828882754
esm2_complex,allele,1,0.25,auc_2h,0.512032498517661
esm2_complex,allele,1,0.25,auc_6h,0.5400865713297232
esm2_complex,allele,1,0.25,macro_allele_spearman,0.13342567027580063
esm2_complex,allele,1,0.5,spearman,0.09668825939238303
esm2_complex,allele,1,0.5,pearson,0.1342366805908113
esm2_complex,allele,1,0.5,rmse_log1p,1.2061837174813834
esm2_complex,allele,1,0.5,auc_2h,0.517129391723372
esm2_complex,allele,1,0.5,auc_6h,0.551184120432469
esm2_complex,allele,1,0.5,macro_allele_spearman,0.140774433583618
esm2_complex,allele,1,1.0,spearman,0.10478549314411695
esm2_complex,allele,1,1.0,pearson,0.1408950213299222
esm2_complex,allele,1,1.0,rmse_log1p,1.1975966195283538
esm2_complex,allele,1,1.0,auc_2h,0.525650111528362
esm2_complex,allele,1,1.0,auc_6h,0.5530262868646865
esm2_complex,allele,1,1.0,macro_allele_spearman,0.14159494428570665
esm2_complex,allele,2,0.1,spearman,0.2480817754650094
esm2_complex,allele,2,0.1,pearson,0.279970256621406
esm2_complex,allele,2,0.1,rmse_log1p,0.9746013902182719
esm2_complex,allele,2,0.1,auc_2h,0.6308185051131407
esm2_complex,allele,2,0.1,auc_6h,0.6469784320157455
esm2_complex,allele,2,0.1,macro_allele_spearman,0.15009382075504396
esm2_complex,allele,2,0.25,spearman,0.2681711425670554
esm2_complex,allele,2,0.25,pearson,0.3084764107256436
esm2_complex,allele,2,0.25,rmse_log1p,0.9610071080020485
esm2_complex,allele,2,0.25,auc_2h,0.6463026860013732
esm2_complex,allele,2,0.25,auc_6h,0.6568289732655404
esm2_complex,allele,2,0.25,macro_allele_spearman,0.16224297209099992
esm2_complex,allele,2,0.5,spearman,0.2836457743562261
esm2_complex,allele,2,0.5,pearson,0.32183908564065067
esm2_complex,allele,2,0.5,rmse_log1p,0.9528320656232234
esm2_complex,allele,2,0.5,auc_2h,0.6551919919984841
esm2_complex,allele,2,0.5,auc_6h,0.660535099229129
esm2_complex,allele,2,0.5,macro_allele_spearman,0.17498804193224535
esm2_complex,allele,2,1.0,spearman,0.301718584640217
esm2_complex,allele,2,1.0,pearson,0.33689732882565737
esm2_complex,allele,2,1.0,rmse_log1p,0.9471815730095485
esm2_complex,allele,2,1.0,auc_2h,0.6640447475899061
esm2_complex,allele,2,1.0,auc_6h,0.6713145809414466
esm2_complex,allele,2,1.0,macro_allele_spearman,0.18272146899660102
esm2_complex,allele,3,0.1,spearman,0.3408413344837009
esm2_complex,allele,3,0.1,pearson,0.3881623968099038
esm2_complex,allele,3,0.1,rmse_log1p,1.0551033362403637
esm2_complex,allele,3,0.1,auc_2h,0.6786247972190034
esm2_complex,allele,3,0.1,auc_6h,0.7152383544599114
esm2_complex,allele,3,0.1,macro_allele_spearman,0.18567726562310205
esm2_complex,allele,3,0.25,spearman,0.3541390333217743
esm2_complex,allele,3,0.25,pearson,0.39264663819759116
esm2_complex,allele,3,0.25,rmse_log1p,1.042295305400541
esm2_complex,allele,3,0.25,auc_2h,0.6808551564310545
esm2_complex,allele,3,0.25,auc_6h,0.720122525511747
esm2_complex,allele,3,0.25,macro_allele_spearman,0.21720056936246898
esm2_complex,allele,3,0.5,spearman,0.3523912370371686
esm2_complex,allele,3,0.5,pearson,0.3915499179410894
esm2_complex,allele,3,0.5,rmse_log1p,1.0411332068847328
esm2_complex,allele,3,0.5,auc_2h,0.6793667825415217
esm2_complex,allele,3,0.5,auc_6h,0.718159948912729
esm2_complex,allele,3,0.5,macro_allele_spearman,0.23325757412230377
esm2_complex,allele,3,1.0,spearman,0.35424732768477224
esm2_complex,allele,3,1.0,pearson,0.39453523810168334
esm2_complex,allele,3,1.0,rmse_log1p,1.038028422094388
esm2_complex,allele,3,1.0,auc_2h,0.681176516029355
esm2_complex,allele,3,1.0,auc_6h,0.7185994944763122
esm2_complex,allele,3,1.0,macro_allele_spearman,0.22381390722350122
esm2_complex,allele,4,0.1,spearman,0.30343306370453005
esm2_complex,allele,4,0.1,pearson,0.34821777168160467
esm2_complex,allele,4,0.1,rmse_log1p,1.0677020495348082
esm2_complex,allele,4,0.1,auc_2h,0.6278577147658003
esm2_complex,allele,4,0.1,auc_6h,0.6705177868730335
esm2_complex,allele,4,0.1,macro_allele_spearman,0.1972789999672451
esm2_complex,allele,4,0.25,spearman,0.34157572011407833
esm2_complex,allele,4,0.25,pearson,0.38312439848341207
esm2_complex,allele,4,0.25,rmse_log1p,1.0441487711330528
esm2_complex,allele,4,0.25,auc_2h,0.6522237259669852
esm2_complex,allele,4,0.25,auc_6h,0.6995484576947492
esm2_complex,allele,4,0.25,macro_allele_spearman,0.266008004912079
esm2_complex,allele,4,0.5,spearman,0.3516776880099053
esm2_complex,allele,4,0.5,pearson,0.3957921070257128
esm2_complex,allele,4,0.5,rmse_log1p,1.0400867467453374
esm2_complex,allele,4,0.5,auc_2h,0.6557976214513783
esm2_complex,allele,4,0.5,auc_6h,0.7069895468551046
esm2_complex,allele,4,0.5,macro_allele_spearman,0.2882978532147587
esm2_complex,allele,4,1.0,spearman,0.36349594889135184
esm2_complex,allele,4,1.0,pearson,0.4099486837803612
esm2_complex,allele,4,1.0,rmse_log1p,1.0326382646711523
esm2_complex,allele,4,1.0,auc_2h,0.6612128846115095
esm2_complex,allele,4,1.0,auc_6h,0.7097962707225554
esm2_complex,allele,4,1.0,macro_allele_spearman,0.30360111129135514
esm2_complex,peptide,0,0.1,spearman,0.36829298120251924
esm2_complex,peptide,0,0.1,pearson,0.4085379493825537
esm2_complex,peptide,0,0.1,rmse_log1p,1.0092206020626444
esm2_complex,peptide,0,0.1,auc_2h,0.6959914950159487
esm2_complex,peptide,0,0.1,auc_6h,0.7238543548956923
esm2_complex,peptide,0,0.1,macro_allele_spearman,0.22817074578448696
esm2_complex,peptide,0,0.25,spearman,0.38682045742027654
esm2_complex,peptide,0,0.25,pearson,0.42802119898143276
esm2_complex,peptide,0,0.25,rmse_log1p,0.9989902625766472
esm2_complex,peptide,0,0.25,auc_2h,0.7087229280772247
esm2_complex,peptide,0,0.25,auc_6h,0.7339629775225585
esm2_complex,peptide,0,0.25,macro_allele_spearman,0.21979265414065696
esm2_complex,peptide,0,0.5,spearman,0.4066143181101201
esm2_complex,peptide,0,0.5,pearson,0.4430436247784011
esm2_complex,peptide,0,0.5,rmse_log1p,0.9902622317073017
esm2_complex,peptide,0,0.5,auc_2h,0.7191357708303261
esm2_complex,peptide,0,0.5,auc_6h,0.7432274653658593
esm2_complex,peptide,0,0.5,macro_allele_spearman,0.23493736666762235
esm2_complex,peptide,0,1.0,spearman,0.42151518600635735
esm2_complex,peptide,0,1.0,pearson,0.45726090463317304
esm2_complex,peptide,0,1.0,rmse_log1p,0.9822143267495073
esm2_complex,peptide,0,1.0,auc_2h,0.7253085889589249
esm2_complex,peptide,0,1.0,auc_6h,0.7488443823771298
esm2_complex,peptide,0,1.0,macro_allele_spearman,0.24606799770895213
esm2_complex,peptide,1,0.1,spearman,0.3252043768033717
esm2_complex,peptide,1,0.1,pearson,0.3549321027659348
esm2_complex,peptide,1,0.1,rmse_log1p,1.0467802205776853
esm2_complex,peptide,1,0.1,auc_2h,0.6665787528785794
esm2_complex,peptide,1,0.1,auc_6h,0.6979834355687276
esm2_complex,peptide,1,0.1,macro_allele_spearman,0.139839428148248
esm2_complex,peptide,1,0.25,spearman,0.3687284418381807
esm2_complex,peptide,1,0.25,pearson,0.38739360172587095
esm2_complex,peptide,1,0.25,rmse_log1p,1.034769652635659
esm2_complex,peptide,1,0.25,auc_2h,0.6907020343604993
esm2_complex,peptide,1,0.25,auc_6h,0.7225711270768918
esm2_complex,peptide,1,0.25,macro_allele_spearman,0.18917241263173007
esm2_complex,peptide,1,0.5,spearman,0.37737894043560466
esm2_complex,peptide,1,0.5,pearson,0.39976160796093496
esm2_complex,peptide,1,0.5,rmse_log1p,1.026796724824401
esm2_complex,peptide,1,0.5,auc_2h,0.6977635687727759
esm2_complex,peptide,1,0.5,auc_6h,0.7264581318135475
esm2_complex,peptide,1,0.5,macro_allele_spearman,0.19722389910897273
esm2_complex,peptide,1,1.0,spearman,0.38082801638538416
esm2_complex,peptide,1,1.0,pearson,0.4052294389524661
esm2_complex,peptide,1,1.0,rmse_log1p,1.0237632362958091
esm2_complex,peptide,1,1.0,auc_2h,0.701387604726048
esm2_complex,peptide,1,1.0,auc_6h,0.7290494683046512
esm2_complex,peptide,1,1.0,macro_allele_spearman,0.18156027631044694
esm2_complex,peptide,2,0.1,spearman,0.33946215349189085
esm2_complex,peptide,2,0.1,pearson,0.36296095278957263
esm2_complex,peptide,2,0.1,rmse_log1p,1.0063852314432613
esm2_complex,peptide,2,0.1,auc_2h,0.6772993323333039
esm2_complex,peptide,2,0.1,auc_6h,0.6969341663353726
esm2_complex,peptide,2,0.1,macro_allele_spearman,0.12536496700516317
esm2_complex,peptide,2,0.25,spearman,0.36130290964679945
esm2_complex,peptide,2,0.25,pearson,0.3854435849034702
esm2_complex,peptide,2,0.25,rmse_log1p,0.9916813645461545
esm2_complex,peptide,2,0.25,auc_2h,0.6854671386719144
esm2_complex,peptide,2,0.25,auc_6h,0.7057641558478938
esm2_complex,peptide,2,0.25,macro_allele_spearman,0.16968747729535305
esm2_complex,peptide,2,0.5,spearman,0.379113066309002
esm2_complex,peptide,2,0.5,pearson,0.4014897813512823
esm2_complex,peptide,2,0.5,rmse_log1p,0.981677359283333
esm2_complex,peptide,2,0.5,auc_2h,0.6943238481649892
esm2_complex,peptide,2,0.5,auc_6h,0.7165874859012665
esm2_complex,peptide,2,0.5,macro_allele_spearman,0.1888354120598809
esm2_complex,peptide,2,1.0,spearman,0.38566127607200906
esm2_complex,peptide,2,1.0,pearson,0.4064272468205653
esm2_complex,peptide,2,1.0,rmse_log1p,0.9795172998987874
esm2_complex,peptide,2,1.0,auc_2h,0.6944300979170732
esm2_complex,peptide,2,1.0,auc_6h,0.7185047337565501
esm2_complex,peptide,2,1.0,macro_allele_spearman,0.19324697605280314
esm2_complex,peptide,3,0.1,spearman,0.34839969380583324
esm2_complex,peptide,3,0.1,pearson,0.3709498517950946
esm2_complex,peptide,3,0.1,rmse_log1p,1.0360524336873393
esm2_complex,peptide,3,0.1,auc_2h,0.6823176592449443
esm2_complex,peptide,3,0.1,auc_6h,0.7151030569126688
esm2_complex,peptide,3,0.1,macro_allele_spearman,0.19429407270545512
esm2_complex,peptide,3,0.25,spearman,0.3814795272806151
esm2_complex,peptide,3,0.25,pearson,0.40658578456242417
esm2_complex,peptide,3,0.25,rmse_log1p,1.0151302884446218
esm2_complex,peptide,3,0.25,auc_2h,0.6972258708530599
esm2_complex,peptide,3,0.25,auc_6h,0.733228932118371
esm2_complex,peptide,3,0.25,macro_allele_spearman,0.21644467216425722
esm2_complex,peptide,3,0.5,spearman,0.39494388198950886
esm2_complex,peptide,3,0.5,pearson,0.4197560697892844
esm2_complex,peptide,3,0.5,rmse_log1p,1.00581656191969
esm2_complex,peptide,3,0.5,auc_2h,0.7028182797434431
esm2_complex,peptide,3,0.5,auc_6h,0.7366180428940043
esm2_complex,peptide,3,0.5,macro_allele_spearman,0.20019587751114404
esm2_complex,peptide,3,1.0,spearman,0.4016250244152951
esm2_complex,peptide,3,1.0,pearson,0.42474837634254625
esm2_complex,peptide,3,1.0,rmse_log1p,1.0025792788569579
esm2_complex,peptide,3,1.0,auc_2h,0.7050386331147198
esm2_complex,peptide,3,1.0,auc_6h,0.7404113838319549
esm2_complex,peptide,3,1.0,macro_allele_spearman,0.2171862685481033
esm2_complex,peptide,4,0.1,spearman,0.3720283847046472
esm2_complex,peptide,4,0.1,pearson,0.3970847181305137
esm2_complex,peptide,4,0.1,rmse_log1p,1.0001576351271593
esm2_complex,peptide,4,0.1,auc_2h,0.6956784213673195
esm2_complex,peptide,4,0.1,auc_6h,0.7153293352480344
esm2_complex,peptide,4,0.1,macro_allele_spearman,0.17190849503362732
esm2_complex,peptide,4,0.25,spearman,0.40932642181339174
esm2_complex,peptide,4,0.25,pearson,0.428630724793546
esm2_complex,peptide,4,0.25,rmse_log1p,0.9838648005398692
esm2_complex,peptide,4,0.25,auc_2h,0.716876611336984
esm2_complex,peptide,4,0.25,auc_6h,0.7323456124269132
esm2_complex,peptide,4,0.25,macro_allele_spearman,0.20383539518038815
esm2_complex,peptide,4,0.5,spearman,0.42650999309832555
esm2_complex,peptide,4,0.5,pearson,0.447972525104643
esm2_complex,peptide,4,0.5,rmse_log1p,0.9732636452872117
esm2_complex,peptide,4,0.5,auc_2h,0.7244596474803113
esm2_complex,peptide,4,0.5,auc_6h,0.7428219054235314
esm2_complex,peptide,4,0.5,macro_allele_spearman,0.20618161622723796
esm2_complex,peptide,4,1.0,spearman,0.43900156961330455
esm2_complex,peptide,4,1.0,pearson,0.4618189061475043
esm2_complex,peptide,4,1.0,rmse_log1p,0.9654770043637723
esm2_complex,peptide,4,1.0,auc_2h,0.7313073623268884
esm2_complex,peptide,4,1.0,auc_6h,0.7482428844217462
esm2_complex,peptide,4,1.0,macro_allele_spearman,0.2300954826046461
esm2_mean,allele,0,0.1,spearman,0.10731715365976453
esm2_mean,allele,0,0.1,pearson,0.15305889344363544
esm2_mean,allele,0,0.1,rmse_log1p,1.3306864375500662
esm2_mean,allele,0,0.1,auc_2h,0.5802001968109265
esm2_mean,allele,0,0.1,auc_6h,0.5834022256458224
esm2_mean,allele,0,0.1,macro_allele_spearman,0.07469750280197261
esm2_mean,allele,0,0.25,spearman,0.10553467441306932
esm2_mean,allele,0,0.25,pearson,0.14724771917160212
esm2_mean,allele,0,0.25,rmse_log1p,1.376280290208513
esm2_mean,allele,0,0.25,auc_2h,0.566927222920085
esm2_mean,allele,0,0.25,auc_6h,0.5728224985556687
esm2_mean,allele,0,0.25,macro_allele_spearman,0.0780470729330807
esm2_mean,allele,0,0.5,spearman,0.12237222926786581
esm2_mean,allele,0,0.5,pearson,0.14651864662974853
esm2_mean,allele,0,0.5,rmse_log1p,1.388736132063642
esm2_mean,allele,0,0.5,auc_2h,0.5683045925277315
esm2_mean,allele,0,0.5,auc_6h,0.5715325731106771
esm2_mean,allele,0,0.5,macro_allele_spearman,0.07970255143377754
esm2_mean,allele,0,1.0,spearman,0.15318453706252938
esm2_mean,allele,0,1.0,pearson,0.16569932498128542
esm2_mean,allele,0,1.0,rmse_log1p,1.3666210521212305
esm2_mean,allele,0,1.0,auc_2h,0.5826314357377546
esm2_mean,allele,0,1.0,auc_6h,0.5895581721642961
esm2_mean,allele,0,1.0,macro_allele_spearman,0.08101500034118961
esm2_mean,allele,1,0.1,spearman,0.1244269646855961
esm2_mean,allele,1,0.1,pearson,0.17365184038506248
esm2_mean,allele,1,0.1,rmse_log1p,1.2579723656937902
esm2_mean,allele,1,0.1,auc_2h,0.5359830495712982
esm2_mean,allele,1,0.1,auc_6h,0.5794703684069116
esm2_mean,allele,1,0.1,macro_allele_spearman,0.07257434415252037
esm2_mean,allele,1,0.25,spearman,0.1307357600975427
esm2_mean,allele,1,0.25,pearson,0.17269796942785837
esm2_mean,allele,1,0.25,rmse_log1p,1.2903361460677816
esm2_mean,allele,1,0.25,auc_2h,0.5434872142379836
esm2_mean,allele,1,0.25,auc_6h,0.5812701631190815
esm2_mean,allele,1,0.25,macro_allele_spearman,0.08829567722149266
esm2_mean,allele,1,0.5,spearman,0.15405758369298592
esm2_mean,allele,1,0.5,pearson,0.19611491179014445
esm2_mean,allele,1,0.5,rmse_log1p,1.2700394584768764
esm2_mean,allele,1,0.5,auc_2h,0.5578540907850279
esm2_mean,allele,1,0.5,auc_6h,0.5983760106572615
esm2_mean,allele,1,0.5,macro_allele_spearman,0.10566409885242824
esm2_mean,allele,1,1.0,spearman,0.15093969017633038
esm2_mean,allele,1,1.0,pearson,0.19727270528844743
esm2_mean,allele,1,1.0,rmse_log1p,1.279142376084217
esm2_mean,allele,1,1.0,auc_2h,0.5603236675419525
esm2_mean,allele,1,1.0,auc_6h,0.5970623726626607
esm2_mean,allele,1,1.0,macro_allele_spearman,0.1151191691281745
esm2_mean,allele,2,0.1,spearman,0.20336065810056822
esm2_mean,allele,2,0.1,pearson,0.23818185248003199
esm2_mean,allele,2,0.1,rmse_log1p,1.03827800469323
esm2_mean,allele,2,0.1,auc_2h,0.604239489800307
esm2_mean,allele,2,0.1,auc_6h,0.6281691815647039
esm2_mean,allele,2,0.1,macro_allele_spearman,0.12128887465255582
esm2_mean,allele,2,0.25,spearman,0.23882067204099083
esm2_mean,allele,2,0.25,pearson,0.2781070315099383
esm2_mean,allele,2,0.25,rmse_log1p,1.07116359007487
esm2_mean,allele,2,0.25,auc_2h,0.6269235509790907
esm2_mean,allele,2,0.25,auc_6h,0.6446662292930949
esm2_mean,allele,2,0.25,macro_allele_spearman,0.13586000782425398
esm2_mean,allele,2,0.5,spearman,0.2810953758261594
esm2_mean,allele,2,0.5,pearson,0.29831813039888233
esm2_mean,allele,2,0.5,rmse_log1p,1.0404767548365272
esm2_mean,allele,2,0.5,auc_2h,0.6543364926532997
esm2_mean,allele,2,0.5,auc_6h,0.6619480892242086
esm2_mean,allele,2,0.5,macro_allele_spearman,0.15848162671868124
esm2_mean,allele,2,1.0,spearman,0.29766805141984515
esm2_mean,allele,2,1.0,pearson,0.29460659029573594
esm2_mean,allele,2,1.0,rmse_log1p,1.05133569903849
esm2_mean,allele,2,1.0,auc_2h,0.6624859277502909
esm2_mean,allele,2,1.0,auc_6h,0.6695145153354108
esm2_mean,allele,2,1.0,macro_allele_spearman,0.16891949704287
esm2_mean,allele,3,0.1,spearman,0.3765225352904972
esm2_mean,allele,3,0.1,pearson,0.37732019759338464
esm2_mean,allele,3,0.1,rmse_log1p,1.1237009645474576
esm2_mean,allele,3,0.1,auc_2h,0.6652025492468134
esm2_mean,allele,3,0.1,auc_6h,0.6908906367845633
esm2_mean,allele,3,0.1,macro_allele_spearman,0.1651186778298293
esm2_mean,allele,3,0.25,spearman,0.43118868111230246
esm2_mean,allele,3,0.25,pearson,0.42755338313373625
esm2_mean,allele,3,0.25,rmse_log1p,1.0705075167067175
esm2_mean,allele,3,0.25,auc_2h,0.6989628427964465
esm2_mean,allele,3,0.25,auc_6h,0.7190381142476951
esm2_mean,allele,3,0.25,macro_allele_spearman,0.2008083471870246
esm2_mean,allele,3,0.5,spearman,0.46252485620212563
esm2_mean,allele,3,0.5,pearson,0.4557493475888605
esm2_mean,allele,3,0.5,rmse_log1p,1.0658632147923077
esm2_mean,allele,3,0.5,auc_2h,0.7182383932020086
esm2_mean,allele,3,0.5,auc_6h,0.7369052865203422
esm2_mean,allele,3,0.5,macro_allele_spearman,0.22628769657997674
esm2_mean,allele,3,1.0,spearman,0.4714463633410104
esm2_mean,allele,3,1.0,pearson,0.4605997791181443
esm2_mean,allele,3,1.0,rmse_log1p,1.068810187393572
esm2_mean,allele,3,1.0,auc_2h,0.7254666666666667
esm2_mean,allele,3,1.0,auc_6h,0.7431702252061533
esm2_mean,allele,3,1.0,macro_allele_spearman,0.2311600768343009
esm2_mean,allele,4,0.1,spearman,0.34984962538153547
esm2_mean,allele,4,0.1,pearson,0.31518846280866264
esm2_mean,allele,4,0.1,rmse_log1p,1.0646855208124286
esm2_mean,allele,4,0.1,auc_2h,0.6554938567845551
esm2_mean,allele,4,0.1,auc_6h,0.6627103243116688
esm2_mean,allele,4,0.1,macro_allele_spearman,0.1511065373899259
esm2_mean,allele,4,0.25,spearman,0.379581406981993
esm2_mean,allele,4,0.25,pearson,0.3526757748427112
esm2_mean,allele,4,0.25,rmse_log1p,1.0525508896550166
esm2_mean,allele,4,0.25,auc_2h,0.6659524907126283
esm2_mean,allele,4,0.25,auc_6h,0.6777524486451227
esm2_mean,allele,4,0.25,macro_allele_spearman,0.19369855034428934
esm2_mean,allele,4,0.5,spearman,0.37195806792576985
esm2_mean,allele,4,0.5,pearson,0.3518864915502645
esm2_mean,allele,4,0.5,rmse_log1p,1.0664584889050621
esm2_mean,allele,4,0.5,auc_2h,0.6608581954980596
esm2_mean,allele,4,0.5,auc_6h,0.6764391541579078
esm2_mean,allele,4,0.5,macro_allele_spearman,0.21638921349178084
esm2_mean,allele,4,1.0,spearman,0.3866240127405833
esm2_mean,allele,4,1.0,pearson,0.36987760679769266
esm2_mean,allele,4,1.0,rmse_log1p,1.056858575597518
esm2_mean,allele,4,1.0,auc_2h,0.6681609530534175
esm2_mean,allele,4,1.0,auc_6h,0.6787551630322509
esm2_mean,allele,4,1.0,macro_allele_spearman,0.22706225788114107
esm2_mean,peptide,0,0.1,spearman,0.4919469323282926
esm2_mean,peptide,0,0.1,pearson,0.49147505185619433
esm2_mean,peptide,0,0.1,rmse_log1p,0.9619267391279268
esm2_mean,peptide,0,0.1,auc_2h,0.7629591709233606
esm2_mean,peptide,0,0.1,auc_6h,0.7809058485654051
esm2_mean,peptide,0,0.1,macro_allele_spearman,0.1307263047235546
esm2_mean,peptide,0,0.25,spearman,0.5111418622326331
esm2_mean,peptide,0,0.25,pearson,0.5097261364082246
esm2_mean,peptide,0,0.25,rmse_log1p,0.9501861688107593
esm2_mean,peptide,0,0.25,auc_2h,0.7724875208240232
esm2_mean,peptide,0,0.25,auc_6h,0.7846008386327044
esm2_mean,peptide,0,0.25,macro_allele_spearman,0.17154663580828036
esm2_mean,peptide,0,0.5,spearman,0.5326576418454066
esm2_mean,peptide,0,0.5,pearson,0.5286587685022941
esm2_mean,peptide,0,0.5,rmse_log1p,0.9376824908477713
esm2_mean,peptide,0,0.5,auc_2h,0.7810648850657989
esm2_mean,peptide,0,0.5,auc_6h,0.7941727370527387
esm2_mean,peptide,0,0.5,macro_allele_spearman,0.1751265805095149
esm2_mean,peptide,0,1.0,spearman,0.5312838055066949
esm2_mean,peptide,0,1.0,pearson,0.5288746285963426
esm2_mean,peptide,0,1.0,rmse_log1p,0.9373267535784127
esm2_mean,peptide,0,1.0,auc_2h,0.7793544268832633
esm2_mean,peptide,0,1.0,auc_6h,0.7937337471476063
esm2_mean,peptide,0,1.0,macro_allele_spearman,0.18592989835913704
esm2_mean,peptide,1,0.1,spearman,0.4673126865234332
esm2_mean,peptide,1,0.1,pearson,0.44541888406807884
esm2_mean,peptide,1,0.1,rmse_log1p,1.0055791953363535
esm2_mean,peptide,1,0.1,auc_2h,0.7431048160421321
esm2_mean,peptide,1,0.1,auc_6h,0.750448195848316
esm2_mean,peptide,1,0.1,macro_allele_spearman,0.09622935891030661
esm2_mean,peptide,1,0.25,spearman,0.500895001771607
esm2_mean,peptide,1,0.25,pearson,0.48738988305517894
esm2_mean,peptide,1,0.25,rmse_log1p,0.9771500515887428
esm2_mean,peptide,1,0.25,auc_2h,0.761276233905844
esm2_mean,peptide,1,0.25,auc_6h,0.7720523052279085
esm2_mean,peptide,1,0.25,macro_allele_spearman,0.15773039983515694
esm2_mean,peptide,1,0.5,spearman,0.511185486749078
esm2_mean,peptide,1,0.5,pearson,0.4993477803103776
esm2_mean,peptide,1,0.5,rmse_log1p,0.9694554765210347
esm2_mean,peptide,1,0.5,auc_2h,0.7666618587609905
esm2_mean,peptide,1,0.5,auc_6h,0.7778968741557954
esm2_mean,peptide,1,0.5,macro_allele_spearman,0.14882006367001194
esm2_mean,peptide,1,1.0,spearman,0.5162146058837013
esm2_mean,peptide,1,1.0,pearson,0.505259303637497
esm2_mean,peptide,1,1.0,rmse_log1p,0.9655397491393818
esm2_mean,peptide,1,1.0,auc_2h,0.7685667602359079
esm2_mean,peptide,1,1.0,auc_6h,0.7819055829794112
esm2_mean,peptide,1,1.0,macro_allele_spearman,0.15868333368316875
esm2_mean,peptide,2,0.1,spearman,0.47497985044608126
esm2_mean,peptide,2,0.1,pearson,0.47197101317939105
esm2_mean,peptide,2,0.1,rmse_log1p,0.9435645876090116
esm2_mean,peptide,2,0.1,auc_2h,0.7398574998563098
esm2_mean,peptide,2,0.1,auc_6h,0.7550195988134578
esm2_mean,peptide,2,0.1,macro_allele_spearman,0.09336842540910184
esm2_mean,peptide,2,0.25,spearman,0.5129034277887536
esm2_mean,peptide,2,0.25,pearson,0.5026961827183414
esm2_mean,peptide,2,0.25,rmse_log1p,0.9241148769508568
esm2_mean,peptide,2,0.25,auc_2h,0.7563417272661284
esm2_mean,peptide,2,0.25,auc_6h,0.7692360690122882
esm2_mean,peptide,2,0.25,macro_allele_spearman,0.15505447659565474
esm2_mean,peptide,2,0.5,spearman,0.5168737884362947
esm2_mean,peptide,2,0.5,pearson,0.5071794137786071
esm2_mean,peptide,2,0.5,rmse_log1p,0.9214451696317563
esm2_mean,peptide,2,0.5,auc_2h,0.7573549788701287
esm2_mean,peptide,2,0.5,auc_6h,0.7724158618171221
esm2_mean,peptide,2,0.5,macro_allele_spearman,0.14420145156617936
esm2_mean,peptide,2,1.0,spearman,0.5157528804215131
esm2_mean,peptide,2,1.0,pearson,0.5106606254539294
esm2_mean,peptide,2,1.0,rmse_log1p,0.9194654109455936
esm2_mean,peptide,2,1.0,auc_2h,0.7575159388120158
esm2_mean,peptide,2,1.0,auc_6h,0.7747563864788874
esm2_mean,peptide,2,1.0,macro_allele_spearman,0.13327502176694214
esm2_mean,peptide,3,0.1,spearman,0.4797482237299851
esm2_mean,peptide,3,0.1,pearson,0.4733559581184879
esm2_mean,peptide,3,0.1,rmse_log1p,0.9779811310865015
esm2_mean,peptide,3,0.1,auc_2h,0.7435684209367285
esm2_mean,peptide,3,0.1,auc_6h,0.7666924936687974
esm2_mean,peptide,3,0.1,macro_allele_spearman,0.1366761201340902
esm2_mean,peptide,3,0.25,spearman,0.5049325554587334
esm2_mean,peptide,3,0.25,pearson,0.4987186768826412
esm2_mean,peptide,3,0.25,rmse_log1p,0.9610494877536481
esm2_mean,peptide,3,0.25,auc_2h,0.7557858363060237
esm2_mean,peptide,3,0.25,auc_6h,0.7804293158338312
esm2_mean,peptide,3,0.25,macro_allele_spearman,0.17558094968310817
esm2_mean,peptide,3,0.5,spearman,0.5192672043488181
esm2_mean,peptide,3,0.5,pearson,0.5130535948348304
esm2_mean,peptide,3,0.5,rmse_log1p,0.9506944067227241
esm2_mean,peptide,3,0.5,auc_2h,0.7646574474993278
esm2_mean,peptide,3,0.5,auc_6h,0.7855894210412859
esm2_mean,peptide,3,0.5,macro_allele_spearman,0.19420796816115773
esm2_mean,peptide,3,1.0,spearman,0.5196213360771056
esm2_mean,peptide,3,1.0,pearson,0.5145723576140688
esm2_mean,peptide,3,1.0,rmse_log1p,0.9496412319884415
esm2_mean,peptide,3,1.0,auc_2h,0.7663345793433753
esm2_mean,peptide,3,1.0,auc_6h,0.786548880505362
esm2_mean,peptide,3,1.0,macro_allele_spearman,0.1719417571397834
esm2_mean,peptide,4,0.1,spearman,0.48934107409615213
esm2_mean,peptide,4,0.1,pearson,0.47799093590698266
esm2_mean,peptide,4,0.1,rmse_log1p,0.9566955499452492
esm2_mean,peptide,4,0.1,auc_2h,0.7508596854032514
esm2_mean,peptide,4,0.1,auc_6h,0.7648696368208563
esm2_mean,peptide,4,0.1,macro_allele_spearman,0.09057893084305377
esm2_mean,peptide,4,0.25,spearman,0.5226293097939793
esm2_mean,peptide,4,0.25,pearson,0.5135730406082004
esm2_mean,peptide,4,0.25,rmse_log1p,0.9340907258404709
esm2_mean,peptide,4,0.25,auc_2h,0.7670573519573345
esm2_mean,peptide,4,0.25,auc_6h,0.7829422179015676
esm2_mean,peptide,4,0.25,macro_allele_spearman,0.1711007895758375
esm2_mean,peptide,4,0.5,spearman,0.5262216609091082
esm2_mean,peptide,4,0.5,pearson,0.5214402932610787
esm2_mean,peptide,4,0.5,rmse_log1p,0.928818276987421
esm2_mean,peptide,4,0.5,auc_2h,0.7684700096980019
esm2_mean,peptide,4,0.5,auc_6h,0.78413705649478
esm2_mean,peptide,4,0.5,macro_allele_spearman,0.17010164978433295
esm2_mean,peptide,4,1.0,spearman,0.5302428891211465
esm2_mean,peptide,4,1.0,pearson,0.5263475984239845
esm2_mean,peptide,4,1.0,rmse_log1p,0.9256599974920157
esm2_mean,peptide,4,1.0,auc_2h,0.7704948238290374
esm2_mean,peptide,4,1.0,auc_6h,0.7862879509220972
esm2_mean,peptide,4,1.0,macro_allele_spearman,0.17860950209334087
onehot_ridge,allele,0,0.1,spearman,0.08830091158387103
onehot_ridge,allele,0,0.1,pearson,0.1511360581632853
onehot_ridge,allele,0,0.1,rmse_log1p,1.227176994627254
onehot_ridge,allele,0,0.1,auc_2h,0.5850855626296558
onehot_ridge,allele,0,0.1,auc_6h,0.5911591446807339
onehot_ridge,allele,0,0.1,macro_allele_spearman,0.1313709196227871
onehot_ridge,allele,0,0.25,spearman,0.08900064277029823
onehot_ridge,allele,0,0.25,pearson,0.15629701077295988
onehot_ridge,allele,0,0.25,rmse_log1p,1.2452647674941535
onehot_ridge,allele,0,0.25,auc_2h,0.5846682088978179
onehot_ridge,allele,0,0.25,auc_6h,0.5916995653250434
onehot_ridge,allele,0,0.25,macro_allele_spearman,0.13710106425571686
onehot_ridge,allele,0,0.5,spearman,0.1089911274304468
onehot_ridge,allele,0,0.5,pearson,0.17044851557028784
onehot_ridge,allele,0,0.5,rmse_log1p,1.2389562185761542
onehot_ridge,allele,0,0.5,auc_2h,0.5946414798463155
onehot_ridge,allele,0,0.5,auc_6h,0.6006642204737407
onehot_ridge,allele,0,0.5,macro_allele_spearman,0.1285690756865948
onehot_ridge,allele,0,1.0,spearman,0.11121463583982347
onehot_ridge,allele,0,1.0,pearson,0.1750960829413383
onehot_ridge,allele,0,1.0,rmse_log1p,1.2444411062634277
onehot_ridge,allele,0,1.0,auc_2h,0.5974467260236418
onehot_ridge,allele,0,1.0,auc_6h,0.6045489559547719
onehot_ridge,allele,0,1.0,macro_allele_spearman,0.14341233569077025
onehot_ridge,allele,1,0.1,spearman,0.14768756165630287
onehot_ridge,allele,1,0.1,pearson,0.17743648940917933
onehot_ridge,allele,1,0.1,rmse_log1p,1.1372284825763515
onehot_ridge,allele,1,0.1,auc_2h,0.5684794025467995
onehot_ridge,allele,1,0.1,auc_6h,0.5952465237128544
onehot_ridge,allele,1,0.1,macro_allele_spearman,0.10335780134516237
onehot_ridge,allele,1,0.25,spearman,0.1564659982710302
onehot_ridge,allele,1,0.25,pearson,0.1683654356849814
onehot_ridge,allele,1,0.25,rmse_log1p,1.1428397568346265
onehot_ridge,allele,1,0.25,auc_2h,0.5682251461162718
onehot_ridge,allele,1,0.25,auc_6h,0.5955707619765473
onehot_ridge,allele,1,0.25,macro_allele_spearman,0.14920516842177248
onehot_ridge,allele,1,0.5,spearman,0.17938456579326986
onehot_ridge,allele,1,0.5,pearson,0.18912599491222282
onehot_ridge,allele,1,0.5,rmse_log1p,1.1292621943456336
onehot_ridge,allele,1,0.5,auc_2h,0.5722117909478499
onehot_ridge,allele,1,0.5,auc_6h,0.6082500548424224
onehot_ridge,allele,1,0.5,macro_allele_spearman,0.16788326769838868
onehot_ridge,allele,1,1.0,spearman,0.18933945410091127
onehot_ridge,allele,1,1.0,pearson,0.194549874191096
onehot_ridge,allele,1,1.0,rmse_log1p,1.129357441248103
onehot_ridge,allele,1,1.0,auc_2h,0.5783660389078691
onehot_ridge,allele,1,1.0,auc_6h,0.6133923418304973
onehot_ridge,allele,1,1.0,macro_allele_spearman,0.17509541177516147
onehot_ridge,allele,2,0.1,spearman,0.24778789593407133
onehot_ridge,allele,2,0.1,pearson,0.2389647678681442
onehot_ridge,allele,2,0.1,rmse_log1p,0.9785973591815258
onehot_ridge,allele,2,0.1,auc_2h,0.6290232756006393
onehot_ridge,allele,2,0.1,auc_6h,0.6314130925045105
onehot_ridge,allele,2,0.1,macro_allele_spearman,0.16078199263066262
onehot_ridge,allele,2,0.25,spearman,0.24775304716028052
onehot_ridge,allele,2,0.25,pearson,0.25946898810998037
onehot_ridge,allele,2,0.25,rmse_log1p,0.9770913308675464
onehot_ridge,allele,2,0.25,auc_2h,0.6341719361313264
onehot_ridge,allele,2,0.25,auc_6h,0.6379957356076759
onehot_ridge,allele,2,0.25,macro_allele_spearman,0.17810124683348544
onehot_ridge,allele,2,0.5,spearman,0.2736199984082747
onehot_ridge,allele,2,0.5,pearson,0.28433028519290854
onehot_ridge,allele,2,0.5,rmse_log1p,0.9631039239302435
onehot_ridge,allele,2,0.5,auc_2h,0.644899342793476
onehot_ridge,allele,2,0.5,auc_6h,0.6537057159258651
onehot_ridge,allele,2,0.5,macro_allele_spearman,0.22163874120131838
onehot_ridge,allele,2,1.0,spearman,0.2722861495669374
onehot_ridge,allele,2,1.0,pearson,0.28374179325850607
onehot_ridge,allele,2,1.0,rmse_log1p,0.9634145200817658
onehot_ridge,allele,2,1.0,auc_2h,0.6472356144954512
onehot_ridge,allele,2,1.0,auc_6h,0.6540733147449566
onehot_ridge,allele,2,1.0,macro_allele_spearman,0.22327592350566003
onehot_ridge,allele,3,0.1,spearman,0.11845560197057302
onehot_ridge,allele,3,0.1,pearson,0.16785391394507007
onehot_ridge,allele,3,0.1,rmse_log1p,1.0825412566858965
onehot_ridge,allele,3,0.1,auc_2h,0.5770298184627269
onehot_ridge,allele,3,0.1,auc_6h,0.6089455802886085
onehot_ridge,allele,3,0.1,macro_allele_spearman,0.20059021201007243
onehot_ridge,allele,3,0.25,spearman,0.13073975255479037
onehot_ridge,allele,3,0.25,pearson,0.18661793761338485
onehot_ridge,allele,3,0.25,rmse_log1p,1.0595070242081235
onehot_ridge,allele,3,0.25,auc_2h,0.5832468134414832
onehot_ridge,allele,3,0.25,auc_6h,0.6137044607959921
onehot_ridge,allele,3,0.25,macro_allele_spearman,0.23730770668556625
onehot_ridge,allele,3,0.5,spearman,0.13350654370987008
onehot_ridge,allele,3,0.5,pearson,0.19570723343977472
onehot_ridge,allele,3,0.5,rmse_log1p,1.0661622882352932
onehot_ridge,allele,3,0.5,auc_2h,0.5865805330243337
onehot_ridge,allele,3,0.5,auc_6h,0.6164845119079508
onehot_ridge,allele,3,0.5,macro_allele_spearman,0.2612329846358713
onehot_ridge,allele,3,1.0,spearman,0.12865389248619713
onehot_ridge,allele,3,1.0,pearson,0.1897814286392438
onehot_ridge,allele,3,1.0,rmse_log1p,1.066271377236622
onehot_ridge,allele,3,1.0,auc_2h,0.5850146774816531
onehot_ridge,allele,3,1.0,auc_6h,0.6154764270675306
onehot_ridge,allele,3,1.0,macro_allele_spearman,0.2919535313192173
onehot_ridge,allele,4,0.1,spearman,0.2748306725887426
onehot_ridge,allele,4,0.1,pearson,0.29334246036882644
onehot_ridge,allele,4,0.1,rmse_log1p,1.083539019188486
onehot_ridge,allele,4,0.1,auc_2h,0.6177541811849316
onehot_ridge,allele,4,0.1,auc_6h,0.6503400183045848
onehot_ridge,allele,4,0.1,macro_allele_spearman,0.23578251292895389
onehot_ridge,allele,4,0.25,spearman,0.28774172265133724
onehot_ridge,allele,4,0.25,pearson,0.31146991604160634
onehot_ridge,allele,4,0.25,rmse_log1p,1.0724072136046512
onehot_ridge,allele,4,0.25,auc_2h,0.6287745604219587
onehot_ridge,allele,4,0.25,auc_6h,0.6564117066709069
onehot_ridge,allele,4,0.25,macro_allele_spearman,0.29454047555658297
onehot_ridge,allele,4,0.5,spearman,0.3229294761044518
onehot_ridge,allele,4,0.5,pearson,0.3475061232182091
onehot_ridge,allele,4,0.5,rmse_log1p,1.0613083753622516
onehot_ridge,allele,4,0.5,auc_2h,0.6472668513654538
onehot_ridge,allele,4,0.5,auc_6h,0.677716531218582
onehot_ridge,allele,4,0.5,macro_allele_spearman,0.31603010893206124
onehot_ridge,allele,4,1.0,spearman,0.34931854685090524
onehot_ridge,allele,4,1.0,pearson,0.3691753274656122
onehot_ridge,allele,4,1.0,rmse_log1p,1.0552277596432211
onehot_ridge,allele,4,1.0,auc_2h,0.6596371054023642
onehot_ridge,allele,4,1.0,auc_6h,0.6882814192188124
onehot_ridge,allele,4,1.0,macro_allele_spearman,0.3301907770331775
onehot_ridge,peptide,0,0.1,spearman,0.526301457463228
onehot_ridge,peptide,0,0.1,pearson,0.5320613819660704
onehot_ridge,peptide,0,0.1,rmse_log1p,0.9361439897734204
onehot_ridge,peptide,0,0.1,auc_2h,0.7831803952609468
onehot_ridge,peptide,0,0.1,auc_6h,0.8005204894533828
onehot_ridge,peptide,0,0.1,macro_allele_spearman,0.23745008179389396
onehot_ridge,peptide,0,0.25,spearman,0.5469269211554579
onehot_ridge,peptide,0,0.25,pearson,0.5538411829305834
onehot_ridge,peptide,0,0.25,rmse_log1p,0.9201066363041951
onehot_ridge,peptide,0,0.25,auc_2h,0.7911304414318895
onehot_ridge,peptide,0,0.25,auc_6h,0.8065253573455653
onehot_ridge,peptide,0,0.25,macro_allele_spearman,0.24923375511744625
onehot_ridge,peptide,0,0.5,spearman,0.5661486014939918
onehot_ridge,peptide,0,0.5,pearson,0.5693914798827537
onehot_ridge,peptide,0,0.5,rmse_log1p,0.9079055252364295
onehot_ridge,peptide,0,0.5,auc_2h,0.7994825612918223
onehot_ridge,peptide,0,0.5,auc_6h,0.8132113790237573
onehot_ridge,peptide,0,0.5,macro_allele_spearman,0.27757982325907465
onehot_ridge,peptide,0,1.0,spearman,0.5725303304496834
onehot_ridge,peptide,0,1.0,pearson,0.5765172324571355
onehot_ridge,peptide,0,1.0,rmse_log1p,0.9024631203990795
onehot_ridge,peptide,0,1.0,auc_2h,0.8007174573815742
onehot_ridge,peptide,0,1.0,auc_6h,0.8154832490646464
onehot_ridge,peptide,0,1.0,macro_allele_spearman,0.2830092885369461
onehot_ridge,peptide,1,0.1,spearman,0.5187997030573119
onehot_ridge,peptide,1,0.1,pearson,0.5062224780759879
onehot_ridge,peptide,1,0.1,rmse_log1p,0.9699832357732663
onehot_ridge,peptide,1,0.1,auc_2h,0.7685512732320469
onehot_ridge,peptide,1,0.1,auc_6h,0.7812485393529026
onehot_ridge,peptide,1,0.1,macro_allele_spearman,0.20548420961720668
onehot_ridge,peptide,1,0.25,spearman,0.5342281304721127
onehot_ridge,peptide,1,0.25,pearson,0.5262109295146298
onehot_ridge,peptide,1,0.25,rmse_log1p,0.952307273920057
onehot_ridge,peptide,1,0.25,auc_2h,0.7782151636413845
onehot_ridge,peptide,1,0.25,auc_6h,0.7930901786683334
onehot_ridge,peptide,1,0.25,macro_allele_spearman,0.23621839487436233
onehot_ridge,peptide,1,0.5,spearman,0.5478690192784988
onehot_ridge,peptide,1,0.5,pearson,0.5424476217377436
onehot_ridge,peptide,1,0.5,rmse_log1p,0.9402693490938104
onehot_ridge,peptide,1,0.5,auc_2h,0.783961304372482
onehot_ridge,peptide,1,0.5,auc_6h,0.8015190531758726
onehot_ridge,peptide,1,0.5,macro_allele_spearman,0.25959201937356047
onehot_ridge,peptide,1,1.0,spearman,0.5530920275707271
onehot_ridge,peptide,1,1.0,pearson,0.5503314225104787
onehot_ridge,peptide,1,1.0,rmse_log1p,0.9341572247949673
onehot_ridge,peptide,1,1.0,auc_2h,0.7869355025617507
onehot_ridge,peptide,1,1.0,auc_6h,0.8049415226221062
onehot_ridge,peptide,1,1.0,macro_allele_spearman,0.25953641181929304
onehot_ridge,peptide,2,0.1,spearman,0.5132358117622526
onehot_ridge,peptide,2,0.1,pearson,0.5258176776764771
onehot_ridge,peptide,2,0.1,rmse_log1p,0.9139359239556758
onehot_ridge,peptide,2,0.1,auc_2h,0.7639602729815853
onehot_ridge,peptide,2,0.1,auc_6h,0.7899392157956182
onehot_ridge,peptide,2,0.1,macro_allele_spearman,0.20392824797671874
onehot_ridge,peptide,2,0.25,spearman,0.5434500049322548
onehot_ridge,peptide,2,0.25,pearson,0.5451329889993719
onehot_ridge,peptide,2,0.25,rmse_log1p,0.8969371777412957
onehot_ridge,peptide,2,0.25,auc_2h,0.7748948903246211
onehot_ridge,peptide,2,0.25,auc_6h,0.796532476106357
onehot_ridge,peptide,2,0.25,macro_allele_spearman,0.23335080449134807
onehot_ridge,peptide,2,0.5,spearman,0.5520393003440432
onehot_ridge,peptide,2,0.5,pearson,0.5553590478811968
onehot_ridge,peptide,2,0.5,rmse_log1p,0.8904363028999789
onehot_ridge,peptide,2,0.5,auc_2h,0.7794860264373669
onehot_ridge,peptide,2,0.5,auc_6h,0.8024032156804899
onehot_ridge,peptide,2,0.5,macro_allele_spearman,0.2537343886198887
onehot_ridge,peptide,2,1.0,spearman,0.5531349707117088
onehot_ridge,peptide,2,1.0,pearson,0.558677258744751
onehot_ridge,peptide,2,1.0,rmse_log1p,0.8881465727788863
onehot_ridge,peptide,2,1.0,auc_2h,0.780394242572164
onehot_ridge,peptide,2,1.0,auc_6h,0.8042520160963912
onehot_ridge,peptide,2,1.0,macro_allele_spearman,0.25245655671070244
onehot_ridge,peptide,3,0.1,spearman,0.5147750684761255
onehot_ridge,peptide,3,0.1,pearson,0.5203399019845406
onehot_ridge,peptide,3,0.1,rmse_log1p,0.95132937129545
onehot_ridge,peptide,3,0.1,auc_2h,0.7642533379489147
onehot_ridge,peptide,3,0.1,auc_6h,0.7949605062092417
onehot_ridge,peptide,3,0.1,macro_allele_spearman,0.21639685169437378
onehot_ridge,peptide,3,0.25,spearman,0.5282238524595251
onehot_ridge,peptide,3,0.25,pearson,0.5314136323035732
onehot_ridge,peptide,3,0.25,rmse_log1p,0.9418761152147674
onehot_ridge,peptide,3,0.25,auc_2h,0.7695243525183431
onehot_ridge,peptide,3,0.25,auc_6h,0.799801788007457
onehot_ridge,peptide,3,0.25,macro_allele_spearman,0.2193644887527001
onehot_ridge,peptide,3,0.5,spearman,0.5436814280718177
onehot_ridge,peptide,3,0.5,pearson,0.5459857024948311
onehot_ridge,peptide,3,0.5,rmse_log1p,0.9304854341499573
onehot_ridge,peptide,3,0.5,auc_2h,0.778414896905403
onehot_ridge,peptide,3,0.5,auc_6h,0.8053774824753883
onehot_ridge,peptide,3,0.5,macro_allele_spearman,0.2515394084156129
onehot_ridge,peptide,3,1.0,spearman,0.5490540130289735
onehot_ridge,peptide,3,1.0,pearson,0.5509641653078536
onehot_ridge,peptide,3,1.0,rmse_log1p,0.9249283087372326
onehot_ridge,peptide,3,1.0,auc_2h,0.7813444393747051
onehot_ridge,peptide,3,1.0,auc_6h,0.8073075042814405
onehot_ridge,peptide,3,1.0,macro_allele_spearman,0.2474565721198478
onehot_ridge,peptide,4,0.1,spearman,0.526813698993011
onehot_ridge,peptide,4,0.1,pearson,0.5238242171124303
onehot_ridge,peptide,4,0.1,rmse_log1p,0.9287605753775507
onehot_ridge,peptide,4,0.1,auc_2h,0.7719725205408873
onehot_ridge,peptide,4,0.1,auc_6h,0.7915809379224013
onehot_ridge,peptide,4,0.1,macro_allele_spearman,0.21234752466608406
onehot_ridge,peptide,4,0.25,spearman,0.547787107710053
onehot_ridge,peptide,4,0.25,pearson,0.5450976006236677
onehot_ridge,peptide,4,0.25,rmse_log1p,0.9134638691780623
onehot_ridge,peptide,4,0.25,auc_2h,0.7828426347527065
onehot_ridge,peptide,4,0.25,auc_6h,0.8033867200533866
onehot_ridge,peptide,4,0.25,macro_allele_spearman,0.24206586878339179
onehot_ridge,peptide,4,0.5,spearman,0.5582758941457927
onehot_ridge,peptide,4,0.5,pearson,0.5569066320341272
onehot_ridge,peptide,4,0.5,rmse_log1p,0.9045351929104158
onehot_ridge,peptide,4,0.5,auc_2h,0.7872832022537061
onehot_ridge,peptide,4,0.5,auc_6h,0.806629985491774
onehot_ridge,peptide,4,0.5,macro_allele_spearman,0.23761748800650936
onehot_ridge,peptide,4,1.0,spearman,0.565243997488525
onehot_ridge,peptide,4,1.0,pearson,0.5643024437256428
onehot_ridge,peptide,4,1.0,rmse_log1p,0.8989821300077806
onehot_ridge,peptide,4,1.0,auc_2h,0.7912804889576242
onehot_ridge,peptide,4,1.0,auc_6h,0.8095732465651165
onehot_ridge,peptide,4,1.0,macro_allele_spearman,0.2558747808606004
