arm,allele,fold,rows,spearman,pearson,rmse_log1p,auc_2h,auc_6h,n_train_rows,n_test_rows,n_fold_train_rows,nearest_train_allele,nearest_train_allele_rows,max_identity_to_train_allele
blosum_nn,HLA-A*01:01,2,220,-0.10577032211183023,-0.12011559653325132,1.742781594413426,0.47647758152173914,0.43991873065015485,0,220,21409,HLA-A*11:01,577,0.7352941176470589
blosum_nn,HLA-A*02:01,3,1023,0.6194211854072141,0.6243637839199311,0.9068903526189681,0.7953806299581159,0.8149177714707826,0,1023,21704,HLA-A*02:12,372,0.9705882352941176
blosum_nn,HLA-A*02:03,1,379,0.6069925182967013,0.6071617575737429,1.1005150486420991,0.7865205193449467,0.8072716111390144,0,379,20511,HLA-A*02:01,1023,0.9411764705882352
blosum_nn,HLA-A*02:05,1,21,0.18642417352175847,0.15723174162978965,1.0402759713984577,0.611111111111111,0.6727272727272728,0,21,20511,HLA-A*02:50,375,0.9411764705882352
blosum_nn,HLA-A*02:10,1,370,0.34694500468064243,0.33955563468818256,1.469801294731666,0.6879551327225746,0.6933811381770889,0,370,20511,HLA-A*02:01,1023,0.9411764705882352
blosum_nn,HLA-A*02:11,2,379,0.5522195560389334,0.5475414649097999,0.8256056119285967,0.8051537070524413,0.7631594724220624,0,379,21409,HLA-A*02:01,1023,0.9411764705882352
blosum_nn,HLA-A*02:12,4,372,0.8886533268074996,0.8796525571351043,0.5510098007210881,0.9493692178301093,0.9443825804315767,0,372,21621,HLA-A*02:01,1023,0.9705882352941176
blosum_nn,HLA-A*02:16,0,373,0.6769860405303945,0.6747696628448462,0.7983711591946101,0.8397218600608432,0.8300735744941754,0,373,22879,HLA-A*02:01,1023,0.9705882352941176
blosum_nn,HLA-A*02:19,3,354,0.7045628946096004,0.7048107013181126,0.9076961867272112,0.8307807526680396,0.8425846035854664,0,354,21704,HLA-A*02:12,372,0.9705882352941176
blosum_nn,HLA-A*02:50,4,375,0.7644301867437578,0.7342292337186022,0.6582079526455387,0.8944509293346503,0.8793920972644377,0,375,21621,HLA-A*02:01,1023,0.9411764705882352
blosum_nn,HLA-A*03:01,1,861,0.4526649898403054,0.3266893943478565,1.4015026765667051,0.714508527447191,0.7206534276462986,0,861,20511,HLA-A*30:01,386,0.8823529411764706
blosum_nn,HLA-A*11:01,1,577,0.3883629976782592,0.2622509000921473,1.9293674152904865,0.7056592474298833,0.7031317598423305,0,577,20511,HLA-A*30:01,386,0.8235294117647058
blosum_nn,HLA-A*23:01,4,372,0.862271375752636,0.8495952139474182,0.6786417266067901,0.9341689560439561,0.9336272780717225,0,372,21621,HLA-A*24:02,573,0.9705882352941176
blosum_nn,HLA-A*24:02,3,573,0.7349835149392776,0.7750595132938428,0.8338067650176126,0.8721904574132493,0.9025133282559025,0,573,21704,HLA-A*24:03,512,0.9705882352941176
blosum_nn,HLA-A*24:03,2,512,0.7134771695459856,0.7424971200348774,0.8008156386918127,0.8373275915870936,0.864682616870907,0,512,21409,HLA-A*24:02,573,0.9705882352941176
blosum_nn,HLA-A*24:07,2,352,0.7936590638348632,0.7693827799366432,0.7294507428249281,0.8941624693271342,0.8673153471915082,0,352,21409,HLA-A*24:02,573,0.9705882352941176
blosum_nn,HLA-A*24:19,3,378,0.30000869935383756,0.27942770876322964,0.983067436107728,0.6401541349669005,0.6715440893338467,0,378,21704,HLA-A*24:07,352,0.8823529411764706
blosum_nn,HLA-A*25:01,3,363,0.3504921883945927,0.4244596724082221,0.9417953745135287,0.7618778280542987,0.7786830056558041,0,363,21704,HLA-A*26:01,272,0.8823529411764706
blosum_nn,HLA-A*26:01,2,272,0.5438828802723864,0.6151462445953579,0.8210320677656169,0.8459507582734697,0.8286713286713286,0,272,21409,HLA-A*43:01,359,0.9411764705882352
blosum_nn,HLA-A*26:02,2,343,0.5863087656993996,0.6947789269737482,0.9077536362957807,0.7963524738172626,0.862349313148304,0,343,21409,HLA-A*43:01,359,0.9117647058823528
blosum_nn,HLA-A*26:03,3,341,0.4263955980203853,0.5010763757404528,0.8640815315971826,0.753927203065134,0.7588724741042622,0,341,21704,HLA-A*66:01,382,0.9411764705882352
blosum_nn,HLA-A*29:02,4,383,0.48730709049521814,0.4966007102937499,1.1408933814052677,0.7390642303433,0.7596742068573056,0,383,21621,HLA-A*68:01,387,0.8235294117647058
blosum_nn,HLA-A*30:01,0,386,0.5338768180991632,0.46252723449472716,1.0279991133946114,0.7316147082334133,0.7394703656998739,0,386,22879,HLA-A*03:01,861,0.8823529411764706
blosum_nn,HLA-A*30:02,4,367,0.2682445859870949,0.37114748158319355,1.0372658908177335,0.6254111254111254,0.6707097933513029,0,367,21621,HLA-A*30:01,386,0.8823529411764706
blosum_nn,HLA-A*31:01,4,382,0.4353992174012508,0.5138513239469042,1.3660856244983288,0.7055426613616269,0.7221126255380201,0,382,21621,HLA-A*74:01,361,0.9411764705882352
blosum_nn,HLA-A*32:01,3,32,0.691978548946674,0.7946927562820412,0.9990727745690686,0.9004329004329005,0.9375,0,32,21704,HLA-A*32:07,364,0.9705882352941176
blosum_nn,HLA-A*32:07,0,364,0.4615684757826403,0.5090974101921928,1.156833297368439,0.7664616085668717,0.7736415247364153,0,364,22879,HLA-A*32:01,32,0.9705882352941176
blosum_nn,HLA-A*33:03,0,371,-0.39465199638225656,-0.3248937713194524,1.5551832636053702,0.2958879980563654,0.34455016631855806,0,371,22879,HLA-A*31:01,382,0.9411764705882352
blosum_nn,HLA-A*43:01,0,359,0.25214478265693074,0.2403257124872214,0.7075755554827209,0.6898268398268398,0.6650374714890844,0,359,22879,HLA-A*26:01,272,0.9411764705882352
blosum_nn,HLA-A*66:01,2,382,0.46078983489405334,0.3493922248915995,0.5896898142006446,0.7621428571428571,0.733957219251337,0,382,21409,HLA-A*26:03,341,0.9411764705882352
blosum_nn,HLA-A*68:01,0,387,0.08187278776001805,0.04444155395651689,1.3877751361506654,0.5287490287490286,0.5071080139372822,0,387,22879,HLA-A*68:23,369,0.9705882352941176
blosum_nn,HLA-A*68:02,0,16,0.25792251680754874,0.2921484588640536,0.7137405111830238,0.6785714285714286,0.4,0,16,22879,HLA-A*68:23,369,0.9411764705882352
blosum_nn,HLA-A*68:23,2,369,0.17734696383739473,0.1373635957629958,0.8721646779315461,0.5985783763561541,0.6238872403560831,0,369,21409,HLA-A*68:01,387,0.9705882352941176
blosum_nn,HLA-A*69:01,0,15,-0.06740879639275985,-0.1847146257892198,0.5558699416400171,0.4230769230769231,,0,15,22879,HLA-A*68:23,369,0.8823529411764706
blosum_nn,HLA-A*74:01,0,361,0.2325887305202607,0.17144328362029204,1.5566359767681122,0.5990974396758151,0.5483516483516484,0,361,22879,HLA-A*31:01,382,0.9411764705882352
blosum_nn,HLA-A*80:01,2,351,0.3384562258509188,0.4630831502417405,0.3834552265704186,0.857691024357691,0.8112391930835734,0,351,21409,HLA-A*03:01,861,0.7647058823529411
blosum_nn,HLA-B*07:02,4,647,0.630365143548534,0.6147167579289661,0.8326710478893851,0.8146587086717533,0.8014614908753479,0,647,21621,HLA-B*42:02,376,0.8529411764705882
blosum_nn,HLA-B*08:01,3,465,0.07241975119697935,0.0932447457953762,0.6373851310332769,0.7411038489469862,,0,465,21704,HLA-B*42:01,350,0.8823529411764706
blosum_nn,HLA-B*08:03,3,350,0.09929300175670588,0.17556314654033345,0.6361662997500623,0.7830771948419007,0.9684813753581661,0,350,21704,HLA-B*42:01,350,0.7647058823529411
blosum_nn,HLA-B*13:02,3,7,0.03706246583305506,0.3103271516497158,0.6869480623947893,0.5,,0,7,21704,HLA-B*40:02,19,0.7647058823529411
blosum_nn,HLA-B*15:01,1,1070,0.026407820751361187,0.023144732112716896,1.4327106394038573,0.5143775755105737,0.4997256443861948,0,1070,20511,HLA-B*35:01,650,0.8235294117647058
blosum_nn,HLA-B*15:02,1,349,-0.2763170019200927,-0.26960221048022176,0.845887244524578,0.3890345569450047,0.395808383233533,0,349,20511,HLA-B*35:01,650,0.9117647058823528
blosum_nn,HLA-B*15:10,0,363,0.3220567798770662,0.3212293379630091,0.6478781601163889,0.6963423050379572,0.7116402116402116,0,363,22879,HLA-B*15:02,349,0.8529411764705882
blosum_nn,HLA-B*15:17,1,362,0.04751685280473778,0.05620444670802012,0.7532825598190646,0.48002385211687537,0.44864341085271314,0,362,20511,HLA-B*57:01,349,0.8235294117647058
blosum_nn,HLA-B*18:01,4,359,0.134458546107748,0.11524069337648209,0.7964849367388348,0.5479862059990891,0.4749034749034749,0,359,21621,HLA-B*35:01,650,0.8235294117647058
blosum_nn,HLA-B*27:02,1,359,0.559649594004258,0.5551439682688133,1.0441456375890075,0.797189146984189,0.763393584106823,0,359,20511,HLA-B*27:05,366,0.9117647058823528
blosum_nn,HLA-B*27:03,3,368,0.20773603436974575,0.14427651105388534,1.1630409853706765,0.5792960217710459,0.5199509803921568,0,368,21704,HLA-B*27:05,366,0.9705882352941176
blosum_nn,HLA-B*27:05,4,366,0.45713434218274474,0.45484171106461546,0.997617846638929,0.721854091610911,0.6903984884919272,0,366,21621,HLA-B*27:03,368,0.9705882352941176
blosum_nn,HLA-B*27:20,0,368,-0.06003243413970285,-0.05054184240791329,0.9134873923247465,0.6001662855955104,0.6650384441429218,0,368,22879,HLA-B*27:05,366,0.8823529411764706
blosum_nn,HLA-B*35:01,2,650,0.5906085001190636,0.6123220020627571,0.5703175838427398,0.8237350904667633,0.8275067059788512,0,650,21409,HLA-B*35:03,376,0.9705882352941176
blosum_nn,HLA-B*35:03,1,376,0.06445596352255552,0.0365785166770373,0.848176962908039,0.5275053304904052,0.4660460021905805,0,376,20511,HLA-B*35:01,650,0.9705882352941176
blosum_nn,HLA-B*35:08,0,27,0.31490469556153183,0.38346892078337846,0.5346212194570078,0.8695652173913043,0.8600000000000001,0,27,22879,HLA-B*35:01,650,0.9705882352941176
blosum_nn,HLA-B*39:01,2,680,0.4130170739208666,0.39249200245856375,1.2667827730960226,0.7482841232841233,0.7735901991957356,0,680,21409,HLA-B*39:10,376,0.9705882352941176
blosum_nn,HLA-B*39:02,2,375,0.209430505823162,0.24786389944023984,2.5219234842826626,0.6256926422108438,0.6965936495176849,0,375,21409,HLA-B*39:10,376,0.9411764705882352
blosum_nn,HLA-B*39:10,1,376,0.34652759364919444,0.3319642869608672,2.034276308828424,0.6130081300813008,0.6410299943406903,0,376,20511,HLA-B*39:01,680,0.9705882352941176
blosum_nn,HLA-B*40:01,1,302,-0.07843091700630202,-0.08827728513731753,0.5153053386100442,0.4267522739432852,,0,302,20511,HLA-B*40:02,19,0.9117647058823528
blosum_nn,HLA-B*40:02,0,19,0.431578947368421,0.40763536993446187,1.6043748775742037,0.7166666666666666,0.7159090909090909,0,19,22879,HLA-B*40:01,302,0.9117647058823528
blosum_nn,HLA-B*41:01,2,368,0.3752117336761328,0.4697656044412108,0.4905460643166531,0.8521776908873683,0.7651098901098902,0,368,21409,HLA-B*45:01,368,0.9117647058823528
blosum_nn,HLA-B*42:01,4,350,0.7831536969247163,0.7606239128194212,1.0314932599895377,0.9256559766763848,0.904002309718864,0,350,21621,HLA-B*42:02,376,0.9705882352941176
blosum_nn,HLA-B*42:02,0,376,0.5649881133812515,0.5595945221454645,0.8377906136083043,0.7692484222604704,0.794303332843929,0,376,22879,HLA-B*42:01,350,0.9705882352941176
blosum_nn,HLA-B*44:05,3,352,0.12702272028492365,0.12178626673257845,1.064343231460363,0.5558759913482336,0.5805540267840763,0,352,21704,HLA-B*45:01,368,0.7941176470588235
blosum_nn,HLA-B*45:01,4,368,0.27282104243729405,0.3685787417129559,0.6485808718094745,0.773524720893142,0.7363550519357885,0,368,21621,HLA-B*41:01,368,0.9117647058823528
blosum_nn,HLA-B*46:01,1,361,0.10199293795916538,0.09131115699386172,0.7427019782104682,0.5756677999028655,0.682466281310212,0,361,20511,HLA-B*07:02,647,0.7058823529411765
blosum_nn,HLA-B*51:01,3,353,0.35844239175670756,0.3571260488120494,0.9503710917702696,0.7047241118669689,0.7396407430087774,0,353,21704,HLA-B*35:01,650,0.7352941176470589
blosum_nn,HLA-B*54:01,4,357,0.6361061426509703,0.7021269695670966,0.618303982282419,0.8397616006811408,0.905865797659606,0,357,21621,HLA-B*56:01,368,0.9411764705882352
blosum_nn,HLA-B*55:01,1,378,0.6647832666454166,0.7951820975424237,0.49032363672389856,0.9335191082802548,0.963701593331223,0,378,20511,HLA-B*54:01,357,0.9411764705882352
blosum_nn,HLA-B*56:01,3,368,0.7693093831560802,0.8353771221409392,0.40299008260537544,0.940292333149476,0.9226824457593688,0,368,21704,HLA-B*54:01,357,0.9411764705882352
blosum_nn,HLA-B*57:01,4,349,0.6365127245728943,0.5644957068979597,0.6832033586908682,0.7887631526702402,0.8315397900890128,0,349,21621,HLA-B*58:01,379,0.9411764705882352
blosum_nn,HLA-B*57:02,4,363,0.6336611620051636,0.6284752820485507,0.7319878840617382,0.8209801409352979,0.8316654078549849,0,363,21621,HLA-B*57:03,369,0.9705882352941176
blosum_nn,HLA-B*57:03,2,369,0.5569729075897218,0.6263072406143328,0.43432820616609086,0.8828704161312643,0.7386678200692041,0,369,21409,HLA-B*57:02,363,0.9705882352941176
blosum_nn,HLA-B*58:01,1,379,0.6258627755756555,0.6338957170065627,0.8295927139657364,0.8125524416848465,0.8465824203187251,0,379,20511,HLA-B*57:01,349,0.9411764705882352
blosum_nn,HLA-B*81:01,0,367,0.1793128966256425,0.13904343835618554,0.7632271175540759,0.5204819277108435,0.31420765027322406,0,367,22879,HLA-B*42:01,350,0.8823529411764706
blosum_ridge,HLA-A*01:01,2,220,-0.1592621596424318,-0.11865604245257337,1.4624573582776048,0.42348845108695654,0.43353328173374617,0,220,21409,HLA-A*11:01,577,0.7352941176470589
blosum_ridge,HLA-A*02:01,3,1023,0.36290662586790307,0.34616764545607137,1.0514734240696815,0.6676619886533293,0.6926985731503441,0,1023,21704,HLA-A*02:12,372,0.9705882352941176
blosum_ridge,HLA-A*02:03,1,379,0.38364217920016014,0.3768326046757301,1.1993058631405569,0.6775298492855746,0.6800881745633127,0,379,20511,HLA-A*02:01,1023,0.9411764705882352
blosum_ridge,HLA-A*02:05,1,21,0.2189022525325178,0.09873401883489645,1.1749506308433963,0.6111111111111112,0.609090909090909,0,21,20511,HLA-A*02:50,375,0.9411764705882352
blosum_ridge,HLA-A*02:10,1,370,0.3524868554744752,0.3462795230850102,1.3440485606601096,0.6826697204604182,0.6666315160462581,0,370,20511,HLA-A*02:01,1023,0.9411764705882352
blosum_ridge,HLA-A*02:11,2,379,0.42258990390808454,0.3852900329248146,1.629439523552737,0.6784709664456499,0.6913669064748202,0,379,21409,HLA-A*02:01,1023,0.9411764705882352
blosum_ridge,HLA-A*02:12,4,372,0.565847052599881,0.5484334827390883,0.9596596021656238,0.7723296888141296,0.7648599030908598,0,372,21621,HLA-A*02:01,1023,0.9705882352941176
blosum_ridge,HLA-A*02:16,0,373,0.4465794662898044,0.4506368882399844,0.9472438944466324,0.7295523685354195,0.7026977314530963,0,373,22879,HLA-A*02:01,1023,0.9705882352941176
blosum_ridge,HLA-A*02:19,3,354,0.40327593756926594,0.38832145786360284,1.516107709018306,0.6807339449541285,0.6664429744671331,0,354,21704,HLA-A*02:12,372,0.9705882352941176
blosum_ridge,HLA-A*02:50,4,375,0.33617001934434537,0.3238652648970085,0.8353671829001421,0.639669569902128,0.6874164133738601,0,375,21621,HLA-A*02:01,1023,0.9411764705882352
blosum_ridge,HLA-A*03:01,1,861,0.3534070293599754,0.24605886203267033,1.4797764385032606,0.6763356276630613,0.6609944551758641,0,861,20511,HLA-A*30:01,386,0.8823529411764706
blosum_ridge,HLA-A*11:01,1,577,0.22367033301945813,0.16810685695721678,1.4965764117396054,0.6221928336161293,0.6086141421910302,0,577,20511,HLA-A*30:01,386,0.8235294117647058
blosum_ridge,HLA-A*23:01,4,372,0.4441333447971253,0.4391294884626988,1.3992749275261696,0.7322115384615384,0.6931804820693709,0,372,21621,HLA-A*24:02,573,0.9705882352941176
blosum_ridge,HLA-A*24:02,3,573,0.4800318005477801,0.4909826572055356,1.423810995570411,0.7470056190851735,0.7604868475013182,0,573,21704,HLA-A*24:03,512,0.9705882352941176
blosum_ridge,HLA-A*24:03,2,512,0.48475900537944744,0.478169569925174,1.0055713765616114,0.7015072083879423,0.7117616546715941,0,512,21409,HLA-A*24:02,573,0.9705882352941176
blosum_ridge,HLA-A*24:07,2,352,0.31772871235327527,0.31380341415510404,1.0930629396658071,0.6501356063541263,0.6380288957688338,0,352,21409,HLA-A*24:02,573,0.9705882352941176
blosum_ridge,HLA-A*24:19,3,378,0.2624846215158875,0.16793504945527976,1.7074281618765323,0.5655567631656951,0.6060839430111666,0,378,21704,HLA-A*24:07,352,0.8823529411764706
blosum_ridge,HLA-A*25:01,3,363,0.11074219678918865,0.14110128419199194,0.9869035672612273,0.5967194570135747,0.6071236197145166,0,363,21704,HLA-A*26:01,272,0.8823529411764706
blosum_ridge,HLA-A*26:01,2,272,0.14864085298521962,0.11223463971461614,1.00633346300565,0.5683060109289618,0.584965034965035,0,272,21409,HLA-A*43:01,359,0.9411764705882352
blosum_ridge,HLA-A*26:02,2,343,0.23602627427280698,0.21768766277040288,1.1104245123891168,0.6457927049476345,0.64624801420428,0,343,21409,HLA-A*43:01,359,0.9117647058823528
blosum_ridge,HLA-A*26:03,3,341,0.26204554956486215,0.24555054896362227,1.585256785203276,0.6352011494252875,0.6771098658515877,0,341,21704,HLA-A*66:01,382,0.9411764705882352
blosum_ridge,HLA-A*29:02,4,383,0.3015525846838088,0.3051515190262766,1.5622781826301455,0.6611849390919158,0.663572343149808,0,383,21621,HLA-A*68:01,387,0.8235294117647058
blosum_ridge,HLA-A*30:01,0,386,0.4664263087471168,0.3464434249422532,1.1945596164613834,0.7083666400213163,0.7003783102143758,0,386,22879,HLA-A*03:01,861,0.8823529411764706
blosum_ridge,HLA-A*30:02,4,367,0.21877134277895513,0.2114887077726762,0.9035485887252492,0.6219076219076219,0.5635990245154665,0,367,21621,HLA-A*30:01,386,0.8823529411764706
blosum_ridge,HLA-A*31:01,4,382,0.4045256374001797,0.41042301366357326,1.3385539153791635,0.6953194076038902,0.722710425633668,0,382,21621,HLA-A*74:01,361,0.9411764705882352
blosum_ridge,HLA-A*32:01,3,32,0.4268794342864445,0.586334677323907,1.41081710703303,0.7965367965367965,0.8333333333333333,0,32,21704,HLA-A*32:07,364,0.9705882352941176
blosum_ridge,HLA-A*32:07,0,364,0.19749051161033693,0.2517909322961119,1.2847177494350306,0.6441753734986817,0.6541362530413626,0,364,22879,HLA-A*32:01,32,0.9705882352941176
blosum_ridge,HLA-A*33:03,0,371,-0.2773029254659889,-0.17087894962669198,1.4645921161040438,0.35377186588921283,0.37943838477605013,0,371,22879,HLA-A*31:01,382,0.9411764705882352
blosum_ridge,HLA-A*43:01,0,359,0.13623556562310174,0.0874158198526371,1.570054793381713,0.6188311688311688,0.5454545454545454,0,359,22879,HLA-A*26:01,272,0.9411764705882352
blosum_ridge,HLA-A*66:01,2,382,0.10542932269858284,0.21117976557204327,0.6570813254468018,0.5890178571428571,0.5518048128342246,0,382,21409,HLA-A*26:03,341,0.9411764705882352
blosum_ridge,HLA-A*68:01,0,387,-0.07481008738990981,-0.05095959155000794,1.3791575669681502,0.45718170718170714,0.4367247386759582,0,387,22879,HLA-A*68:23,369,0.9705882352941176
blosum_ridge,HLA-A*68:02,0,16,-0.004421528859557979,0.13971602482693923,0.7303141915065406,0.75,0.5333333333333333,0,16,22879,HLA-A*68:23,369,0.9411764705882352
blosum_ridge,HLA-A*68:23,2,369,0.09751537567430346,0.09506450118158201,0.8103414021697949,0.5782828282828283,0.5683419881305638,0,369,21409,HLA-A*68:01,387,0.9705882352941176
blosum_ridge,HLA-A*69:01,0,15,-0.08016181192652523,-0.11699834858851221,0.5913742973151158,0.23076923076923078,,0,15,22879,HLA-A*68:23,369,0.8823529411764706
blosum_ridge,HLA-A*74:01,0,361,0.2410658806217911,0.24407457565322543,1.4533062603975964,0.6095966107938847,0.5866466866466866,0,361,22879,HLA-A*31:01,382,0.9411764705882352
blosum_ridge,HLA-A*80:01,2,351,0.2643277438527532,0.2820199367505342,1.3600376931779596,0.7744411077744411,0.7334293948126801,0,351,21409,HLA-A*03:01,861,0.7647058823529411
blosum_ridge,HLA-B*07:02,4,647,0.30014370254363654,0.287078010473547,0.7608866977380795,0.6353064238247601,0.6587792555933601,0,647,21621,HLA-B*42:02,376,0.8529411764705882
blosum_ridge,HLA-B*08:01,3,465,0.07005636403179501,0.08828814822643395,1.5869370210801257,0.6568627450980392,,0,465,21704,HLA-B*42:01,350,0.8823529411764706
blosum_ridge,HLA-B*08:03,3,350,0.05318905716055431,0.11642820251947959,0.7425804977120966,0.721250662427133,0.7707736389684814,0,350,21704,HLA-B*42:01,350,0.7647058823529411
blosum_ridge,HLA-B*13:02,3,7,0.630061919161936,0.4754226873477242,0.6935865729109068,0.75,,0,7,21704,HLA-B*40:02,19,0.7647058823529411
blosum_ridge,HLA-B*15:01,1,1070,0.06491892782628818,0.04538173547534188,0.9104630949322411,0.5341495720690124,0.5286011358671908,0,1070,20511,HLA-B*35:01,650,0.8235294117647058
blosum_ridge,HLA-B*15:02,1,349,-0.06869274518357155,-0.05193744553335562,0.9997272586208255,0.47603200215140506,0.560878243512974,0,349,20511,HLA-B*35:01,650,0.9117647058823528
blosum_ridge,HLA-B*15:10,0,363,0.24295006785132078,0.22976876579964725,0.7949957470071163,0.6252587991718427,0.594541910331384,0,363,22879,HLA-B*15:02,349,0.8529411764705882
blosum_ridge,HLA-B*15:17,1,362,-0.06168608934350439,-0.05346220436617198,1.456217122321312,0.48322898032200357,0.4421834625322997,0,362,20511,HLA-B*57:01,349,0.8235294117647058
blosum_ridge,HLA-B*18:01,4,359,-0.01748611327974185,-0.0012477177000308898,1.2804514246201488,0.48023618973257853,0.5419254658385093,0,359,21621,HLA-B*35:01,650,0.8235294117647058
blosum_ridge,HLA-B*27:02,1,359,0.06374964960508914,0.08869290547376002,1.287879911487134,0.5462619558852235,0.6016935352548444,0,359,20511,HLA-B*27:05,366,0.9117647058823528
blosum_ridge,HLA-B*27:03,3,368,0.6755018194536407,0.6769323379756989,0.8746364565056164,0.8617108891037347,0.8924509803921569,0,368,21704,HLA-B*27:05,366,0.9705882352941176
blosum_ridge,HLA-B*27:05,4,366,0.5764447698861854,0.5820275222765262,0.8839693545772397,0.8073854863612969,0.8174166952937135,0,366,21621,HLA-B*27:03,368,0.9705882352941176
blosum_ridge,HLA-B*27:20,0,368,-0.16145110755674044,-0.10966401693054957,0.9745278283114348,0.5581376013302848,0.6072365445499773,0,368,22879,HLA-B*27:05,366,0.8823529411764706
blosum_ridge,HLA-B*35:01,2,650,0.19230476499326526,0.19184383672033595,0.7715619154269009,0.6127707354548946,0.5599991132589949,0,650,21409,HLA-B*35:03,376,0.9705882352941176
blosum_ridge,HLA-B*35:03,1,376,-0.11269423134050721,-0.1058664309337325,1.2331538905940482,0.4814214641080313,0.35898138006571745,0,376,20511,HLA-B*35:01,650,0.9705882352941176
blosum_ridge,HLA-B*35:08,0,27,0.18073323967052898,0.17053403966087535,0.6998002993922136,0.5543478260869565,0.38,0,27,22879,HLA-B*35:01,650,0.9705882352941176
blosum_ridge,HLA-B*39:01,2,680,0.23660661046811388,0.20737685511434767,0.8631190332176449,0.6394554519554521,0.663299978178871,0,680,21409,HLA-B*39:10,376,0.9705882352941176
blosum_ridge,HLA-B*39:02,2,375,-0.08838784478884973,-0.06498437528129929,1.3446674845141273,0.43255944448341166,0.4684987942122186,0,375,21409,HLA-B*39:10,376,0.9411764705882352
blosum_ridge,HLA-B*39:10,1,376,0.2783719025951527,0.27484563755432184,1.739265865392975,0.6344903064415259,0.6008771929824561,0,376,20511,HLA-B*39:01,680,0.9705882352941176
blosum_ridge,HLA-B*40:01,1,302,-0.024145831254940235,-0.06067289442709528,1.3190141480090412,0.4924558587479936,,0,302,20511,HLA-B*40:02,19,0.9117647058823528
blosum_ridge,HLA-B*40:02,0,19,0.45964912280701753,0.47840215278493603,1.540233414490333,0.7666666666666667,0.7272727272727273,0,19,22879,HLA-B*40:01,302,0.9117647058823528
blosum_ridge,HLA-B*41:01,2,368,0.39387169340884726,0.39247336577375697,1.6950830953171783,0.8426197458455523,0.929945054945055,0,368,21409,HLA-B*45:01,368,0.9117647058823528
blosum_ridge,HLA-B*42:01,4,350,0.31298273300815427,0.3312923817754455,1.2752679741352404,0.6918731778425655,0.6496445198311018,0,350,21621,HLA-B*42:02,376,0.9705882352941176
blosum_ridge,HLA-B*42:02,0,376,0.268956079012014,0.2619154421378083,1.0261918202909832,0.6236947791164659,0.629202760240787,0,376,22879,HLA-B*42:01,350,0.9705882352941176
blosum_ridge,HLA-B*44:05,3,352,0.08694826789264712,0.08913454527844125,1.5405405328316413,0.5236721941840904,0.5855072463768116,0,352,21704,HLA-B*45:01,368,0.7941176470588235
blosum_ridge,HLA-B*45:01,4,368,0.20438062867993076,0.16453878329144447,0.7508346829775876,0.6755183413078151,0.5448536355051936,0,368,21621,HLA-B*41:01,368,0.9117647058823528
blosum_ridge,HLA-B*46:01,1,361,0.07107666532400035,0.03634913623125435,0.6792202593586261,0.5055852355512385,0.5021194605009633,0,361,20511,HLA-B*07:02,647,0.7058823529411765
blosum_ridge,HLA-B*51:01,3,353,0.012883205430440131,0.06718052213446134,1.12591828845072,0.5520408163265306,0.5713921208409879,0,353,21704,HLA-B*35:01,650,0.7352941176470589
blosum_ridge,HLA-B*54:01,4,357,0.11300772430179977,0.14991490313778918,0.9979581712809954,0.6030651340996169,0.6002814397866982,0,357,21621,HLA-B*56:01,368,0.9411764705882352
blosum_ridge,HLA-B*55:01,1,378,0.37742776159428987,0.3636427377583477,0.8220565277180151,0.7560708598726114,0.6911469874432837,0,378,20511,HLA-B*54:01,357,0.9411764705882352
blosum_ridge,HLA-B*56:01,3,368,0.2515750869471436,0.3118504744088553,0.8765432541603108,0.6907519764662621,0.7480276134122288,0,368,21704,HLA-B*54:01,357,0.9411764705882352
blosum_ridge,HLA-B*57:01,4,349,0.527018328973311,0.43371839197854944,0.7520080396298124,0.7279630732578917,0.7788959744918293,0,349,21621,HLA-B*58:01,379,0.9411764705882352
blosum_ridge,HLA-B*57:02,4,363,0.3309949234790538,0.3408511616216145,0.7126746808668942,0.6506726457399103,0.7479229607250755,0,363,21621,HLA-B*57:03,369,0.9705882352941176
blosum_ridge,HLA-B*57:03,2,369,0.46966108702415227,0.43700164060727165,0.5228895317053727,0.7039636255807057,0.7635380622837371,0,369,21409,HLA-B*57:02,363,0.9705882352941176
blosum_ridge,HLA-B*58:01,1,379,0.5126216294963686,0.5170293585628838,1.0770998026309526,0.7754377132628516,0.7922061752988049,0,379,20511,HLA-B*57:01,349,0.9411764705882352
blosum_ridge,HLA-B*81:01,0,367,0.07819142374090284,0.0807339162136887,1.7354477298503082,0.5876075731497419,0.2103825136612022,0,367,22879,HLA-B*42:01,350,0.8823529411764706
esm2_complex,HLA-A*01:01,2,220,-0.10194983903332151,-0.08384670400170913,1.4785667470359263,0.45499320652173914,0.44910990712074295,0,220,21409,HLA-A*11:01,577,0.7352941176470589
esm2_complex,HLA-A*02:01,3,1023,0.3707261402818259,0.3696967506366231,1.0584035461951748,0.6655274265008514,0.7002604875393645,0,1023,21704,HLA-A*02:12,372,0.9705882352941176
esm2_complex,HLA-A*02:03,1,379,0.4232415801860333,0.4175019504563957,1.1576199927809119,0.7008220786846742,0.6846643227858698,0,379,20511,HLA-A*02:01,1023,0.9411764705882352
esm2_complex,HLA-A*02:05,1,21,-0.005846054221936676,-0.003385253230774543,1.0490982700357916,0.4777777777777778,0.5727272727272728,0,21,20511,HLA-A*02:50,375,0.9411764705882352
esm2_complex,HLA-A*02:10,1,370,0.33948149389870697,0.31657697397322876,1.1530706765666205,0.6734789758045572,0.6674048296952442,0,370,20511,HLA-A*02:01,1023,0.9411764705882352
esm2_complex,HLA-A*02:11,2,379,0.33840790868552156,0.3124946122060774,1.020007435106283,0.6625979505726342,0.6552158273381296,0,379,21409,HLA-A*02:01,1023,0.9411764705882352
esm2_complex,HLA-A*02:12,4,372,0.573333886130787,0.5575472767508638,1.0222688520467769,0.7725399495374263,0.7656123032473591,0,372,21621,HLA-A*02:01,1023,0.9705882352941176
esm2_complex,HLA-A*02:16,0,373,0.40612995088698445,0.3896588114368176,1.033229155343261,0.7023468057366363,0.6959840588595954,0,373,22879,HLA-A*02:01,1023,0.9705882352941176
esm2_complex,HLA-A*02:19,3,354,0.3993718473334161,0.412601896679288,1.0444071233551613,0.6771391125257443,0.6560892212315853,0,354,21704,HLA-A*02:12,372,0.9705882352941176
esm2_complex,HLA-A*02:50,4,375,0.36613841045255663,0.3534025804395269,0.9044602840247198,0.6837119511538117,0.7021580547112463,0,375,21621,HLA-A*02:01,1023,0.9411764705882352
esm2_complex,HLA-A*03:01,1,861,0.26430338216956983,0.19338706676960282,1.3073396266465858,0.6355236835859357,0.6164482552564654,0,861,20511,HLA-A*30:01,386,0.8823529411764706
esm2_complex,HLA-A*11:01,1,577,0.12683178781545235,0.09202921759723144,1.7598950758038707,0.570116778121569,0.5701100802768831,0,577,20511,HLA-A*30:01,386,0.8235294117647058
esm2_complex,HLA-A*23:01,4,372,0.44902726054189956,0.43485873603885306,1.2660504257696352,0.730425824175824,0.7130511463844799,0,372,21621,HLA-A*24:02,573,0.9705882352941176
esm2_complex,HLA-A*24:02,3,573,0.5049671236841218,0.5081250989948161,0.9861207867059851,0.7517621253943217,0.7572792782236804,0,573,21704,HLA-A*24:03,512,0.9705882352941176
esm2_complex,HLA-A*24:03,2,512,0.46391245468516873,0.46085587819667667,1.1174014049208119,0.6912719216126818,0.7106107761135967,0,512,21409,HLA-A*24:02,573,0.9705882352941176
esm2_complex,HLA-A*24:07,2,352,0.2836680840600351,0.2698436091437898,1.0465693531939466,0.6213031124886995,0.6142562288073123,0,352,21409,HLA-A*24:02,573,0.9705882352941176
esm2_complex,HLA-A*24:19,3,378,0.20700843160303892,0.12985402544052307,1.4672992169679366,0.5704969864637882,0.5125144397381595,0,378,21704,HLA-A*24:07,352,0.8823529411764706
esm2_complex,HLA-A*25:01,3,363,0.039156823324007384,0.0569726978502062,1.020657958338126,0.5233516483516484,0.5298949636412604,0,363,21704,HLA-A*26:01,272,0.8823529411764706
esm2_complex,HLA-A*26:01,2,272,0.11459816095718516,0.08449018608314572,1.0244684257911785,0.535826118990606,0.5446678321678322,0,272,21409,HLA-A*43:01,359,0.9411764705882352
esm2_complex,HLA-A*26:02,2,343,0.13282057484342608,0.15800618439776487,1.1563612482075072,0.5784398699891657,0.6212503504345388,0,343,21409,HLA-A*43:01,359,0.9117647058823528
esm2_complex,HLA-A*26:03,3,341,0.23508726613826797,0.207881402097795,0.9343062282277215,0.6010057471264367,0.6381389030395652,0,341,21704,HLA-A*66:01,382,0.9411764705882352
esm2_complex,HLA-A*29:02,4,383,0.17078405750839645,0.19464338660744987,1.036874172369485,0.5980343300110742,0.6091549295774648,0,383,21621,HLA-A*68:01,387,0.8235294117647058
esm2_complex,HLA-A*30:01,0,386,0.41280110314427276,0.34268039764919583,1.3291543031691162,0.701605382360778,0.7077931904161413,0,386,22879,HLA-A*03:01,861,0.8823529411764706
esm2_complex,HLA-A*30:02,4,367,0.19597018607926164,0.16094550274969477,0.8504219455624189,0.6017446017446018,0.5251572327044025,0,367,21621,HLA-A*30:01,386,0.8823529411764706
esm2_complex,HLA-A*31:01,4,382,0.372105578367382,0.3662604588728592,1.3364740120820862,0.6941036693191865,0.7065100430416069,0,382,21621,HLA-A*74:01,361,0.9411764705882352
esm2_complex,HLA-A*32:01,3,32,0.4070245768777726,0.571319216939301,1.2626617207373028,0.7922077922077921,0.7812500000000001,0,32,21704,HLA-A*32:07,364,0.9705882352941176
esm2_complex,HLA-A*32:07,0,364,0.16034852632331978,0.23628057652847942,1.3186533895661383,0.64931810044592,0.6405109489051095,0,364,22879,HLA-A*32:01,32,0.9705882352941176
esm2_complex,HLA-A*33:03,0,371,-0.26739488108962506,-0.19572856150109247,1.639136216951992,0.34642249757045673,0.3765374796936644,0,371,22879,HLA-A*31:01,382,0.9411764705882352
esm2_complex,HLA-A*43:01,0,359,0.025773305971035627,0.05713207211635932,0.8381012184410722,0.6036075036075036,0.5868361029651352,0,359,22879,HLA-A*26:01,272,0.9411764705882352
esm2_complex,HLA-A*66:01,2,382,0.15316057212852255,0.2193822011435228,0.7745729516819092,0.6561607142857143,0.7025401069518717,0,382,21409,HLA-A*26:03,341,0.9411764705882352
esm2_complex,HLA-A*68:01,0,387,-0.08977421447718208,-0.10279480466939596,1.4801874298257591,0.4598179598179598,0.4114634146341463,0,387,22879,HLA-A*68:23,369,0.9705882352941176
esm2_complex,HLA-A*68:02,0,16,-0.09285210605071754,-0.026881850989512207,0.8542204272391876,0.5714285714285714,0.2666666666666667,0,16,22879,HLA-A*68:23,369,0.9411764705882352
esm2_complex,HLA-A*68:23,2,369,0.08979833414453857,0.09676567686395643,0.840303645710069,0.5875888514777404,0.5877225519287833,0,369,21409,HLA-A*68:01,387,0.9705882352941176
esm2_complex,HLA-A*69:01,0,15,-0.14574874895731857,-0.13745286616677474,0.9632743534909064,0.1923076923076923,,0,15,22879,HLA-A*68:23,369,0.8823529411764706
esm2_complex,HLA-A*74:01,0,361,0.3025033955675245,0.294784191790319,1.4386986193452556,0.6482470682139129,0.6256410256410256,0,361,22879,HLA-A*31:01,382,0.9411764705882352
esm2_complex,HLA-A*80:01,2,351,0.17173118473638205,0.18066849949257568,0.7302845015690255,0.6336336336336337,0.7168587896253602,0,351,21409,HLA-A*03:01,861,0.7647058823529411
esm2_complex,HLA-B*07:02,4,647,0.23431165661850725,0.23801107982985353,0.9471097252955766,0.5919374025760932,0.639550469120528,0,647,21621,HLA-B*42:02,376,0.8529411764705882
esm2_complex,HLA-B*08:01,3,465,0.13236395934194145,0.10491853930042086,0.8069057421059822,0.4288307915758896,,0,465,21704,HLA-B*42:01,350,0.8823529411764706
esm2_complex,HLA-B*08:03,3,350,0.028014781586676356,0.077536697614481,0.7460080906001421,0.6378731672849319,0.22063037249283668,0,350,21704,HLA-B*42:01,350,0.7647058823529411
esm2_complex,HLA-B*13:02,3,7,0.14824986333222023,0.3601479382258151,0.6517112267666965,0.5,,0,7,21704,HLA-B*40:02,19,0.7647058823529411
esm2_complex,HLA-B*15:01,1,1070,-0.012484589117779091,-0.03804297161331013,1.4257767478301933,0.4858318616130055,0.49504237658366096,0,1070,20511,HLA-B*35:01,650,0.8235294117647058
esm2_complex,HLA-B*15:02,1,349,-0.17781174388669294,-0.1620419015474287,0.7713840695436482,0.4164985881403792,0.47145708582834334,0,349,20511,HLA-B*35:01,650,0.9117647058823528
esm2_complex,HLA-B*15:10,0,363,0.1836282276826938,0.1576836527697134,0.7055152590247531,0.593266292024056,0.5559732664995822,0,363,22879,HLA-B*15:02,349,0.8529411764705882
esm2_complex,HLA-B*15:17,1,362,-0.08504099158713022,-0.07775319237198743,0.8263668833059122,0.4644081693500298,0.4142441860465116,0,362,20511,HLA-B*57:01,349,0.8235294117647058
esm2_complex,HLA-B*18:01,4,359,-0.10652332863959704,-0.0872404898886775,0.7789677055707276,0.45308738369444984,0.47364445190532145,0,359,21621,HLA-B*35:01,650,0.8235294117647058
esm2_complex,HLA-B*27:02,1,359,0.10111038891459011,0.10081682412599105,1.2617741887299803,0.5543301450972737,0.5824784237094935,0,359,20511,HLA-B*27:05,366,0.9117647058823528
esm2_complex,HLA-B*27:03,3,368,0.35012322920383526,0.3903248039066386,1.0697149326593494,0.6955634332366527,0.7650980392156863,0,368,21704,HLA-B*27:05,366,0.9705882352941176
esm2_complex,HLA-B*27:05,4,366,0.4441334134240592,0.4892405239019911,0.9328264877692388,0.7340774575398867,0.7790278254895224,0,366,21621,HLA-B*27:03,368,0.9705882352941176
esm2_complex,HLA-B*27:20,0,368,-0.17052021417245464,-0.13410395183624121,0.9985242921803288,0.4892537933901475,0.5045680687471732,0,368,22879,HLA-B*27:05,366,0.8823529411764706
esm2_complex,HLA-B*35:01,2,650,0.13850252931322982,0.12212823940607048,0.7684811903931108,0.5851136128593801,0.5501784566272806,0,650,21409,HLA-B*35:03,376,0.9705882352941176
esm2_complex,HLA-B*35:03,1,376,-0.09206628617602831,-0.08667756813594532,0.745183235572368,0.4728358208955224,0.38923877327491785,0,376,20511,HLA-B*35:01,650,0.9705882352941176
esm2_complex,HLA-B*35:08,0,27,-0.05360731685142808,-0.13670104707155994,0.6735929962787729,0.44565217391304346,0.31999999999999995,0,27,22879,HLA-B*35:01,650,0.9705882352941176
esm2_complex,HLA-B*39:01,2,680,0.058789418935869704,0.038759479167964954,0.8327340688579683,0.508029008029008,0.5502353564637301,0,680,21409,HLA-B*39:10,376,0.9705882352941176
esm2_complex,HLA-B*39:02,2,375,-0.03845736431314067,-0.03814338534302342,0.9851559029427346,0.4274742231886091,0.48563102893890675,0,375,21409,HLA-B*39:10,376,0.9411764705882352
esm2_complex,HLA-B*39:10,1,376,0.3069085657110703,0.296321390188957,1.4351211940424782,0.6444965603502189,0.6061969439728354,0,376,20511,HLA-B*39:01,680,0.9705882352941176
esm2_complex,HLA-B*40:01,1,302,-0.05180817067507999,-0.07406813594062889,0.4736128549246728,0.5020866773675763,,0,302,20511,HLA-B*40:02,19,0.9117647058823528
esm2_complex,HLA-B*40:02,0,19,0.45438596491228067,0.45973559504029515,1.406256575389782,0.8166666666666667,0.6704545454545455,0,19,22879,HLA-B*40:01,302,0.9117647058823528
esm2_complex,HLA-B*41:01,2,368,0.3571720928819855,0.34603455878336675,0.9963401835579313,0.7631150211795373,0.7898351648351648,0,368,21409,HLA-B*45:01,368,0.9117647058823528
esm2_complex,HLA-B*42:01,4,350,0.2725454248642668,0.27408635616038823,1.722705293871515,0.6453474246841594,0.61590097080371,0,350,21621,HLA-B*42:02,376,0.9705882352941176
esm2_complex,HLA-B*42:02,0,376,0.20686838315867445,0.1918753768768413,0.9055595547294201,0.5932874354561102,0.6006093084715901,0,376,22879,HLA-B*42:01,350,0.9705882352941176
esm2_complex,HLA-B*44:05,3,352,-0.03883850477855339,-0.03473647658375234,1.1540150450315916,0.45270711024135685,0.5221794166208036,0,352,21704,HLA-B*45:01,368,0.7941176470588235
esm2_complex,HLA-B*45:01,4,368,0.17526459656858615,0.16400589415062142,0.8931841142049376,0.6676236044657097,0.5501416430594901,0,368,21621,HLA-B*41:01,368,0.9117647058823528
esm2_complex,HLA-B*46:01,1,361,0.10585487771502748,0.07876522908459681,0.7403595627697017,0.5325886352598348,0.5134874759152216,0,361,20511,HLA-B*07:02,647,0.7058823529411765
esm2_complex,HLA-B*51:01,3,353,0.07475573825379433,0.12038169572330051,1.0393575829311452,0.5808767951625095,0.5745560318432333,0,353,21704,HLA-B*35:01,650,0.7352941176470589
esm2_complex,HLA-B*54:01,4,357,0.22988421970423853,0.25802956815854994,0.847971612901899,0.6655598126862495,0.6586431639757073,0,357,21621,HLA-B*56:01,368,0.9411764705882352
esm2_complex,HLA-B*55:01,1,378,0.40058521282099513,0.42009305444692174,0.8421608361281822,0.7579617834394905,0.7313495832014351,0,378,20511,HLA-B*54:01,357,0.9411764705882352
esm2_complex,HLA-B*56:01,3,368,0.275383424946652,0.34198638231740286,0.9585788492311853,0.6913035484464055,0.7562130177514793,0,368,21704,HLA-B*54:01,357,0.9411764705882352
esm2_complex,HLA-B*57:01,4,349,0.5414215926084844,0.4405528119456059,0.8433951750010013,0.7074151280524122,0.7840773216420884,0,349,21621,HLA-B*58:01,379,0.9411764705882352
esm2_complex,HLA-B*57:02,4,363,0.33201860385014254,0.3344130683534031,0.6715223697723955,0.63472133247918,0.7860649546827795,0,363,21621,HLA-B*57:03,369,0.9705882352941176
esm2_complex,HLA-B*57:03,2,369,0.3959464539270117,0.3618016839943816,0.6114734061334653,0.6567164179104478,0.7157439446366781,0,369,21409,HLA-B*57:02,363,0.9705882352941176
esm2_complex,HLA-B*58:01,1,379,0.4806647107188016,0.5024714510678425,0.9625607512442967,0.7544051015271019,0.7738732569721116,0,379,20511,HLA-B*57:01,349,0.9411764705882352
esm2_complex,HLA-B*81:01,0,367,-0.0029827963617343922,-0.014109336668736608,0.7053692525046827,0.5425129087779691,0.021857923497267784,0,367,22879,HLA-B*42:01,350,0.8823529411764706
esm2_mean,HLA-A*01:01,2,220,-0.10674574060737628,-0.10789469552732789,1.2835243567287036,0.483780570652174,0.4693304953560371,0,220,21409,HLA-A*11:01,577,0.7352941176470589
esm2_mean,HLA-A*02:01,3,1023,0.15895291717984084,0.16752009991649755,1.292563369168698,0.5627819518533165,0.592025970996462,0,1023,21704,HLA-A*02:12,372,0.9705882352941176
esm2_mean,HLA-A*02:03,1,379,0.39880951606985227,0.3978703779745563,1.1649078632147845,0.679421935147126,0.6712428148892237,0,379,20511,HLA-A*02:01,1023,0.9411764705882352
esm2_mean,HLA-A*02:05,1,21,-0.07340045856431607,-0.13538629734426005,1.0355580933779815,0.4,0.5818181818181818,0,21,20511,HLA-A*02:50,375,0.9411764705882352
esm2_mean,HLA-A*02:10,1,370,0.33534157683609717,0.32453794450566364,1.208127320672517,0.6874265914963591,0.668248444585047,0,370,20511,HLA-A*02:01,1023,0.9411764705882352
esm2_mean,HLA-A*02:11,2,379,0.293545173494169,0.27967899146973935,0.8817613997781202,0.6594333936106089,0.6252697841726619,0,379,21409,HLA-A*02:01,1023,0.9411764705882352
esm2_mean,HLA-A*02:12,4,372,0.46563260435359877,0.46989745346981887,1.0447685457675913,0.7385197645079901,0.7249525987901405,0,372,21621,HLA-A*02:01,1023,0.9705882352941176
esm2_mean,HLA-A*02:16,0,373,0.32753471295292597,0.32607110788667143,1.0201560931712894,0.6758365927857454,0.6718270999386879,0,373,22879,HLA-A*02:01,1023,0.9705882352941176
esm2_mean,HLA-A*02:19,3,354,0.35260892989301273,0.35440609265948864,1.3314752733319986,0.655195656244149,0.6425079091170549,0,354,21704,HLA-A*02:12,372,0.9705882352941176
esm2_mean,HLA-A*02:50,4,375,0.26468232947237974,0.27059282523453154,0.9206531789280252,0.6477956361677292,0.6406990881458967,0,375,21621,HLA-A*02:01,1023,0.9411764705882352
esm2_mean,HLA-A*03:01,1,861,0.13944069153252342,0.10982286260489606,1.3689808894406506,0.5700505204624826,0.5590822551730847,0,861,20511,HLA-A*30:01,386,0.8823529411764706
esm2_mean,HLA-A*11:01,1,577,0.00032212902160720983,-0.0011834623618352715,2.043133503043609,0.5051277572612037,0.5027279719271259,0,577,20511,HLA-A*30:01,386,0.8235294117647058
esm2_mean,HLA-A*23:01,4,372,0.34354031944575214,0.32613063575745854,1.2733122094731717,0.6670673076923077,0.6418283362727807,0,372,21621,HLA-A*24:02,573,0.9705882352941176
esm2_mean,HLA-A*24:02,3,573,0.3129295566343745,0.31831891875205026,1.2603491009794963,0.6617212145110409,0.652293631730037,0,573,21704,HLA-A*24:03,512,0.9705882352941176
esm2_mean,HLA-A*24:03,2,512,0.3477795177574703,0.33708438937739116,1.1590851390732304,0.6450727079822755,0.6471503598521688,0,512,21409,HLA-A*24:02,573,0.9705882352941176
esm2_mean,HLA-A*24:07,2,352,0.25170654147894556,0.2430105968157431,1.0400964161017425,0.6016724783675578,0.6262715612560814,0,352,21409,HLA-A*24:02,573,0.9705882352941176
esm2_mean,HLA-A*24:19,3,378,0.13971342178496593,0.10192529111298168,0.5354698825063894,0.4882916707835194,0.5552560646900269,0,378,21704,HLA-A*24:07,352,0.8823529411764706
esm2_mean,HLA-A*25:01,3,363,0.19133691354762153,0.20115026023934438,0.9918337948191697,0.6188590820943762,0.6578238621061137,0,363,21704,HLA-A*26:01,272,0.8823529411764706
esm2_mean,HLA-A*26:01,2,272,0.12956118671529268,0.1416007775437591,1.3592366838341425,0.6131270338306625,0.6062937062937063,0,272,21409,HLA-A*43:01,359,0.9411764705882352
esm2_mean,HLA-A*26:02,2,343,0.20904448060824343,0.22831677612197587,1.6351258756630525,0.6268327916215239,0.6569946733950097,0,343,21409,HLA-A*43:01,359,0.9117647058823528
esm2_mean,HLA-A*26:03,3,341,0.29892261153088645,0.28859885218919024,1.010269926062733,0.6726053639846743,0.6798267957208355,0,341,21704,HLA-A*66:01,382,0.9411764705882352
esm2_mean,HLA-A*29:02,4,383,0.12509752024455337,0.12876159887017385,1.0224038748124786,0.5821428571428572,0.5681462512448429,0,383,21621,HLA-A*68:01,387,0.8235294117647058
esm2_mean,HLA-A*30:01,0,386,0.47952538058731453,0.40656540895569204,1.474618154757205,0.7284838795630162,0.7244388398486759,0,386,22879,HLA-A*03:01,861,0.8823529411764706
esm2_mean,HLA-A*30:02,4,367,0.1281628477070141,0.14742088382853852,0.9035314270468235,0.5712498212498213,0.5603260171993325,0,367,21621,HLA-A*30:01,386,0.8823529411764706
esm2_mean,HLA-A*31:01,4,382,0.3371503060416959,0.32471784524133945,1.4086161796747467,0.6584880636604775,0.6683106169296987,0,382,21621,HLA-A*74:01,361,0.9411764705882352
esm2_mean,HLA-A*32:01,3,32,0.622670389288625,0.6070828175974576,1.4261028838200733,0.8787878787878788,0.875,0,32,21704,HLA-A*32:07,364,0.9705882352941176
esm2_mean,HLA-A*32:07,0,364,0.13749790584315716,0.1880535031687069,1.4222803271775661,0.5824626501318231,0.6116382806163827,0,364,22879,HLA-A*32:01,32,0.9705882352941176
esm2_mean,HLA-A*33:03,0,371,-0.3375067858548951,-0.29789854357563317,1.7217886773029054,0.3151421282798834,0.3141873597895877,0,371,22879,HLA-A*31:01,382,0.9411764705882352
esm2_mean,HLA-A*43:01,0,359,-0.013507151025355406,0.015369189131614183,0.9907254217147301,0.5784271284271284,0.5674486803519061,0,359,22879,HLA-A*26:01,272,0.9411764705882352
esm2_mean,HLA-A*66:01,2,382,0.12960053110697414,0.17519750906009238,0.5762649601944813,0.6245535714285715,0.598596256684492,0,382,21409,HLA-A*26:03,341,0.9411764705882352
esm2_mean,HLA-A*68:01,0,387,-0.17434364686518253,-0.1793168193961142,1.6919932344261663,0.41933066933066926,0.37665505226480833,0,387,22879,HLA-A*68:23,369,0.9705882352941176
esm2_mean,HLA-A*68:02,0,16,0.1488581382717853,0.33499224036030223,0.9449087485279862,0.8928571428571429,0.9333333333333333,0,16,22879,HLA-A*68:23,369,0.9411764705882352
esm2_mean,HLA-A*68:23,2,369,-0.033004300011770654,-0.014190353075008589,1.4700671390900866,0.48222970445192664,0.49740356083086057,0,369,21409,HLA-A*68:01,387,0.9705882352941176
esm2_mean,HLA-A*69:01,0,15,-0.1639673425769834,-0.267252075637321,1.363611714611391,0.1538461538461538,,0,15,22879,HLA-A*68:23,369,0.8823529411764706
esm2_mean,HLA-A*74:01,0,361,0.20079101423488754,0.148342441803458,1.4875167359502077,0.6015533861361823,0.5627039627039627,0,361,22879,HLA-A*31:01,382,0.9411764705882352
esm2_mean,HLA-A*80:01,2,351,0.1916343052623807,0.2566088379976316,0.5003414672919708,0.7882882882882883,0.7752161383285303,0,351,21409,HLA-A*03:01,861,0.7647058823529411
esm2_mean,HLA-B*07:02,4,647,0.13844492875260989,0.13308906063699372,0.8258660710303791,0.5625256378702108,0.5617073925146923,0,647,21621,HLA-B*42:02,376,0.8529411764705882
esm2_mean,HLA-B*08:01,3,465,0.07763064963383494,0.07786669258182917,0.8569627512905291,0.6285403050108933,,0,465,21704,HLA-B*42:01,350,0.8823529411764706
esm2_mean,HLA-B*08:03,3,350,0.000613357215366048,0.03382912629290209,1.0130399312658134,0.6527115350644762,0.17191977077363896,0,350,21704,HLA-B*42:01,350,0.7647058823529411
esm2_mean,HLA-B*13:02,3,7,0.4076871241636057,0.6389189047803334,0.5728359087980567,0.6666666666666666,,0,7,21704,HLA-B*40:02,19,0.7647058823529411
esm2_mean,HLA-B*15:01,1,1070,0.06360756911387959,0.05525883883999505,1.4791922829574815,0.5322023728660055,0.5316033202271735,0,1070,20511,HLA-B*35:01,650,0.8235294117647058
esm2_mean,HLA-B*15:02,1,349,-0.026833618217892645,-0.03556996292688487,0.9760568482181115,0.49959661153691004,0.5369261477045908,0,349,20511,HLA-B*35:01,650,0.9117647058823528
esm2_mean,HLA-B*15:10,0,363,0.13866629992339602,0.1215085158187267,0.9709428768250059,0.6030267179335502,0.5875800612642718,0,363,22879,HLA-B*15:02,349,0.8529411764705882
esm2_mean,HLA-B*15:17,1,362,-0.10829373100844837,-0.08621394069575561,0.6545785510372536,0.45196034585569467,0.44848191214470284,0,362,20511,HLA-B*57:01,349,0.8235294117647058
esm2_mean,HLA-B*18:01,4,359,-0.16605476777174455,-0.15995950806375403,0.8921175945096343,0.3980089791138005,0.41933859325163675,0,359,21621,HLA-B*35:01,650,0.8235294117647058
esm2_mean,HLA-B*27:02,1,359,-0.002652214890058084,0.025968227416616065,1.3466441879289028,0.5203331381352072,0.5335857352222765,0,359,20511,HLA-B*27:05,366,0.9117647058823528
esm2_mean,HLA-B*27:03,3,368,0.540216942004604,0.5650020545705869,0.9852167967466403,0.7987968632506176,0.8304901960784314,0,368,21704,HLA-B*27:05,366,0.9705882352941176
esm2_mean,HLA-B*27:05,4,366,0.3791249661804833,0.42557411183662097,1.0280246223738554,0.7133299022130726,0.7548952250085881,0,366,21621,HLA-B*27:03,368,0.9705882352941176
esm2_mean,HLA-B*27:20,0,368,-0.24154851003177588,-0.1986260648313592,1.0380434189063454,0.4777385159010601,0.4589778380823157,0,368,22879,HLA-B*27:05,366,0.8823529411764706
esm2_mean,HLA-B*35:01,2,650,0.18600421587149885,0.16417550467271688,0.9037444434425687,0.5951895517536862,0.5975969318761223,0,650,21409,HLA-B*35:03,376,0.9705882352941176
esm2_mean,HLA-B*35:03,1,376,-0.04618144606708653,-0.052597612570098894,0.896566544953281,0.4979388770433547,0.5138280394304491,0,376,20511,HLA-B*35:01,650,0.9705882352941176
esm2_mean,HLA-B*35:08,0,27,0.10200706578014601,0.07979533906956551,0.582799486176615,0.5108695652173912,0.5,0,27,22879,HLA-B*35:01,650,0.9705882352941176
esm2_mean,HLA-B*39:01,2,680,0.150865184447859,0.11006208468613318,0.9112021993126453,0.579432141932142,0.5317185697808535,0,680,21409,HLA-B*39:10,376,0.9705882352941176
esm2_mean,HLA-B*39:02,2,375,0.005804490630048183,0.03487912203752877,0.9819523613916422,0.5093988917724627,0.5689308681672027,0,375,21409,HLA-B*39:10,376,0.9411764705882352
esm2_mean,HLA-B*39:10,1,376,0.22296188532391645,0.22885901577859621,1.4305045500401175,0.5999687304565353,0.576117713638936,0,376,20511,HLA-B*39:01,680,0.9705882352941176
esm2_mean,HLA-B*40:01,1,302,0.042326819896866756,0.008745153281706962,1.01345805122247,0.5959336543606206,,0,302,20511,HLA-B*40:02,19,0.9117647058823528
esm2_mean,HLA-B*40:02,0,19,0.40175438596491225,0.40043575595652225,0.9783986621342334,0.7666666666666666,0.7272727272727273,0,19,22879,HLA-B*40:01,302,0.9117647058823528
esm2_mean,HLA-B*41:01,2,368,0.27347317973902274,0.3236199970847196,1.0659982942173492,0.814706201802976,0.8681318681318682,0,368,21409,HLA-B*45:01,368,0.9117647058823528
esm2_mean,HLA-B*42:01,4,350,0.19611929312724058,0.21493233387126348,1.6122789481653375,0.6332604470359572,0.5855859107149302,0,350,21621,HLA-B*42:02,376,0.9705882352941176
esm2_mean,HLA-B*42:02,0,376,0.18464059309535485,0.18547557737740034,1.2771062728389087,0.5856282271944921,0.5891205403024519,0,376,22879,HLA-B*42:01,350,0.9705882352941176
esm2_mean,HLA-B*44:05,3,352,0.0027029301910892235,0.03312990361128999,0.8647799781339867,0.4959316098465341,0.5241973949733993,0,352,21704,HLA-B*45:01,368,0.7941176470588235
esm2_mean,HLA-B*45:01,4,368,0.18069290427285345,0.19150546398436036,0.6508059104931305,0.6916267942583731,0.6591123701605288,0,368,21621,HLA-B*41:01,368,0.9117647058823528
esm2_mean,HLA-B*46:01,1,361,-0.01767127605958173,-0.04488686876082032,0.6896091424776084,0.4528411850412822,0.37071290944123314,0,361,20511,HLA-B*07:02,647,0.7058823529411765
esm2_mean,HLA-B*51:01,3,353,-0.09750515057933655,-0.06066804483731765,1.1288431439968873,0.453363567649282,0.45106144111043067,0,353,21704,HLA-B*35:01,650,0.7352941176470589
esm2_mean,HLA-B*54:01,4,357,0.1961538204422454,0.26439679002287764,0.8563939339772052,0.6682843763303533,0.6995259961487187,0,357,21621,HLA-B*56:01,368,0.9411764705882352
esm2_mean,HLA-B*55:01,1,378,0.41253195295811185,0.45410283368894677,0.6817586991863397,0.7851313694267515,0.7841088952200064,0,378,20511,HLA-B*54:01,357,0.9411764705882352
esm2_mean,HLA-B*56:01,3,368,0.227760483191722,0.29781425329052086,0.7120139127983979,0.6829380400808972,0.7571005917159763,0,368,21704,HLA-B*54:01,357,0.9411764705882352
esm2_mean,HLA-B*57:01,4,349,0.28799574428726005,0.25927510856942004,1.0188994768949078,0.6348520945006948,0.6458416367742793,0,349,21621,HLA-B*58:01,379,0.9411764705882352
esm2_mean,HLA-B*57:02,4,363,0.3021287937800331,0.2830684678319716,1.11848123645148,0.6353939782190903,0.7032666163141994,0,363,21621,HLA-B*57:03,369,0.9705882352941176
esm2_mean,HLA-B*57:03,2,369,0.3356041921074221,0.31648380625196176,0.7008813456843801,0.6469061974893743,0.6988754325259516,0,369,21409,HLA-B*57:02,363,0.9705882352941176
esm2_mean,HLA-B*58:01,1,379,0.38647814097714633,0.3764759156246177,0.9745347797241742,0.6922302399731497,0.7348107569721115,0,379,20511,HLA-B*57:01,349,0.9411764705882352
esm2_mean,HLA-B*81:01,0,367,0.02482294481815704,0.046428554721218596,1.659058409186967,0.5547332185886403,0.5491803278688525,0,367,22879,HLA-B*42:01,350,0.8823529411764706
onehot_ridge,HLA-A*01:01,2,220,-0.1571151113007905,-0.1313427718799039,1.53310025546124,0.42399796195652173,0.4340170278637771,0,220,21409,HLA-A*11:01,577,0.7352941176470589
onehot_ridge,HLA-A*02:01,3,1023,0.3635477132949578,0.3468351271441892,1.2457979829767265,0.667988830873274,0.693067921153921,0,1023,21704,HLA-A*02:12,372,0.9705882352941176
onehot_ridge,HLA-A*02:03,1,379,0.3834296632084975,0.3760439243027413,1.4503684027229995,0.6771710054152802,0.679223170935878,0,379,20511,HLA-A*02:01,1023,0.9411764705882352
onehot_ridge,HLA-A*02:05,1,21,0.22020137569294815,0.11480092777976442,1.330483487054927,0.6111111111111112,0.609090909090909,0,21,20511,HLA-A*02:50,375,0.9411764705882352
onehot_ridge,HLA-A*02:10,1,370,0.3506667471056488,0.34570473360967224,1.0183845185363314,0.6822879962414846,0.6659285036380893,0,370,20511,HLA-A*02:01,1023,0.9411764705882352
onehot_ridge,HLA-A*02:11,2,379,0.4164824482645153,0.3797400105874055,1.2829294800670177,0.6754068716094033,0.6884892086330936,0,379,21409,HLA-A*02:01,1023,0.9411764705882352
onehot_ridge,HLA-A*02:12,4,372,0.5662623467301664,0.5491753009130445,1.4044644382812996,0.7728763666947014,0.7651307671471996,0,372,21621,HLA-A*02:01,1023,0.9705882352941176
onehot_ridge,HLA-A*02:16,0,373,0.4428065646490227,0.4472387702179675,1.3263816450072523,0.7294654498044328,0.7014408338442674,0,373,22879,HLA-A*02:01,1023,0.9705882352941176
onehot_ridge,HLA-A*02:19,3,354,0.40339713723842685,0.3888797206645243,1.322952517629899,0.6807339449541284,0.666602754609657,0,354,21704,HLA-A*02:12,372,0.9705882352941176
onehot_ridge,HLA-A*02:50,4,375,0.3364161319487264,0.32423219576567913,1.2394167630338562,0.6397144652958605,0.687629179331307,0,375,21621,HLA-A*02:01,1023,0.9411764705882352
onehot_ridge,HLA-A*03:01,1,861,0.35145161848568496,0.24223631994331543,1.2798293381363537,0.6754258072536986,0.659924401395239,0,861,20511,HLA-A*30:01,386,0.8823529411764706
onehot_ridge,HLA-A*11:01,1,577,0.22050871946985254,0.16270212553325358,1.6027351667054177,0.620421199720531,0.606691342594818,0,577,20511,HLA-A*30:01,386,0.8235294117647058
onehot_ridge,HLA-A*23:01,4,372,0.4441817197741185,0.43898653203091825,1.33836326815176,0.7321771978021978,0.6932980599647266,0,372,21621,HLA-A*24:02,573,0.9705882352941176
onehot_ridge,HLA-A*24:02,3,573,0.4796822982499157,0.49086839077475997,0.9899369251741031,0.7468700709779179,0.7603989688909719,0,573,21704,HLA-A*24:03,512,0.9705882352941176
onehot_ridge,HLA-A*24:03,2,512,0.47767780617518263,0.4717062853906467,1.0945562089781775,0.6972165012794109,0.7079037800687286,0,512,21409,HLA-A*24:02,573,0.9705882352941176
onehot_ridge,HLA-A*24:07,2,352,0.31760373892027854,0.31339950036926156,1.0075823316224146,0.6493930001291489,0.6400191655609611,0,352,21409,HLA-A*24:02,573,0.9705882352941176
onehot_ridge,HLA-A*24:19,3,378,0.2626985984362668,0.1680629948280742,1.1050562596565585,0.5655567631656951,0.6053138236426646,0,378,21704,HLA-A*24:07,352,0.8823529411764706
onehot_ridge,HLA-A*25:01,3,363,0.10959104530489426,0.13933807803320075,0.9973402571667747,0.5953458306399483,0.6051036897387557,0,363,21704,HLA-A*26:01,272,0.8823529411764706
onehot_ridge,HLA-A*26:01,2,272,0.15523100498667786,0.11981718756336225,1.009601233316375,0.5713145453429116,0.5909090909090908,0,272,21409,HLA-A*43:01,359,0.9411764705882352
onehot_ridge,HLA-A*26:02,2,343,0.24463961343533291,0.226739249419685,1.1319662725209538,0.649909714698447,0.6505466778805719,0,343,21409,HLA-A*43:01,359,0.9117647058823528
onehot_ridge,HLA-A*26:03,3,341,0.26044353173280876,0.24372210040616354,0.9380909241827312,0.6333333333333333,0.6749872643912379,0,341,21704,HLA-A*66:01,382,0.9411764705882352
onehot_ridge,HLA-A*29:02,4,383,0.3005984217100095,0.30472785331618024,0.9961416061850863,0.6607142857142857,0.6632522407170295,0,383,21621,HLA-A*68:01,387,0.8235294117647058
onehot_ridge,HLA-A*30:01,0,386,0.47114988712755834,0.34991071967738147,1.4369650365718896,0.7113309352517986,0.7021437578814628,0,386,22879,HLA-A*03:01,861,0.8823529411764706
onehot_ridge,HLA-A*30:02,4,367,0.21852223488739136,0.21101923796843425,0.8282623496111211,0.6218361218361218,0.5635990245154665,0,367,21621,HLA-A*30:01,386,0.8823529411764706
onehot_ridge,HLA-A*31:01,4,382,0.4046180384453901,0.4096485249961791,1.320691327174794,0.695540450928382,0.7228000956480153,0,382,21621,HLA-A*74:01,361,0.9411764705882352
onehot_ridge,HLA-A*32:01,3,32,0.4255925453803268,0.5852375637384188,1.252837929046032,0.7965367965367965,0.8333333333333333,0,32,21704,HLA-A*32:07,364,0.9705882352941176
onehot_ridge,HLA-A*32:07,0,364,0.19937047093514823,0.2548757109772547,1.3247011779335192,0.6449890961169157,0.6551500405515005,0,364,22879,HLA-A*32:01,32,0.9705882352941176
onehot_ridge,HLA-A*33:03,0,371,-0.28096159178317504,-0.1715358483237447,1.6182949558737423,0.35207118561710404,0.3773497331167324,0,371,22879,HLA-A*31:01,382,0.9411764705882352
onehot_ridge,HLA-A*43:01,0,359,0.13595017839727175,0.0882521548906395,0.8228342563420876,0.6195526695526695,0.5485500162919518,0,359,22879,HLA-A*26:01,272,0.9411764705882352
onehot_ridge,HLA-A*66:01,2,382,0.11683355259419924,0.22343477367815912,0.7790229886034046,0.5980357142857142,0.5588235294117647,0,382,21409,HLA-A*26:03,341,0.9411764705882352
onehot_ridge,HLA-A*68:01,0,387,-0.07773878903982694,-0.052288223235745036,1.512360255610437,0.454989454989455,0.4337282229965157,0,387,22879,HLA-A*68:23,369,0.9705882352941176
onehot_ridge,HLA-A*68:02,0,16,0.013264586578673935,0.1590813131461769,0.7794324701844074,0.7857142857142856,0.6,0,16,22879,HLA-A*68:23,369,0.9411764705882352
onehot_ridge,HLA-A*68:23,2,369,0.09850836852359876,0.0970892955584958,0.8130032743017678,0.5774878413767303,0.5700111275964392,0,369,21409,HLA-A*68:01,387,0.9705882352941176
onehot_ridge,HLA-A*69:01,0,15,-0.05283392149702798,-0.09943072478054177,0.8841144191928394,0.23076923076923073,,0,15,22879,HLA-A*68:23,369,0.8823529411764706
onehot_ridge,HLA-A*74:01,0,361,0.23969245117388835,0.24460983057783037,1.474061838006839,0.6097808067784123,0.5862803862803863,0,361,22879,HLA-A*31:01,382,0.9411764705882352
onehot_ridge,HLA-A*80:01,2,351,0.26267706070527214,0.2798214395164007,0.7106016010234805,0.77660994327661,0.7355907780979827,0,351,21409,HLA-A*03:01,861,0.7647058823529411
onehot_ridge,HLA-B*07:02,4,647,0.2999304586441495,0.2874395922938877,0.7782869499094525,0.635244892936254,0.658495721208372,0,647,21621,HLA-B*42:02,376,0.8529411764705882
onehot_ridge,HLA-B*08:01,3,465,0.07003760891144872,0.08824030458092406,0.8415575563033431,0.6561365286855483,,0,465,21704,HLA-B*42:01,350,0.8823529411764706
onehot_ridge,HLA-B*08:03,3,350,0.05348445814446726,0.11754664622871477,0.831077800282076,0.7221338986044868,0.7707736389684814,0,350,21704,HLA-B*42:01,350,0.7647058823529411
onehot_ridge,HLA-B*13:02,3,7,0.630061919161936,0.475576623492484,0.623178744737268,0.75,,0,7,21704,HLA-B*40:02,19,0.7647058823529411
onehot_ridge,HLA-B*15:01,1,1070,0.06761537042042953,0.048246684157213435,1.1510807782756642,0.5349646787121315,0.5294958497160331,0,1070,20511,HLA-B*35:01,650,0.8235294117647058
onehot_ridge,HLA-B*15:02,1,349,-0.06911935617194148,-0.05145246366756587,0.7057188651707782,0.4755949979830577,0.5598802395209581,0,349,20511,HLA-B*35:01,650,0.9117647058823528
onehot_ridge,HLA-B*15:10,0,363,0.24503861736058008,0.23082459312447134,0.8111119076991405,0.626737651582372,0.5969089390142022,0,363,22879,HLA-B*15:02,349,0.8529411764705882
onehot_ridge,HLA-B*15:17,1,362,-0.07142814365312464,-0.06226343848436598,0.708198970475176,0.4768559928443649,0.43782299741602065,0,362,20511,HLA-B*57:01,349,0.8235294117647058
onehot_ridge,HLA-B*18:01,4,359,-0.01785732831121566,-0.0016396676636367818,0.7485342165115676,0.4801548571800378,0.5413798892059762,0,359,21621,HLA-B*35:01,650,0.8235294117647058
onehot_ridge,HLA-B*27:02,1,359,0.06875839013979987,0.09403056437462541,1.2754531534097435,0.5493851259027913,0.6049910438039408,0,359,20511,HLA-B*27:05,366,0.9117647058823528
onehot_ridge,HLA-B*27:03,3,368,0.6755676467118829,0.6768458554935134,1.0903391878040116,0.861675081462384,0.8925,0,368,21704,HLA-B*27:05,366,0.9705882352941176
onehot_ridge,HLA-B*27:05,4,366,0.5778174473139173,0.5826655699282625,0.9293424152442454,0.8081574884199691,0.818275506698729,0,366,21621,HLA-B*27:03,368,0.9705882352941176
onehot_ridge,HLA-B*27:20,0,368,-0.1629763992314204,-0.11184729769882854,1.332999096219641,0.5573893161504885,0.6065128900949797,0,368,22879,HLA-B*27:05,366,0.8823529411764706
onehot_ridge,HLA-B*35:01,2,650,0.19230500566932315,0.19149210597012312,0.7417085113507637,0.6128790788838657,0.5617504267441088,0,650,21409,HLA-B*35:03,376,0.9705882352941176
onehot_ridge,HLA-B*35:03,1,376,-0.11326249087128089,-0.10502205723330918,0.7182781391879581,0.48181947405827996,0.3579545454545454,0,376,20511,HLA-B*35:01,650,0.9705882352941176
onehot_ridge,HLA-B*35:08,0,27,0.18655346264296974,0.1690472287452159,0.6672058353567226,0.5543478260869565,0.36,0,27,22879,HLA-B*35:01,650,0.9705882352941176
onehot_ridge,HLA-B*39:01,2,680,0.23700789057906535,0.20636824122580916,0.8862446030316832,0.6396497021497022,0.6634558433866393,0,680,21409,HLA-B*39:10,376,0.9705882352941176
onehot_ridge,HLA-B*39:02,2,375,-0.097027448063781,-0.07469182115413364,1.019028406604101,0.42898225433120574,0.46272106109324757,0,375,21409,HLA-B*39:10,376,0.9411764705882352
onehot_ridge,HLA-B*39:10,1,376,0.2743590243335683,0.27188791118545974,1.3710997519170578,0.6331769856160101,0.5984153933220148,0,376,20511,HLA-B*39:01,680,0.9705882352941176
onehot_ridge,HLA-B*40:01,1,302,-0.025835797271048653,-0.06541526160717462,0.4550867857123753,0.49684323167469235,,0,302,20511,HLA-B*40:02,19,0.9117647058823528
onehot_ridge,HLA-B*40:02,0,19,0.43684210526315786,0.47941637026068434,1.2009569406942788,0.7666666666666667,0.7272727272727273,0,19,22879,HLA-B*40:01,302,0.9117647058823528
onehot_ridge,HLA-B*41:01,2,368,0.3880455579696304,0.38935651427900175,0.9198538688561728,0.8394699685022265,0.9320054945054945,0,368,21409,HLA-B*45:01,368,0.9117647058823528
onehot_ridge,HLA-B*42:01,4,350,0.31260095851372444,0.33079171029352916,1.519101050558918,0.6916909620991253,0.6495362517593561,0,350,21621,HLA-B*42:02,376,0.9705882352941176
onehot_ridge,HLA-B*42:02,0,376,0.2727168951050832,0.2662690103719303,0.8783524310427925,0.6256167527251865,0.6307076787549551,0,376,22879,HLA-B*42:01,350,0.9705882352941176
onehot_ridge,HLA-B*44:05,3,352,0.08645895262718291,0.08835625122647535,0.920887047806906,0.5234661997459402,0.5853604843148046,0,352,21704,HLA-B*45:01,368,0.7941176470588235
onehot_ridge,HLA-B*45:01,4,368,0.20438163776623652,0.16463402207845385,0.8100674917692595,0.6754385964912281,0.5452313503305004,0,368,21621,HLA-B*41:01,368,0.9117647058823528
onehot_ridge,HLA-B*46:01,1,361,0.07539903967182751,0.04045363947732203,0.7501277127363356,0.5078193297717338,0.5046242774566474,0,361,20511,HLA-B*07:02,647,0.7058823529411765
onehot_ridge,HLA-B*51:01,3,353,0.014241110759096762,0.06842030611454175,1.1260627736594109,0.5526077097505669,0.5721575831802409,0,353,21704,HLA-B*35:01,650,0.7352941176470589
onehot_ridge,HLA-B*54:01,4,357,0.11308089545953445,0.1498636257308017,0.9338306815526013,0.6031077054065559,0.6002814397866982,0,357,21621,HLA-B*56:01,368,0.9411764705882352
onehot_ridge,HLA-B*55:01,1,378,0.3801354452362992,0.3658892646155226,0.9104671255278757,0.758359872611465,0.6971615490134008,0,378,20511,HLA-B*54:01,357,0.9411764705882352
onehot_ridge,HLA-B*56:01,3,368,0.2525448725154309,0.31297189208203385,0.9853178818842316,0.6909817981246552,0.7479289940828402,0,368,21704,HLA-B*54:01,357,0.9411764705882352
onehot_ridge,HLA-B*57:01,4,349,0.5288040221993787,0.4341811329831627,0.9947912948203746,0.7287075640262062,0.7797927461139895,0,349,21621,HLA-B*58:01,379,0.9411764705882352
onehot_ridge,HLA-B*57:02,4,363,0.33331389338295714,0.34240904597745736,0.6092971353114365,0.6518577834721334,0.7496223564954684,0,363,21621,HLA-B*57:03,369,0.9705882352941176
onehot_ridge,HLA-B*57:03,2,369,0.47299344062073573,0.440287468106631,0.625417437872152,0.7027775032124147,0.7643166089965399,0,369,21409,HLA-B*57:02,363,0.9705882352941176
onehot_ridge,HLA-B*58:01,1,379,0.5135515708302614,0.5183234885300745,0.9858159425339525,0.7761928735246406,0.7915836653386454,0,379,20511,HLA-B*57:01,349,0.9411764705882352
onehot_ridge,HLA-B*81:01,0,367,0.0823105176796497,0.08664344717836481,0.7564786034808776,0.5904475043029259,0.2213114754098361,0,367,22879,HLA-B*42:01,350,0.8823529411764706
