seed,policy,threshold,n_dev,rmse_log1p
0,random,1.0,1173,0.9318076488973183
0,random,0.9,1168,0.9325061485475006
0,random,0.8,1141,0.9331843804176231
0,random,0.7,1122,0.934142018039079
0,seqdiv,1.0,1173,0.9498536364341424
0,seqdiv,0.9,1168,0.9500572715044373
0,seqdiv,0.8,1137,0.9468190682224211
0,seqdiv,0.7,1115,0.9483506435764797
0,embdiv,1.0,1172,0.9596445293672962
0,embdiv,0.9,1169,0.9597521957795713
0,embdiv,0.8,1140,0.9504959593946262
0,embdiv,0.7,1122,0.9524261948467739
1,random,1.0,1170,0.9395005049749376
1,random,0.9,1166,0.9401087346552017
1,random,0.8,1136,0.9339869824554394
1,random,0.7,1122,0.935947235533143
1,seqdiv,1.0,1174,0.9514244708044481
1,seqdiv,0.9,1168,0.9518042456125654
1,seqdiv,0.8,1133,0.9438495462208586
1,seqdiv,0.7,1113,0.9455876798171073
1,embdiv,1.0,1174,0.9527963891493271
1,embdiv,0.9,1170,0.953057762427806
1,embdiv,0.8,1140,0.9450439178573874
1,embdiv,0.7,1124,0.9461172962195343
2,random,1.0,1170,0.9436296033225743
2,random,0.9,1167,0.9446703518647955
2,random,0.8,1144,0.9431996641633162
2,random,0.7,1128,0.9456668862338137
2,seqdiv,1.0,1173,0.9555430454697192
2,seqdiv,0.9,1165,0.9563278319777002
2,seqdiv,0.8,1139,0.9520254522672511
2,seqdiv,0.7,1122,0.9527364388333956
2,embdiv,1.0,1172,0.9618258466743324
2,embdiv,0.9,1169,0.9624558102315282
2,embdiv,0.8,1147,0.9556599234772079
2,embdiv,0.7,1130,0.9574166050298005
3,random,1.0,1175,0.9385553368201633
3,random,0.9,1171,0.9391782032643383
3,random,0.8,1146,0.9367286463048772
3,random,0.7,1131,0.9375279705089006
3,seqdiv,1.0,1175,0.9510477986070988
3,seqdiv,0.9,1168,0.9508171776014945
3,seqdiv,0.8,1137,0.9443415674569487
3,seqdiv,0.7,1119,0.9448602064871112
3,embdiv,1.0,1174,0.961325838941661
3,embdiv,0.9,1173,0.9614185954694762
3,embdiv,0.8,1147,0.953238520600979
3,embdiv,0.7,1129,0.9552678838670481
4,random,1.0,1169,0.9346260227565438
4,random,0.9,1167,0.9352677903632866
4,random,0.8,1149,0.9306461698636558
4,random,0.7,1135,0.9301446470988538
4,seqdiv,1.0,1172,0.9514888589419656
4,seqdiv,0.9,1165,0.9525675879035299
4,seqdiv,0.8,1134,0.9461311228187744
4,seqdiv,0.7,1115,0.9474011515681067
4,embdiv,1.0,1174,0.9537511757150139
4,embdiv,0.9,1173,0.9537576192515406
4,embdiv,0.8,1148,0.9446209245367527
4,embdiv,0.7,1131,0.9464937738724224
5,random,1.0,1175,0.9390716825145862
5,random,0.9,1171,0.9394825898183039
5,random,0.8,1152,0.9385389346477373
5,random,0.7,1140,0.939866360711178
5,seqdiv,1.0,1172,0.9565592257442597
5,seqdiv,0.9,1167,0.9570731313162871
5,seqdiv,0.8,1134,0.9517111520702901
5,seqdiv,0.7,1118,0.9531633753038807
5,embdiv,1.0,1172,0.9551486370093714
5,embdiv,0.9,1171,0.9552252412450907
5,embdiv,0.8,1143,0.9471185456560581
5,embdiv,0.7,1124,0.9497048355857094
6,random,1.0,1171,0.9354495271129802
6,random,0.9,1165,0.9363835150177756
6,random,0.8,1142,0.9342659852309664
6,random,0.7,1124,0.9344414953701097
6,seqdiv,1.0,1172,0.948945782844341
6,seqdiv,0.9,1165,0.9489927077891339
6,seqdiv,0.8,1134,0.940948031274985
6,seqdiv,0.7,1114,0.9417357929541803
6,embdiv,1.0,1172,0.9578530963198798
6,embdiv,0.9,1170,0.9574718342175395
6,embdiv,0.8,1145,0.9495814403744622
6,embdiv,0.7,1128,0.9510781599860615
7,random,1.0,1171,0.9400397645711625
7,random,0.9,1168,0.9409794713671477
7,random,0.8,1142,0.9368535183039666
7,random,0.7,1124,0.9384015352501892
7,seqdiv,1.0,1173,0.9519879753426226
7,seqdiv,0.9,1167,0.9527390808265005
7,seqdiv,0.8,1136,0.9450433228195328
7,seqdiv,0.7,1115,0.9461905888900716
7,embdiv,1.0,1173,0.9541071278553026
7,embdiv,0.9,1173,0.9541071278553026
7,embdiv,0.8,1148,0.9488164110122341
7,embdiv,0.7,1129,0.9509117937050638
8,random,1.0,1175,0.933799740205366
8,random,0.9,1169,0.934747663707387
8,random,0.8,1146,0.9336457789513549
8,random,0.7,1128,0.9356980433073833
8,seqdiv,1.0,1174,0.954148350398915
8,seqdiv,0.9,1168,0.9538706516998524
8,seqdiv,0.8,1136,0.947252315109785
8,seqdiv,0.7,1119,0.9489244509940574
8,embdiv,1.0,1173,0.9575419624471999
8,embdiv,0.9,1168,0.9572548863121775
8,embdiv,0.8,1138,0.9494434288992473
8,embdiv,0.7,1122,0.9505539441970853
9,random,1.0,1174,0.9452686225395439
9,random,0.9,1170,0.945520232423022
9,random,0.8,1148,0.9453561881203484
9,random,0.7,1132,0.9450767154584259
9,seqdiv,1.0,1173,0.9559040251841736
9,seqdiv,0.9,1167,0.9566375944521801
9,seqdiv,0.8,1134,0.9484862363797716
9,seqdiv,0.7,1118,0.9495665512462566
9,embdiv,1.0,1172,0.9544716956022177
9,embdiv,0.9,1169,0.9551527312719957
9,embdiv,0.8,1141,0.946838075714827
9,embdiv,0.7,1123,0.9487123108277516
