allele,fold,n_train_rows,n_test_rows,n_fold_train_rows,nearest_train_allele,nearest_train_allele_rows,max_identity_to_train_allele
HLA-A*02:16,0,0,373,22879,HLA-A*02:01,1023,0.9705882352941176
HLA-A*30:01,0,0,386,22879,HLA-A*03:01,861,0.8823529411764706
HLA-A*32:07,0,0,364,22879,HLA-A*32:01,32,0.9705882352941176
HLA-A*33:03,0,0,371,22879,HLA-A*31:01,382,0.9411764705882353
HLA-A*43:01,0,0,359,22879,HLA-A*26:01,272,0.9411764705882353
HLA-A*68:01,0,0,387,22879,HLA-A*68:23,369,0.9705882352941176
HLA-A*68:02,0,0,16,22879,HLA-A*68:23,369,0.9411764705882353
HLA-A*69:01,0,0,15,22879,HLA-A*68:23,369,0.8823529411764706
HLA-A*74:01,0,0,361,22879,HLA-A*31:01,382,0.9411764705882353
HLA-B*15:10,0,0,363,22879,HLA-B*15:02,349,0.8529411764705882
HLA-B*27:20,0,0,368,22879,HLA-B*27:05,366,0.8823529411764706
HLA-B*35:08,0,0,27,22879,HLA-B*35:01,650,0.9705882352941176
HLA-B*40:02,0,0,19,22879,HLA-B*40:01,302,0.9117647058823529
HLA-B*42:02,0,0,376,22879,HLA-B*42:01,350,0.9705882352941176
HLA-B*81:01,0,0,367,22879,HLA-B*42:01,350,0.8823529411764706
HLA-A*02:03,1,0,379,20511,HLA-A*02:01,1023,0.9411764705882353
HLA-A*02:05,1,0,21,20511,HLA-A*02:50,375,0.9411764705882353
HLA-A*02:10,1,0,370,20511,HLA-A*02:01,1023,0.9411764705882353
HLA-A*03:01,1,0,861,20511,HLA-A*30:01,386,0.8823529411764706
HLA-A*11:01,1,0,577,20511,HLA-A*30:01,386,0.8235294117647058
HLA-B*15:01,1,0,1070,20511,HLA-B*35:01,650,0.8235294117647058
HLA-B*15:02,1,0,349,20511,HLA-B*35:01,650,0.9117647058823529
HLA-B*15:17,1,0,362,20511,HLA-B*57:01,349,0.8235294117647058
HLA-B*27:02,1,0,359,20511,HLA-B*27:05,366,0.9117647058823529
HLA-B*35:03,1,0,376,20511,HLA-B*35:01,650,0.9705882352941176
HLA-B*39:10,1,0,376,20511,HLA-B*39:01,680,0.9705882352941176
HLA-B*40:01,1,0,302,20511,HLA-B*40:02,19,0.9117647058823529
HLA-B*46:01,1,0,361,20511,HLA-B*07:02,647,0.7058823529411765
HLA-B*55:01,1,0,378,20511,HLA-B*54:01,357,0.9411764705882353
HLA-B*58:01,1,0,379,20511,HLA-B*57:01,349,0.9411764705882353
HLA-A*01:01,2,0,220,21409,HLA-A*11:01,577,0.7352941176470589
HLA-A*02:11,2,0,379,21409,HLA-A*02:01,1023,0.9411764705882353
HLA-A*24:03,2,0,512,21409,HLA-A*24:02,573,0.9705882352941176
HLA-A*24:07,2,0,352,21409,HLA-A*24:02,573,0.9705882352941176
HLA-A*26:01,2,0,272,21409,HLA-A*43:01,359,0.9411764705882353
HLA-A*26:02,2,0,343,21409,HLA-A*43:01,359,0.9117647058823529
HLA-A*66:01,2,0,382,21409,HLA-A*26:03,341,0.9411764705882353
HLA-A*68:23,2,0,369,21409,HLA-A*68:01,387,0.9705882352941176
HLA-A*80:01,2,0,351,21409,HLA-A*03:01,861,0.7647058823529411
HLA-B*35:01,2,0,650,21409,HLA-B*35:03,376,0.9705882352941176
HLA-B*39:01,2,0,680,21409,HLA-B*39:10,376,0.9705882352941176
HLA-B*39:02,2,0,375,21409,HLA-B*39:10,376,0.9411764705882353
HLA-B*41:01,2,0,368,21409,HLA-B*45:01,368,0.9117647058823529
HLA-B*57:03,2,0,369,21409,HLA-B*57:02,363,0.9705882352941176
HLA-A*02:01,3,0,1023,21704,HLA-A*02:12,372,0.9705882352941176
HLA-A*02:19,3,0,354,21704,HLA-A*02:12,372,0.9705882352941176
HLA-A*24:02,3,0,573,21704,HLA-A*24:03,512,0.9705882352941176
HLA-A*24:19,3,0,378,21704,HLA-A*24:07,352,0.8823529411764706
HLA-A*25:01,3,0,363,21704,HLA-A*26:01,272,0.8823529411764706
HLA-A*26:03,3,0,341,21704,HLA-A*66:01,382,0.9411764705882353
HLA-A*32:01,3,0,32,21704,HLA-A*32:07,364,0.9705882352941176
HLA-B*08:01,3,0,465,21704,HLA-B*42:01,350,0.8823529411764706
HLA-B*08:03,3,0,350,21704,HLA-B*42:01,350,0.7647058823529411
HLA-B*13:02,3,0,7,21704,HLA-B*40:02,19,0.7647058823529411
HLA-B*27:03,3,0,368,21704,HLA-B*27:05,366,0.9705882352941176
HLA-B*44:05,3,0,352,21704,HLA-B*45:01,368,0.7941176470588235
HLA-B*51:01,3,0,353,21704,HLA-B*35:01,650,0.7352941176470589
HLA-B*56:01,3,0,368,21704,HLA-B*54:01,357,0.9411764705882353
HLA-A*02:12,4,0,372,21621,HLA-A*02:01,1023,0.9705882352941176
HLA-A*02:50,4,0,375,21621,HLA-A*02:01,1023,0.9411764705882353
HLA-A*23:01,4,0,372,21621,HLA-A*24:02,573,0.9705882352941176
HLA-A*29:02,4,0,383,21621,HLA-A*68:01,387,0.8235294117647058
HLA-A*30:02,4,0,367,21621,HLA-A*30:01,386,0.8823529411764706
HLA-A*31:01,4,0,382,21621,HLA-A*74:01,361,0.9411764705882353
HLA-B*07:02,4,0,647,21621,HLA-B*42:02,376,0.8529411764705882
HLA-B*18:01,4,0,359,21621,HLA-B*35:01,650,0.8235294117647058
HLA-B*27:05,4,0,366,21621,HLA-B*27:03,368,0.9705882352941176
HLA-B*42:01,4,0,350,21621,HLA-B*42:02,376,0.9705882352941176
HLA-B*45:01,4,0,368,21621,HLA-B*41:01,368,0.9117647058823529
HLA-B*54:01,4,0,357,21621,HLA-B*56:01,368,0.9411764705882353
HLA-B*57:01,4,0,349,21621,HLA-B*58:01,379,0.9411764705882353
HLA-B*57:02,4,0,363,21621,HLA-B*57:03,369,0.9705882352941176
